keys,zh_TW,en,_source,_note
只支援 ogg、wav、mp3 檔案。,只支援 ogg、wav、mp3 檔案。,"Only ogg, wav and mp3 files are supported.",scripts/audio/alarm_sounds.gd:19 (共 2 處),
無法開啟這個檔案。,無法開啟這個檔案。,Unable to open this file.,scripts/audio/alarm_sounds.gd:22 (共 4 處),
"檔案太大了(上限 %d KB),請將音檔修剪或壓縮後再嘗試。","檔案太大了(上限 %d KB),請將音檔修剪或壓縮後再嘗試。",The file is too large (limit %d KB). Please trim or compress the audio and try again.,scripts/audio/alarm_sounds.gd:24 (共 2 處),
"這個檔案無法解碼,可能已經毀損或格式不正確。","這個檔案無法解碼,可能已經毀損或格式不正確。",This file could not be decoded. It may be corrupted or in the wrong format.,scripts/audio/alarm_sounds.gd:29 (共 2 處),
"音檔時間太長了(%.1f 秒,上限 %.0f 秒);請用更簡短的音效。","音檔時間太長了(%.1f 秒,上限 %.0f 秒);請用更簡短的音效。","The audio is too long (%.1f s, limit %.0f s). Please use a shorter sound.",scripts/audio/alarm_sounds.gd:31 (共 2 處),
音效,音效,Sound,scripts/audio/alarm_sounds.gd:34 (共 2 處),
"無法儲存音檔,請檢查磁碟空間或權限。","無法儲存音檔,請檢查磁碟空間或權限。",Unable to save the audio file. Please check disk space or permissions.,scripts/audio/alarm_sounds.gd:37 (共 2 處),
已加入提醒音效庫(%.2f 秒)。,已加入提醒音效庫(%.2f 秒)。,Added to the reminder sound library (%.2f s).,scripts/audio/alarm_sounds.gd:40,
已導入(%.2f 秒)。,已導入(%.2f 秒)。,Imported (%.2f s).,scripts/audio/pet_voice.gd:45,
地面,地面,Ground,scripts/desktop_shell/desktop_shell.gd:34 (共 2 處),
飛行,飛行,Flying,scripts/desktop_shell/desktop_shell.gd:34 (共 2 處),
漂浮,漂浮,Floating,scripts/desktop_shell/desktop_shell.gd:34 (共 2 處),
預設組資料更新,預設組資料更新,Default Set Data Update,scripts/desktop_shell/desktop_shell.gd:163,
"這個版本更新了預設內容(性格、狀態鏡、反應事件等)的資料。
是否要追加新的預設內容到既有桌寵上?
這不會覆蓋自定義內容與手動調整過的預設參數。

(手動調整過的預設參數要同步的話,到桌寵管理的「性格」分頁按「重設此性格副本」。)

會更新:%s","這個版本更新了預設內容(性格、狀態鏡、反應事件等)的資料。
是否要追加新的預設內容到既有桌寵上?
這不會覆蓋自定義內容與手動調整過的預設參數。

(手動調整過的預設參數要同步的話,到桌寵管理的「性格」分頁按「重設此性格副本」。)

會更新:%s","This version updates the default content data (personalities, state lenses, reaction events, etc.).
Add the new default content to your existing pets?
This will not overwrite custom content or default parameters you have adjusted manually.

(To sync default parameters you have adjusted manually, go to the “Personality” tab in Pet Manager and click “Reset this personality copy”.)

Will update: %s",scripts/desktop_shell/desktop_shell.gd:170,
追加新預設內容,追加新預設內容,Add New Defaults,scripts/desktop_shell/desktop_shell.gd:172,
之後再說,之後再說,Maybe Later,scripts/desktop_shell/desktop_shell.gd:173,
這一版不要再問,這一版不要再問,Don't Ask Again This Version,scripts/desktop_shell/desktop_shell.gd:174,
選擇語言 / Choose Language,選擇語言 / Choose Language,,scripts/desktop_shell/desktop_shell.gd:204,
"請選擇介面與桌寵預設語言(之後可以在「全局設定」改介面語系)。
Please choose the interface and default pet language (you can change this later in Global Settings).","請選擇介面與桌寵預設語言(之後可以在「全局設定」改介面語系)。
Please choose the interface and default pet language (you can change this later in Global Settings).",,scripts/desktop_shell/desktop_shell.gd:208,
繁體中文,繁體中文,繁體中文,scripts/desktop_shell/desktop_shell.gd:210 (共 2 處),
"已保存的積木檔載入失敗(%s),強制退場;請重新導入正確的積木檔","已保存的積木檔載入失敗(%s),強制退場;請重新導入正確的積木檔",Failed to load the saved block file (%s). Forcing the pet to leave; please re-import a valid block file.,scripts/desktop_shell/desktop_shell.gd:350,
素材包載入失敗:%s(資料夾:%s),素材包載入失敗:%s(資料夾:%s),Failed to load asset pack: %s (folder: %s),scripts/desktop_shell/desktop_shell.gd:493 (共 2 處),
素材包,素材包,Asset pack,scripts/desktop_shell/desktop_shell.gd:495,
;開機自動召喚時略過此角色,;開機自動召喚時略過此角色,; skipped when auto-summoning at startup,scripts/desktop_shell/desktop_shell.gd:495,
選擇素材包資料夾,選擇素材包資料夾,Choose Asset Pack Folder,scripts/desktop_shell/desktop_shell.gd:505,
角色庫,角色庫,Character Library,scripts/desktop_shell/desktop_shell.gd:538 (共 2 處),
桌寵管理 - %s,桌寵管理 - %s,Pet Management - %s,scripts/desktop_shell/desktop_shell.gd:546,
精靈圖編輯器,精靈圖編輯器,Sprite Editor,scripts/desktop_shell/desktop_shell.gd:562 (共 8 處),
無法開啟素材包:%s(%s),無法開啟素材包:%s(%s),Unable to open asset pack: %s (%s),scripts/desktop_shell/desktop_shell.gd:562 (共 2 處),
切換,切換,switch,scripts/desktop_shell/desktop_shell.gd:562 (共 3 處),
存檔後重新載入素材包失敗:%s,存檔後重新載入素材包失敗:%s,Failed to reload the asset pack after saving: %s,scripts/desktop_shell/desktop_shell.gd:590,
無法開啟道具貼圖:%s(%s),無法開啟道具貼圖:%s(%s),Unable to open prop texture: %s (%s),scripts/desktop_shell/desktop_shell.gd:605 (共 2 處),
無法開啟家具貼圖:%s(%s),無法開啟家具貼圖:%s(%s),Unable to open the furniture sprite: %s (%s),scripts/desktop_shell/desktop_shell.gd:626 (共 2 處),
收起桌寵,收起桌寵,Put Pet Away,scripts/desktop_shell/desktop_shell.gd:678,
"「%s」正在幫你計時:
%s

收起來之前,計時要怎麼處理?","「%s」正在幫你計時:
%s

收起來之前,計時要怎麼處理?","“%s” is timing something for you:
%s

What should happen to the timer before it is put away?",scripts/desktop_shell/desktop_shell.gd:683,
暫停計時並收起,暫停計時並收起,Pause Timer and Put Away,scripts/desktop_shell/desktop_shell.gd:685,
先不收起,先不收起,Don't Put Away,scripts/desktop_shell/desktop_shell.gd:686,
取消計時並收起,取消計時並收起,Cancel Timer and Put Away,scripts/desktop_shell/desktop_shell.gd:687,
檢查更新,檢查更新,Check for Updates,scripts/desktop_shell/desktop_shell.gd:709,
前往下載頁,前往下載頁,Go to Download Page,scripts/desktop_shell/desktop_shell.gd:716,
通用金幣,金錢,Money,scripts/desktop_shell/desktop_shell.gd:747,
好感度,好感度,Affection,scripts/desktop_shell/desktop_shell.gd:754 (共 3 處),
飽食度,飽食度,Fullness,scripts/desktop_shell/desktop_shell.gd:755,
心情,心情,Mood,scripts/desktop_shell/desktop_shell.gd:756 (共 2 處),
神秘彩蛋,蛋,Egg,scripts/desktop_shell/desktop_shell.gd:757,
導出 Schema,導出 Schema,Export Schema,scripts/desktop_shell/desktop_shell.gd:955 (共 2 處),
導入積木檔,導入積木檔,Import Block File,scripts/desktop_shell/desktop_shell.gd:966,
家具欄(編輯模式),家具欄(編輯模式),Furniture Tray (Edit Mode),scripts/desktop_shell/furniture_bar.gd:178,
還沒有家具,還沒有家具,No furniture yet,scripts/desktop_shell/furniture_bar.gd:180,
到「家具庫」新增,到「家具庫」新增,"Add one in the ""Furniture Library""",scripts/desktop_shell/furniture_bar.gd:181,
道具欄,道具欄,Prop Tray,scripts/desktop_shell/hover_ball.gd:28 (共 2 處),
角色庫…,角色庫…,Character Library…,scripts/desktop_shell/hover_ball.gd:29 (共 2 處),
桌寵管理…,桌寵管理…,Pet Manager…,scripts/desktop_shell/hover_ball.gd:30 (共 3 處),
道具管理…,道具管理…,Prop Manager…,scripts/desktop_shell/hover_ball.gd:31 (共 2 處),
家具庫…,家具庫…,Furniture Library…,scripts/desktop_shell/hover_ball.gd:32 (共 2 處),
全局設定…,全局設定…,Global Settings…,scripts/desktop_shell/hover_ball.gd:33 (共 2 處),
測試者面板…,測試者面板…,Tester Panel…,scripts/desktop_shell/hover_ball.gd:34 (共 2 處),
精靈圖編輯器…,精靈圖編輯器…,Sprite Editor…,scripts/desktop_shell/hover_ball.gd:35 (共 2 處),
清掃桌面道具,清掃桌面道具,Clear Props from Desktop,scripts/desktop_shell/hover_ball.gd:36 (共 2 處),
還沒有道具,還沒有道具,No props yet,scripts/desktop_shell/hover_ball.gd:398,
到「道具管理」新增,到「道具管理」新增,Add some in “Prop Manager”,scripts/desktop_shell/hover_ball.gd:399,
地面模式,地面模式,Ground Mode,scripts/desktop_shell/tray_controller.gd:73 (共 2 處),
飛行模式,飛行模式,Flying Mode,scripts/desktop_shell/tray_controller.gd:73 (共 2 處),
漂浮模式,漂浮模式,Floating Mode,scripts/desktop_shell/tray_controller.gd:73 (共 2 處),
固定模式,固定模式,Fixed Mode,scripts/desktop_shell/tray_controller.gd:73 (共 2 處),
靜止模式,靜止模式,Stationary Mode,scripts/desktop_shell/tray_controller.gd:73 (共 2 處),
史萊姆桌寵引擎,史萊姆桌寵引擎,Slime Desktop Pet Engine,scripts/desktop_shell/tray_controller.gd:96 (共 2 處),
"強制休息(坐下,可能再躺下/睡著)","強制休息(坐下,可能再躺下/睡著)","Force rest (sits down, may then lie down / fall asleep)",scripts/desktop_shell/tray_controller.gd:136,
說點什麼,說點什麼,Say Something,scripts/desktop_shell/tray_controller.gd:138 (共 3 處),
導出 Schema…,導出 Schema…,Export Schema…,scripts/desktop_shell/tray_controller.gd:140 (共 2 處),
導入積木檔…,導入積木檔…,Import Block File…,scripts/desktop_shell/tray_controller.gd:141,
以這隻為本體(同步給同角色所有複製品),以這隻為本體(同步給同角色所有複製品),Make this one the primary (sync to all clones of the same character),scripts/desktop_shell/tray_controller.gd:143,
移除這隻桌寵,移除這隻桌寵,Remove This Pet,scripts/desktop_shell/tray_controller.gd:144,
開啟網頁編輯工具(需要連網),開啟網頁編輯工具(需要連網),Open Web Editor (internet required),scripts/desktop_shell/tray_controller.gd:160,
檢查更新…(需要連網),檢查更新…(需要連網),Check for Updates… (requires internet),scripts/desktop_shell/tray_controller.gd:161,
完全退出,完全退出,Quit Completely,scripts/desktop_shell/tray_controller.gd:165,
行動區重設,行動區重設,Reset Activity Area,scripts/desktop_shell/tray_controller.gd:172,
浮動視窗重設,浮動視窗重設,Reset Floating Windows,scripts/desktop_shell/tray_controller.gd:173,
顯示/隱藏行動區邊框,顯示/隱藏行動區邊框,Show/Hide Activity Area Border,scripts/desktop_shell/tray_controller.gd:174,
重新排開半身立繪,重新排開半身立繪,Rearrange Bust Portraits,scripts/desktop_shell/tray_controller.gd:175,
顯示穿透範圍(除錯),顯示穿透範圍(除錯),Show Click-through Area (debug),scripts/desktop_shell/tray_controller.gd:176,
開啟除錯資料夾(錯誤紀錄),開啟除錯資料夾(錯誤紀錄),Open Debug Folder (error logs),scripts/desktop_shell/tray_controller.gd:178,
自動閒聊(全部桌寵),自動閒聊(全部桌寵),Auto Chat (all pets),scripts/desktop_shell/tray_controller.gd:198,
從素材包資料夾放一隻桌寵…,從素材包資料夾放一隻桌寵…,Place a Pet from an Asset Pack Folder…,scripts/desktop_shell/tray_controller.gd:201,
再放一隻:%s,再放一隻:%s,Place Another: %s,scripts/desktop_shell/tray_controller.gd:204,
再放一隻範例桌寵,再放一隻範例桌寵,Place Another Sample Pet,scripts/desktop_shell/tray_controller.gd:209,
"放一隻 Buddy(測試多角色積木用,辨識代號 buddy)","放一隻 Buddy(測試多角色積木用,辨識代號 buddy)",Place a Buddy (for testing multi-character blocks; recognition tag: buddy),scripts/desktop_shell/tray_controller.gd:210,
放一隻半身立繪 A(固定在底部),放一隻半身立繪 A(固定在底部),Place Bust Portrait A (fixed at bottom),scripts/desktop_shell/tray_controller.gd:212,
放一隻半身立繪 B(固定在底部),放一隻半身立繪 B(固定在底部),Place Bust Portrait B (fixed at bottom),scripts/desktop_shell/tray_controller.gd:213,
召喚 / 測試用,召喚 / 測試用,Summon / Testing,scripts/desktop_shell/tray_controller.gd:217,
"沒辦法連線檢查更新,請確認網路連線後再試一次。","沒辦法連線檢查更新,請確認網路連線後再試一次。",Couldn't connect to check for updates. Please check your internet connection and try again.,scripts/desktop_shell/update_checker.gd:37,
"沒辦法連線檢查更新(代碼 %d),請稍後再試一次。","沒辦法連線檢查更新(代碼 %d),請稍後再試一次。",Couldn't connect to check for updates (code %d). Please try again later.,scripts/desktop_shell/update_checker.gd:42,
"更新資訊的格式看不懂,晚點再試試看。","更新資訊的格式看不懂,晚點再試試看。",Couldn't understand the update info format. Please try again later.,scripts/desktop_shell/update_checker.gd:46,
有新版本可以更新:%s(目前是 %s)。,有新版本可以更新:%s(目前是 %s)。,A new version is available: %s (currently %s).,scripts/desktop_shell/update_checker.gd:51,
已經是最新版本(%s)。,已經是最新版本(%s)。,You're already on the latest version (%s).,scripts/desktop_shell/update_checker.gd:53,
[color=#4cc36a][b]成功![/b][/color],[color=#4cc36a][b]成功![/b][/color],[color=#4cc36a][b]Success![/b][/color],scripts/games/dice_game.gd:47,
[color=#ff5a5a][b]失敗……[/b][/color],[color=#ff5a5a][b]失敗……[/b][/color],[color=#ff5a5a][b]Failed...[/b][/color],scripts/games/dice_game.gd:47,
"
檢定 ≥ %d:%s","
檢定 ≥ %d:%s","
Check ≥ %d: %s",scripts/games/dice_game.gd:48,
平手!再擲一次!,平手!再擲一次!,It's a tie! Roll again!,scripts/games/dice_game.gd:109,
拚骰,拚骰,Dice Duel,scripts/games/dice_game.gd:126 (共 5 處),
一個人沒辦法拚骰啦……,一個人沒辦法拚骰啦……,You can't have a dice duel alone...,scripts/games/dice_game.gd:137,
第 %d 局!,第 %d 局!,Round %d!,scripts/games/dice_game.gd:153,
輸了這局……,輸了這局……,Lost this round...,scripts/games/dice_game.gd:170 (共 2 處),
這局平手,這局平手,This round is a tie,scripts/games/dice_game.gd:170,
[b]贏了這局![/b],[b]贏了這局![/b],[b]You won this round![/b],scripts/games/dice_game.gd:170 (共 2 處),
"%s
(已贏 %d 局)","%s
(已贏 %d 局)","%s
(%d rounds won)",scripts/games/dice_game.gd:171,
沒有人,沒有人,Nobody,scripts/games/dice_game.gd:188,
耶!我贏了~,耶!我贏了~,Yay! I won~,scripts/games/game_chat.gd:7,
"哼哼,運氣不錯嘛。","哼哼,運氣不錯嘛。","Hmph, not bad luck.",scripts/games/game_chat.gd:7,
太好了!,太好了!,Yay!,scripts/games/game_chat.gd:7,
"嘿嘿,承讓承讓。","嘿嘿,承讓承讓。","Hehe, thanks for the game.",scripts/games/game_chat.gd:7,
可、可惡!再來一次!,可、可惡!再來一次!,D-damn it! One more time!,scripts/games/game_chat.gd:8,
這、這次不算啦!!,這、這次不算啦!!,T-that one doesn't count!!,scripts/games/game_chat.gd:8,
(氣鼓鼓)……,(氣鼓鼓)……,(Puffing up in a huff)...,scripts/games/game_chat.gd:8,
哼!運氣而已!,哼!運氣而已!,Hmph! It was just luck!,scripts/games/game_chat.gd:8,
氣死我了!!再來!!,氣死我了!!再來!!,I'm so mad!! Again!!,scripts/games/game_chat.gd:9,
怎麼又輸!!不服氣!!,怎麼又輸!!不服氣!!,Lost again?! I refuse to accept it!!,scripts/games/game_chat.gd:9,
"(整隻鼓成一團,抖個不停)","(整隻鼓成一團,抖個不停)","(Puffs up into a ball, trembling nonstop)",scripts/games/game_chat.gd:9,
再來一次!,再來一次!,One more time!,scripts/games/game_chat.gd:10,
居然平手……,居然平手……,"A tie, really...",scripts/games/game_chat.gd:10,
平手?!,平手?!,A tie?!,scripts/games/game_chat.gd:10,
"(雖然想邀請%s玩%s,但看起來對方正在忙……)","(雖然想邀請%s玩%s,但看起來對方正在忙……)","(Wanted to invite %s to play %s, but they seem busy...)",scripts/games/game_chat.gd:48,
要不要來玩剪刀石頭布?,要不要來玩剪刀石頭布?,Wanna play Rock-Paper-Scissors?,scripts/games/game_invite.gd:9,
要不要跟我猜個拳?,要不要跟我猜個拳?,Wanna play Rock-Paper-Scissors with me?,scripts/games/game_invite.gd:9,
無聊耶……來猜拳好不好?,無聊耶……來猜拳好不好?,I'm bored... wanna play Rock-Paper-Scissors?,scripts/games/game_invite.gd:9,
要不要跟我賭一把運氣?,要不要跟我賭一把運氣?,Wanna gamble on your luck with me?,scripts/games/game_invite.gd:10,
要不要擲骰子比一場?,要不要擲骰子比一場?,Wanna roll dice and have a match?,scripts/games/game_invite.gd:10,
"要不要來拚骰子,比誰的點數大?","要不要來拚骰子,比誰的點數大?",Wanna have a dice duel and see who rolls higher?,scripts/games/game_invite.gd:10,
要不要來下一盤井字棋?,要不要來下一盤井字棋?,Wanna play a round of tic-tac-toe?,scripts/games/game_invite.gd:11,
來玩井字棋好不好?,來玩井字棋好不好?,Fancy a game of tic-tac-toe?,scripts/games/game_invite.gd:11,
無聊耶……陪我玩井字棋嘛?,無聊耶……陪我玩井字棋嘛?,I'm bored... play tic-tac-toe with me?,scripts/games/game_invite.gd:11,
猜拳,猜拳,Rock-Paper-Scissors,scripts/games/game_invite.gd:13 (共 5 處),
井字棋,井字棋,Tic-Tac-Toe,scripts/games/game_invite.gd:13 (共 4 處),
"要不要一起拚骰子,比誰的點數大?","要不要一起拚骰子,比誰的點數大?",Wanna have a dice duel together and see who rolls higher?,scripts/games/game_invite.gd:14,
要不要一起擲骰子比一場?,要不要一起擲骰子比一場?,Wanna roll dice together and have a match?,scripts/games/game_invite.gd:14,
"來就來,誰怕誰!","來就來,誰怕誰!","Bring it on, I'm not scared!",scripts/games/game_invite.gd:15,
"嘿嘿,奉陪!","嘿嘿,奉陪!","Hehe, I'm in!",scripts/games/game_invite.gd:15,
"好啊,來吧!","好啊,來吧!","Sure, let's go!",scripts/games/game_invite.gd:15,
……呼……(睡得很沉),……呼……(睡得很沉),...Zzz... (sleeping soundly),scripts/games/game_invite.gd:17,
現在沒空啦!,現在沒空啦!,I'm busy right now!,scripts/games/game_invite.gd:18,
等一下再說~,等一下再說~,Maybe later~,scripts/games/game_invite.gd:18,
我正忙著呢!,我正忙著呢!,I'm in the middle of something!,scripts/games/game_invite.gd:18,
沒心情……,沒心情……,Not in the mood...,scripts/games/game_invite.gd:19,
現在不想玩。,現在不想玩。,Don't feel like playing right now.,scripts/games/game_invite.gd:19,
……別來煩我。,……別來煩我。,...Don't bother me.,scripts/games/game_invite.gd:19,
這次就算了吧~,這次就算了吧~,Let's skip it this time~,scripts/games/game_invite.gd:20,
"不要,我不想玩。","不要,我不想玩。","No, I don't want to play.",scripts/games/game_invite.gd:20,
下次吧!,下次吧!,Next time!,scripts/games/game_invite.gd:20,
不玩。,不玩。,Not playing.,scripts/games/game_invite.gd:21,
別找我對戰啦。,別找我對戰啦。,Stop challenging me.,scripts/games/game_invite.gd:21,
我不跟人比這個。,我不跟人比這個。,I don't compete in this.,scripts/games/game_invite.gd:21,
那下次再約囉。,那下次再約囉。,Then let's try again next time.,scripts/games/game_invite.gd:23,
"嘖,好吧。","嘖,好吧。","Tsk, fine.",scripts/games/game_invite.gd:23,
(被拒絕了……),(被拒絕了……),(Got turned down...),scripts/games/game_invite.gd:23,
遊戲,遊戲,Game,scripts/games/game_invite.gd:73,
場上沒有別的桌寵可以一起玩……,場上沒有別的桌寵可以一起玩……,There are no other pets here to play with...,scripts/games/game_invite.gd:139,
大家,大家,Everyone,scripts/games/game_invite.gd:149,
石頭,石頭,Rock,scripts/games/rps_game.gd:9,
剪刀,剪刀,Scissors,scripts/games/rps_game.gd:9,
布,布,Paper,scripts/games/rps_game.gd:9,
布!,布!,Paper!,scripts/games/rps_game.gd:50 (共 3 處),
石頭…,石頭…,Rock...,scripts/games/rps_game.gd:50 (共 3 處),
剪刀…,剪刀…,Scissors...,scripts/games/rps_game.gd:50 (共 3 處),
平手!再來!,平手!再來!,It's a tie! Again!,scripts/games/rps_game.gd:66 (共 2 處),
第 %d 局!(%d : %d),第 %d 局!(%d : %d),Round %d! (%d : %d),scripts/games/rps_game.gd:104 (共 2 處),
這局平手!,這局平手!,This round is a tie!,scripts/games/rps_game.gd:119,
剪刀石頭布!你要出什麼?,剪刀石頭布!你要出什麼?,"Rock, paper, scissors! What will you throw?",scripts/games/rps_game.gd:177 (共 2 處),
"第 %d 局!(我 %d : %d 你)
你要出什麼?","第 %d 局!(我 %d : %d 你)
你要出什麼?","Round %d! (Me %d : %d You)
What will you throw?",scripts/games/rps_game.gd:179,
不玩了,不玩了,I'm done playing,scripts/games/rps_game.gd:180 (共 3 處),
好吧……下次再玩!,好吧……下次再玩!,Okay... let's play next time!,scripts/games/rps_game.gd:185,
我贏了!,我贏了!,I win!,scripts/games/rps_game.gd:200,
你贏了!,你贏了!,You win!,scripts/games/rps_game.gd:200,
平手!,平手!,A tie!,scripts/games/rps_game.gd:200,
"
(我 %d : %d 你)","
(我 %d : %d 你)","
(Me %d : %d You)",scripts/games/rps_game.gd:201,
"我出 %s
你出 %s
→ [b]%s[/b]%s","我出 %s
你出 %s
→ [b]%s[/b]%s","I threw %s
You threw %s
→ [b]%s[/b]%s",scripts/games/rps_game.gd:202,
你,你,You,scripts/games/rps_game.gd:207 (共 7 處),
"[b]%s[/b]
最終比數 我 %d : %d 你","[b]%s[/b]
最終比數 我 %d : %d 你","[b]%s[/b]
Final score: Me %d : %d You",scripts/games/rps_game.gd:217,
這一場我贏了!,這一場我贏了!,I won this match!,scripts/games/rps_game.gd:217,
這一場你贏了!,這一場你贏了!,You won this match!,scripts/games/rps_game.gd:217,
再來一場嗎?,再來一場嗎?,Another match?,scripts/games/rps_game.gd:225,
再來一局嗎?,再來一局嗎?,Another round?,scripts/games/rps_game.gd:225,
再來一場,再來一場,Another Match,scripts/games/rps_game.gd:225,
再來一局,再來一局,Another Round,scripts/games/rps_game.gd:225,
第 %d 輪!還剩 %d 位,第 %d 輪!還剩 %d 位,Round %d! %d left,scripts/games/rps_game.gd:267,
使用者棄權啦!,使用者棄權啦!,The user forfeited!,scripts/games/rps_game.gd:280,
這樣下去似乎沒完沒了……下次再比吧?,這樣下去似乎沒完沒了……下次再比吧?,This could go on forever… let's play again next time?,scripts/games/rps_game.gd:307,
"平手!全員晉級,再猜一次!","平手!全員晉級,再猜一次!","It's a tie! Everyone advances, go again!",scripts/games/rps_game.gd:313,
被淘汰了……下次加油!,被淘汰了……下次加油!,Eliminated... better luck next time!,scripts/games/rps_game.gd:325,
[wave]我是冠軍!![/wave],[wave]我是冠軍!![/wave],[wave]I'm the champion!![/wave],scripts/games/rps_game.gd:337,
你是冠軍!!真厲害!,你是冠軍!!真厲害!,You're the champion!! Amazing!,scripts/games/rps_game.gd:340,
投降,投降,Surrender,scripts/games/ttt_board.gd:200,
"耶,三連線!","耶,三連線!","Yay, three in a row!",scripts/games/ttt_game.gd:12,
"哈,連線成功!","哈,連線成功!","Ha, got my line!",scripts/games/ttt_game.gd:12,
贏了!井字棋我最強!,贏了!井字棋我最強!,Won! I'm the tic-tac-toe champ!,scripts/games/ttt_game.gd:12,
竟然被連線了……,竟然被連線了……,They got a line on me...,scripts/games/ttt_game.gd:13,
"唔,這盤輸了。","唔,這盤輸了。","Ugh, lost this round.",scripts/games/ttt_game.gd:13,
下次一定贏回來!,下次一定贏回來!,I'll win it back next time!,scripts/games/ttt_game.gd:13,
"平手,誰都沒連成!","平手,誰都沒連成!","Tie, nobody got a line!",scripts/games/ttt_game.gd:14,
下滿了還是平手!,下滿了還是平手!,Board's full and it's still a tie!,scripts/games/ttt_game.gd:14,
%s VS 你 (%d/%d),%s VS 你 (%d/%d),%s VS you (%d/%d),scripts/games/ttt_game.gd:217,
退場,退場,Leave,scripts/logic/interaction_rules.gd:31,
入場,入場,Enter,scripts/logic/interaction_rules.gd:31,
拾取 / 使用道具,拾取 / 使用道具,Pick up / use a prop,scripts/logic/interaction_rules.gd:31,
被拖曳,被拖曳,Dragged,scripts/logic/interaction_rules.gd:31 (共 2 處),
被觸摸 / 互動,被觸摸 / 互動,Touched / interacted with,scripts/logic/interaction_rules.gd:31,
落下,落下,Falling,scripts/logic/interaction_rules.gd:32,
跳起(上升),跳起(上升),Jumping (rising),scripts/logic/interaction_rules.gd:32,
待機,待機,Idle,scripts/logic/interaction_rules.gd:32,
奔跑,奔跑,Running,scripts/logic/interaction_rules.gd:32 (共 5 處),
走路,走路,Walking,scripts/logic/interaction_rules.gd:32,
跳舞,跳舞,Dancing,scripts/logic/interaction_rules.gd:32 (共 3 處),
躺下休息(含家具的躺下錨點),躺下休息(含家具的躺下錨點),Lie down to rest (including furniture lie-down anchors),scripts/logic/interaction_rules.gd:32,
坐下休息(含家具的坐下錨點),坐下休息(含家具的坐下錨點),Sit down to rest (including furniture sit-down anchors),scripts/logic/interaction_rules.gd:32,
睡覺,睡覺,Sleeping,scripts/logic/interaction_rules.gd:32,
道具消耗,道具消耗,Prop consumed,scripts/logic/interaction_rules.gd:35,
被摩擦,道具摩擦,Prop rubbing,scripts/logic/interaction_rules.gd:35 (共 2 處),
道具選中,道具選中,Prop selected,scripts/logic/interaction_rules.gd:35,
交互行為,交互行為,Interaction behavior,scripts/logic/interaction_rules.gd:168 (共 2 處),
沒有發現問題。,沒有發現問題。,No problems found.,scripts/logic/lens_checker.gd:9,
正面,正面,Positive,scripts/logic/lens_checker.gd:30 (共 10 處),
負面,負面,Negative,scripts/logic/lens_checker.gd:30 (共 11 處),
"「%s」沒有設定逾時,積木檔裡也找不到解除它的積木,可能永久卡住。","「%s」沒有設定逾時,積木檔裡也找不到解除它的積木,可能永久卡住。","“%s” has no timeout set, and no block in the block file releases it. It may get stuck permanently.",scripts/logic/lens_checker.gd:32,
互鎖循環:%s。,互鎖循環:%s。,Circular lock: %s.,scripts/logic/lens_checker.gd:34,
跟隨,跟隨,Follow,scripts/logic/logic_interpreter.gd:202 (共 3 處),
今天天氣不錯呢。,今天天氣不錯呢。,Nice weather today.,scripts/logic/logic_interpreter.gd:222,
你在忙什麼呀?,你在忙什麼呀?,What are you up to?,scripts/logic/logic_interpreter.gd:222,
……(伸了個懶腰),……(伸了個懶腰),...(stretches),scripts/logic/logic_interpreter.gd:222,
當角色正在 [%s] 時,當角色正在 [%s] 時,When the character is [%s],scripts/logic/logic_interpreter.gd:262,
每 %s 秒,每 %s 秒,Every %s sec,scripts/logic/logic_interpreter.gd:264,
當場內有人的狀態是 [%s %s],當場內有人的狀態是 [%s %s],When someone present is in state [%s %s],scripts/logic/logic_interpreter.gd:266,
遊戲結果 [%s · %s],遊戲結果 [%s · %s],Game result [%s · %s],scripts/logic/logic_interpreter.gd:269,
被邀請對戰 [%s · %s],被邀請對戰 [%s · %s],Invited to a match [%s · %s],scripts/logic/logic_interpreter.gd:272,
當道具 [%s] %s 時,當道具 [%s] %s 時,When prop [%s] is %s,scripts/logic/logic_interpreter.gd:276,
任何,任何,Any,scripts/logic/logic_interpreter.gd:276 (共 2 處),
被拾取/吃掉,被拾取/吃掉,Picked up/eaten,scripts/logic/logic_interpreter.gd:276,
成為候選對象,成為候選對象,Becomes a candidate target,scripts/logic/logic_interpreter.gd:276,
其他桌寵,其他桌寵,Other pets,scripts/logic/logic_interpreter.gd:279,
當 [%s] 播放特效 [%s] 時,當 [%s] 播放特效 [%s] 時,When [%s] plays effect [%s],scripts/logic/logic_interpreter.gd:279,
閒聊 [%s%s] · %s,閒聊 [%s%s] · %s,Chat [%s%s] · %s,scripts/logic/logic_interpreter.gd:286,
閒聊,閒聊,Chat,scripts/logic/logic_interpreter.gd:412,
休息中,休息中,Resting,scripts/logic/logic_interpreter.gd:414 (共 2 處),
休息,休息,Rest,scripts/logic/logic_interpreter.gd:414,
睡眠中,睡眠中,Sleeping,scripts/logic/logic_interpreter.gd:416,
睡眠,睡眠,Sleep,scripts/logic/logic_interpreter.gd:416,
特殊差分,特殊差分,Special variant,scripts/logic/logic_interpreter.gd:418,
可以告訴我嗎?,可以告訴我嗎?,Could you tell me?,scripts/logic/logic_interpreter.gd:827,
"你剛剛說得太小聲了,我沒有聽清楚耶...","你剛剛說得太小聲了,我沒有聽清楚耶...","You spoke too quietly just now, I couldn't quite hear you...",scripts/logic/logic_interpreter.gd:838,
"請輸入幾個選項,用逗號分隔","請輸入幾個選項,用逗號分隔","Please enter a few options, separated by commas",scripts/logic/logic_interpreter.gd:881,
事件在 %d 秒內被觸發超過 %d 次(疑似事件互相觸發的死循環),事件在 %d 秒內被觸發超過 %d 次(疑似事件互相觸發的死循環),The event was triggered more than %d times within %d seconds (probably events triggering each other in an infinite loop),scripts/logic/logic_interpreter.gd:936,
"重複次數 %d 超過上限,已截成 %d 次","重複次數 %d 超過上限,已截成 %d 次",Repeat count %d exceeds the limit and was capped at %d,scripts/logic/logic_interpreter.gd:1158,
「重複」迴圈連續 %d 圈都沒有任何等待或對話(疑似死循環),「重複」迴圈連續 %d 圈都沒有任何等待或對話(疑似死循環),The “repeat” loop ran %d rounds in a row with no waiting or dialogue (probably an infinite loop),scripts/logic/logic_interpreter.gd:1169,
「當…/直到…」迴圈連續 %d 圈都沒有任何等待或對話(疑似死循環),「當…/直到…」迴圈連續 %d 圈都沒有任何等待或對話(疑似死循環),The “while…/until…” loop ran %d rounds in a row with no waiting or dialogue (probably an infinite loop),scripts/logic/logic_interpreter.gd:1189,
"「當…/直到…」迴圈跑滿 %d 圈上限,已強制結束","「當…/直到…」迴圈跑滿 %d 圈上限,已強制結束",The “while…/until…” loop hit the limit of %d rounds and was ended forcibly,scripts/logic/logic_interpreter.gd:1192,
對話在 %d 秒內出現超過 %d 句(疑似洗版死循環),對話在 %d 秒內出現超過 %d 句(疑似洗版死循環),More than %d lines of dialogue appeared within %d seconds (probably a spam loop),scripts/logic/logic_interpreter.gd:1201,
未命名,未命名,Untitled,scripts/logic/logic_interpreter.gd:1434,
積木失控:%s。已中止這隻桌寵目前所有積木並停用事件 [%s](第 %d/%d 次警告),積木失控:%s。已中止這隻桌寵目前所有積木並停用事件 [%s](第 %d/%d 次警告),Blocks ran out of control: %s. All of this pet's running blocks were aborted and event [%s] was disabled (warning %d/%d),scripts/logic/logic_interpreter.gd:1439,
"短時間內失控 %d 次,強制這隻桌寵退場(積木檔有問題,請修正後重新導入)","短時間內失控 %d 次,強制這隻桌寵退場(積木檔有問題,請修正後重新導入)",Ran out of control %d times in a short period; forcing this pet to leave (there is a problem with the block file; please fix it and re-import),scripts/logic/logic_interpreter.gd:1446,
不是,不是,No,scripts/logic/logic_interpreter.gd:1541 (共 2 處),
持續,持續,Persistent,scripts/logic/logic_interpreter.gd:1611 (共 3 處),
六,六,Sat,scripts/logic/logic_interpreter.gd:2008,
五,五,Fri,scripts/logic/logic_interpreter.gd:2008,
四,四,Thu,scripts/logic/logic_interpreter.gd:2008,
三,三,Wed,scripts/logic/logic_interpreter.gd:2008,
二,二,Tue,scripts/logic/logic_interpreter.gd:2008,
一,一,Mon,scripts/logic/logic_interpreter.gd:2008,
日,日,Sun,scripts/logic/logic_interpreter.gd:2008,
對方,對方,Other party,scripts/logic/logic_interpreter.gd:2155 (共 2 處),
全域,全域,Global,scripts/logic/value_gateway.gd:29 (共 3 處),
局部,局部,Local,scripts/logic/value_gateway.gd:31 (共 3 處),
悠哉,悠哉,Relaxed,scripts/personality/defaults_updater.gd:18 (共 6 處),
緊張,緊張,Nervous,scripts/personality/defaults_updater.gd:18 (共 6 處),
悲傷,悲傷,Sad,scripts/personality/defaults_updater.gd:18 (共 7 處),
開心,開心,Happy,scripts/personality/defaults_updater.gd:18 (共 7 處),
生氣,生氣,Angry,scripts/personality/defaults_updater.gd:18 (共 7 處),
疲憊,疲憊,Tired,scripts/personality/defaults_updater.gd:18 (共 6 處),
狀態鏡「%s」:新增(桌寵的基本反應會用到),狀態鏡「%s」:新增(桌寵的基本反應會用到),State lens “%s”: added (used by the pet's basic reactions),scripts/personality/defaults_updater.gd:145,
反應事件,反應事件,Reaction events,scripts/personality/personality_applier.gd:12,
對話池,對話池,Dialogue pool,scripts/personality/personality_applier.gd:12,
狀態鏡,狀態鏡,State lenses,scripts/personality/personality_applier.gd:12 (共 4 處),
數值定義,數值定義,Value definitions,scripts/personality/personality_applier.gd:12,
參數,參數,Parameters,scripts/personality/personality_applier.gd:12 (共 2 處),
"找不到性格「%s」,已略過","找不到性格「%s」,已略過","Personality “%s” not found, skipped",scripts/personality/personality_applier.gd:110,
參數「%s」:%s → %s,參數「%s」:%s → %s,Parameter “%s”: %s → %s,scripts/personality/personality_applier.gd:257,
保留你改過的「%s」(%s),保留你改過的「%s」(%s),Kept your modified “%s” (%s),scripts/personality/personality_applier.gd:262,
參數「%s」還原成 %s,參數「%s」還原成 %s,Parameter “%s” restored to %s,scripts/personality/personality_applier.gd:266,
新增,新增,Add,scripts/personality/personality_applier.gd:348 (共 4 處),
換成新性格的,換成新性格的,Replace with the new personality's,scripts/personality/personality_applier.gd:348 (共 2 處),
"%s「%s」你已經有自己的,保留","%s「%s」你已經有自己的,保留","%s “%s”: you already have your own, kept",scripts/personality/personality_applier.gd:350,
%s「%s」移除(原本是性格加的、你沒改過),%s「%s」移除(原本是性格加的、你沒改過),%s “%s” removed (added by the personality and not modified by you),scripts/personality/personality_applier.gd:357,
讀不了檔案:%s,讀不了檔案:%s,Unable to read file: %s,scripts/personality/personality_file.gd:41 (共 3 處),
性格檔太大(上限 %d KB):%s,性格檔太大(上限 %d KB):%s,Personality file too large (limit %d KB): %s,scripts/personality/personality_file.gd:43,
不是有效的 JSON 物件:%s,不是有效的 JSON 物件:%s,Not a valid JSON object: %s,scripts/personality/personality_file.gd:46,
這不是性格檔(fileType 應為 %s),這不是性格檔(fileType 應為 %s),This is not a personality file (fileType should be %s),scripts/personality/personality_file.gd:54,
性格檔版本 %s 不支援(這個程式認得到版本 %d),性格檔版本 %s 不支援(這個程式認得到版本 %d),Personality file version %s is not supported (this program recognizes version %d),scripts/personality/personality_file.gd:57,
性格檔缺少 id(只能用英數、底線、連字號、中文),性格檔缺少 id(只能用英數、底線、連字號、中文),"Personality file is missing an id (only letters, digits, underscores, hyphens and Chinese characters allowed)",scripts/personality/personality_file.gd:60,
"params 必須是物件,已略過整個區塊","params 必須是物件,已略過整個區塊",params must be an object; the whole section was skipped,scripts/personality/personality_file.gd:98,
"參數「%s」不認得或值不合格(型別/範圍),已略過","參數「%s」不認得或值不合格(型別/範圍),已略過",Parameter “%s” is unrecognized or its value is invalid (type/range); skipped,scripts/personality/personality_file.gd:103,
"%s 必須是陣列,已略過整個區塊","%s 必須是陣列,已略過整個區塊",%s must be an array; the whole section was skipped,scripts/personality/personality_file.gd:115,
"%s 裡有不是物件的項目,已略過","%s 裡有不是物件的項目,已略過",%s contains an item that is not an object; skipped,scripts/personality/personality_file.gd:119,
"有一個數值定義不合格(缺名稱或格式錯誤),已略過","有一個數值定義不合格(缺名稱或格式錯誤),已略過",A value definition is invalid (missing name or malformed); skipped,scripts/personality/personality_file.gd:124,
"有一個狀態鏡不合格(缺名稱或格式錯誤),已略過","有一個狀態鏡不合格(缺名稱或格式錯誤),已略過",A state lens is invalid (missing name or malformed); skipped,scripts/personality/personality_file.gd:130,
"dialogueTranslations 必須是物件,已略過","dialogueTranslations 必須是物件,已略過","dialogueTranslations must be an object, skipped",scripts/personality/personality_file.gd:156,
"chat 必須是陣列,已略過整個區塊","chat 必須是陣列,已略過整個區塊",chat must be an array; the whole section was skipped,scripts/personality/personality_file.gd:180,
"chat 裡有不是物件的項目,已略過","chat 裡有不是物件的項目,已略過",chat contains an item that is not an object; skipped,scripts/personality/personality_file.gd:184,
"chat 項目的情境「%s」不認得(應為 chat / rest / sleep / lens),已略過","chat 項目的情境「%s」不認得(應為 chat / rest / sleep / lens),已略過",The context “%s” of a chat item is not recognized (should be chat / rest / sleep / lens); skipped,scripts/personality/personality_file.gd:188,
"chat 項目沒有台詞(say 或 seq),已略過","chat 項目沒有台詞(say 或 seq),已略過",A chat item has no lines (say or seq); skipped,scripts/personality/personality_file.gd:193,
"reactions 必須是陣列,已略過整個區塊","reactions 必須是陣列,已略過整個區塊",reactions must be an array; the whole section was skipped,scripts/personality/personality_file.gd:208,
"reactions 裡有不是物件的項目,已略過","reactions 裡有不是物件的項目,已略過",reactions contains an item that is not an object; skipped,scripts/personality/personality_file.gd:212,
"reactions 項目缺少或有不合格的 on(觸發),已略過","reactions 項目缺少或有不合格的 on(觸發),已略過",A reactions item is missing on (trigger) or it is invalid; skipped,scripts/personality/personality_file.gd:216,
"reactions 項目「%s」沒有台詞也沒有動作,已略過","reactions 項目「%s」沒有台詞也沒有動作,已略過",The reactions item “%s” has neither lines nor an action; skipped,scripts/personality/personality_file.gd:221,
"blocks 必須是陣列,已略過整個區塊","blocks 必須是陣列,已略過整個區塊",blocks must be an array; the whole section was skipped,scripts/personality/personality_file.gd:262,
"blocks 裡的事件種類「%s」不屬於性格(只允許閒聊與反應類事件),已略過","blocks 裡的事件種類「%s」不屬於性格(只允許閒聊與反應類事件),已略過",The event type “%s” in blocks does not belong to a personality (only chat and reaction events are allowed); skipped,scripts/personality/personality_file.gd:269,
"blocks 裡有一個事件太大或巢狀太深,已略過","blocks 裡有一個事件太大或巢狀太深,已略過",An event in blocks is too large or nested too deeply; skipped,scripts/personality/personality_file.gd:272,
反應/%s,反應/%s,Reaction/%s,scripts/personality/personality_file.gd:321,
(動作),(動作),(action),scripts/personality/personality_file.gd:341,
性格·%s · %s · %s,性格·%s · %s · %s,Personality · %s · %s · %s,scripts/personality/personality_file.gd:342,
被觸摸,被觸摸,Touched,scripts/personality/personality_file.gd:377 (共 2 處),
登場,登場,Enter,scripts/personality/personality_file.gd:377,
開始睡覺,開始睡覺,Start sleeping,scripts/personality/personality_file.gd:377,
坐下,坐下,Sit down,scripts/personality/personality_file.gd:377,
猜拳/拚骰贏了,猜拳/拚骰贏了,Won Rock-Paper-Scissors/dice duel,scripts/personality/personality_file.gd:378,
猜拳/拚骰輸了,猜拳/拚骰輸了,Lost Rock-Paper-Scissors/dice duel,scripts/personality/personality_file.gd:378,
猜拳/拚骰平手,猜拳/拚骰平手,Tied Rock-Paper-Scissors/dice duel,scripts/personality/personality_file.gd:378,
睡醒,睡醒,Wake up,scripts/personality/personality_file.gd:379,
覺得累,覺得累,Feeling tired,scripts/personality/personality_file.gd:379,
拒絕對戰邀請,拒絕對戰邀請,Decline match invitation,scripts/personality/personality_file.gd:379,
接受對戰邀請,接受對戰邀請,Accept match invitation,scripts/personality/personality_file.gd:379,
發現球,發現球,Spot the ball,scripts/personality/personality_file.gd:380,
邀請其他桌寵玩球,邀請其他桌寵玩球,Invite other pets to play ball,scripts/personality/personality_file.gd:380,
加入玩球,加入玩球,Join in playing ball,scripts/personality/personality_file.gd:380,
不參與玩球,不參與玩球,Sit out playing ball,scripts/personality/personality_file.gd:380,
正在玩球,正在玩球,Playing ball,scripts/personality/personality_file.gd:381,
結束玩球,結束玩球,Finish playing ball,scripts/personality/personality_file.gd:381,
看到別人在玩球,看到別人在玩球,Watching others play ball,scripts/personality/personality_file.gd:381,
平常,平常,Normal,scripts/personality/personality_file.gd:383,
睡覺中,睡覺中,Sleeping,scripts/personality/personality_file.gd:383 (共 3 處),
特定狀態,特定狀態,Specific state,scripts/personality/personality_file.gd:383,
「%s」動作,「%s」動作,“%s” action,scripts/personality/personality_file.gd:387,
和預設一樣,和預設一樣,Same as default,scripts/personality/personality_file.gd:402,
低,低,lower,scripts/personality/personality_file.gd:405 (共 2 處),
高,高,higher,scripts/personality/personality_file.gd:405 (共 4 處),
比預設(%s)%s,比預設(%s)%s,Compared with default (%s): %s,scripts/personality/personality_file.gd:405,
"預設 %s,%s","預設 %s,%s","Default %s, %s",scripts/personality/personality_file.gd:409,
偏長,偏長,on the long side,scripts/personality/personality_file.gd:409,
偏短,偏短,on the short side,scripts/personality/personality_file.gd:409,
預設是%s,預設是%s,Default: %s,scripts/personality/personality_file.gd:411,
會,會,Yes,scripts/personality/personality_file.gd:411,
不會,不會,No,scripts/personality/personality_file.gd:411,
預設 %s,預設 %s,Default %s,scripts/personality/personality_file.gd:413,
這個性格不調整任何參數(維持你目前的設定)。,這個性格不調整任何參數(維持你目前的設定)。,This personality doesn't adjust any parameters (your current settings stay as they are).,scripts/personality/personality_file.gd:425,
 秒, 秒, sec,scripts/personality/personality_file.gd:431 (共 4 處),
調整 %d 項參數:,調整 %d 項參數:,Adjusts %d parameters:,scripts/personality/personality_file.gd:433,
這個性格沒有數值定義(不會替桌寵新增任何數值)。,這個性格沒有數值定義(不會替桌寵新增任何數值)。,This personality has no value definitions (it won't add any values to the pet).,scripts/personality/personality_file.gd:437,
新增 %d 個數值:,新增 %d 個數值:,Adds %d values:,scripts/personality/personality_file.gd:441,
這個性格沒有狀態鏡(不會替桌寵新增任何狀態)。,這個性格沒有狀態鏡(不會替桌寵新增任何狀態)。,This personality has no state lenses (it won't add any states to the pet).,scripts/personality/personality_file.gd:445,
新增 %d 個狀態鏡:,新增 %d 個狀態鏡:,Adds %d state lenses:,scripts/personality/personality_file.gd:450,
這個性格沒有對話池(不會多出任何閒聊台詞)。,這個性格沒有對話池(不會多出任何閒聊台詞)。,This personality has no dialogue pool (no extra chat lines will be added).,scripts/personality/personality_file.gd:458,
共 %d 個閒聊項目(%s%s)。,共 %d 個閒聊項目(%s%s)。,%d chat entries in total (%s%s).,scripts/personality/personality_file.gd:469,
、進階積木 %d,、進階積木 %d,", %d advanced blocks",scripts/personality/personality_file.gd:469 (共 2 處),
"
  例:","
  例:","
  e.g.: ",scripts/personality/personality_file.gd:470,
這個性格沒有反應事件(採用內建反應)。,這個性格沒有反應事件(採用內建反應)。,This personality has no reaction events (built-in reactions are used).,scripts/personality/personality_file.gd:478,
跳 %d 下,跳 %d 下,Jump %d times,scripts/personality/personality_file.gd:489,
發抖,發抖,Tremble,scripts/personality/personality_file.gd:491,
播放 %s,播放 %s,Play %s,scripts/personality/personality_file.gd:493,
  機率 %d%%,  機率 %d%%,  Chance %d%%,scripts/personality/personality_file.gd:494,
(不說話),(不說話),(says nothing),scripts/personality/personality_file.gd:494,
"共 %d 個反應,涵蓋:%s%s。","共 %d 個反應,涵蓋:%s%s。","%d reactions in total, covering: %s%s.",scripts/personality/personality_file.gd:495,
…(還有 %d 項),…(還有 %d 項),…(%d more),scripts/personality/personality_file.gd:502,
"id「%s」已經有了,改存成「%s」","id「%s」已經有了,改存成「%s」",The id “%s” already exists; saved as “%s” instead,scripts/personality/personality_file.gd:617,
無法寫入 %s,無法寫入 %s,Unable to write %s,scripts/personality/personality_file.gd:621 (共 3 處),
移動速度,移動速度,Move speed,scripts/personality/personality_params.gd:9 (共 2 處),
奔跑速度倍率,奔跑速度倍率,Run speed multiplier,scripts/personality/personality_params.gd:10 (共 2 處),
站著發呆的時間(秒),站著發呆的時間(秒),Time spent standing idle (sec),scripts/personality/personality_params.gd:11,
每次走路的時間(秒),每次走路的時間(秒),Time per walk (sec),scripts/personality/personality_params.gd:12,
自己跳一下的頻率(每秒機率),自己跳一下的頻率(每秒機率),How often it jumps by itself (chance per second),scripts/personality/personality_params.gd:13,
平時跳躍力道(值越大跳越高),平時跳躍力道(值越大跳越高),Normal jump strength (higher = jumps higher),scripts/personality/personality_params.gd:14,
"平時跳躍高度的浮動(比例,0.15 = 上下 15%)","平時跳躍高度的浮動(比例,0.15 = 上下 15%)",Variation in normal jump height (ratio; 0.15 = ±15%),scripts/personality/personality_params.gd:15,
最大跳躍力道(跳躍嘗試失敗多次時才會呼叫),最大跳躍力道(跳躍嘗試失敗多次時才會呼叫),Maximum jump strength (only used after several failed jump attempts),scripts/personality/personality_params.gd:16,
站著發呆時原地小跳的頻率(每秒機率),站著發呆時原地小跳的頻率(每秒機率),How often it hops in place while standing idle (chance per second),scripts/personality/personality_params.gd:17,
跟隨時保持的距離,跟隨時保持的距離,Distance to keep when following,scripts/personality/personality_params.gd:18,
自動閒聊間隔(秒),自動閒聊間隔(秒),Auto-chat interval (sec),scripts/personality/personality_params.gd:19,
自己邀請對戰的間隔(秒),自己邀請對戰的間隔(秒),Interval between inviting others to a match (sec),scripts/personality/personality_params.gd:20,
會自己跳舞,會自己跳舞,Dances on its own,scripts/personality/personality_params.gd:21,
自己發起對戰時的賽制偏好,自己發起對戰時的賽制偏好,Preferred match format when starting a match itself,scripts/personality/personality_params.gd:22,
被邀請對戰的基底拒絕機率,被邀請對戰的基底拒絕機率,Base chance of refusing a match invitation,scripts/personality/personality_params.gd:23,
正忙時額外的拒絕機率,正忙時額外的拒絕機率,Extra chance of refusing when busy,scripts/personality/personality_params.gd:24,
心情差時額外的拒絕機率,心情差時額外的拒絕機率,Extra chance of refusing when in a bad mood,scripts/personality/personality_params.gd:25,
"疲勞速度(每分鐘消耗精力,0 = 不會累)","疲勞速度(每分鐘消耗精力,0 = 不會累)",Fatigue rate (energy used per minute; 0 = never gets tired),scripts/personality/personality_params.gd:27,
休息時每分鐘恢復的精力,休息時每分鐘恢復的精力,Energy recovered per minute while resting,scripts/personality/personality_params.gd:28,
精力低於多少就覺得累,精力低於多少就覺得累,Feels tired when energy drops below this,scripts/personality/personality_params.gd:29,
精力低於多少直接睡著,精力低於多少直接睡著,Falls asleep right away when energy drops below this,scripts/personality/personality_params.gd:30,
每次睡多久(秒),每次睡多久(秒),How long each sleep lasts (sec),scripts/personality/personality_params.gd:31,
每次坐著休息多久(秒),每次坐著休息多久(秒),How long each sit-down rest lasts (sec),scripts/personality/personality_params.gd:32,
累的時候移動速度倍率,累的時候移動速度倍率,Move speed multiplier when tired,scripts/personality/personality_params.gd:33,
"易怒程度(被拖曳、遊戲輸時生氣的傾向,0 = 不會)","易怒程度(被拖曳、遊戲輸時生氣的傾向,0 = 不會)",Irritability (tendency to get angry when dragged or losing a game; 0 = never),scripts/personality/personality_params.gd:34,
"易開心程度(被摸、遊戲贏時開心的傾向,0 = 不會)","易開心程度(被摸、遊戲贏時開心的傾向,0 = 不會)",Cheerfulness (tendency to get happy when petted or winning a game; 0 = never),scripts/personality/personality_params.gd:35,
對被摸的好惡(正 = 喜歡、負 = 討厭),對被摸的好惡(正 = 喜歡、負 = 討厭),"Attitude toward being petted (positive = likes it, negative = dislikes it)",scripts/personality/personality_params.gd:36,
社交意願(越高越愛邀人對戰、越不拒絕邀請),社交意願(越高越愛邀人對戰、越不拒絕邀請),Sociability (higher = invites others to matches more and refuses invitations less),scripts/personality/personality_params.gd:37,
"自己跟著滑鼠的意願(每 20~45 秒抽一次的機率,0 = 不會;黏人的最高)","自己跟著滑鼠的意願(每 20~45 秒抽一次的機率,0 = 不會;黏人的最高)",Willingness to follow the mouse on its own (chance rolled every 20~45 sec; 0 = never; clingy types are highest),scripts/personality/personality_params.gd:38,
自己跟著滑鼠的時間(秒),自己跟著滑鼠的時間(秒),How long it follows the mouse on its own (sec),scripts/personality/personality_params.gd:39,
選單「跟著我」跟多久(秒),選單「跟著我」跟多久(秒),How long it follows when “Follow me” is chosen from the menu (sec),scripts/personality/personality_params.gd:40,
"自己跟著別隻桌寵走的意願(每 20~45 秒抽一次的機率,0 = 不會;黏人最高、內向懶惰偏低)","自己跟著別隻桌寵走的意願(每 20~45 秒抽一次的機率,0 = 不會;黏人最高、內向懶惰偏低)","Willingness to follow another pet on its own (a rolled chance every 20-45 sec; 0 = never. Highest for clingy, lower for introverted/lazy)",scripts/personality/personality_params.gd:41,
"自己跟著別隻桌寵走的時間(秒;不管這裡設多少,一條路隊最長都是 8 分鐘)","自己跟著別隻桌寵走的時間(秒;不管這裡設多少,一條路隊最長都是 8 分鐘)","How long it follows another pet on its own (sec; no matter the value here, a conga line lasts at most 8 minutes)",scripts/personality/personality_params.gd:42,
"自己跑一下的意願(符合條件時每秒起跑的機率,0 = 不會;條件 = 開心或剛贏了遊戲)","自己跑一下的意願(符合條件時每秒起跑的機率,0 = 不會;條件 = 開心或剛贏了遊戲)",Willingness to run on its own (chance per second of starting a run when conditions are met; 0 = never; condition = happy or just won a game),scripts/personality/personality_params.gd:44,
不管心情都可能自己跑(活潑的性格),不管心情都可能自己跑(活潑的性格),May run on its own regardless of mood (energetic personality),scripts/personality/personality_params.gd:45,
"玩球意願(場上有球時每秒起玩的機率,0 = 不會玩;心情不好時也不玩)","玩球意願(場上有球時每秒起玩的機率,0 = 不會玩;心情不好時也不玩)",Willingness to play ball (chance per second of joining in when a ball is out; 0 = never; won't play in a bad mood),scripts/personality/personality_params.gd:46,
心情低於此值容易悲傷(要有「悲傷」狀態鏡),心情低於此值容易悲傷(要有「悲傷」狀態鏡),Tends to become sad when mood is below this value (requires a “Sad” state lens),scripts/personality/personality_params.gd:47,
進入正面狀態時選「悠哉」而不是「開心」的比例(要有「悠哉」狀態鏡),進入正面狀態時選「悠哉」而不是「開心」的比例(要有「悠哉」狀態鏡),Share of the time it picks “Relaxed” instead of “Happy” when entering a positive state (requires a “Relaxed” state lens),scripts/personality/personality_params.gd:48,
被拖曳時變得緊張的傾向(要有「緊張」狀態鏡),被拖曳時變得緊張的傾向(要有「緊張」狀態鏡),Tendency to become nervous when dragged (requires a “Nervous” state lens),scripts/personality/personality_params.gd:49,
"心情起伏(心情越過門檻後進入開心/生氣的傾向,0 = 心情不影響狀態)","心情起伏(心情越過門檻後進入開心/生氣的傾向,0 = 心情不影響狀態)",Mood swings (tendency to become happy/angry once mood crosses a threshold; 0 = mood doesn't affect state),scripts/personality/personality_params.gd:51,
心情高於多少容易開心,心情高於多少容易開心,Tends to become happy when mood is above this value,scripts/personality/personality_params.gd:52,
心情低於多少容易生氣,心情低於多少容易生氣,Tends to become angry when mood is below this value,scripts/personality/personality_params.gd:53,
"主動問你要不要玩遊戲的意願(每 4~9 分鐘擲一次的機率,0 = 不會;心情好更常問,累或心情差更少)","主動問你要不要玩遊戲的意願(每 4~9 分鐘擲一次的機率,0 = 不會;心情好更常問,累或心情差更少)","Willingness to ask you to play a game (chance rolled every 4~9 minutes; 0 = never; asks more when in a good mood, less when tired or in a bad mood)",scripts/personality/personality_params.gd:54,
"黏人:超過兩小時沒有任何互動扣一次心情,平時互動多加一點","黏人:超過兩小時沒有任何互動扣一次心情,平時互動多加一點",Clingy: loses mood if there is no interaction for over two hours; gains a little from regular interaction,scripts/personality/personality_params.gd:55,
"內向:超過兩小時沒被邀請加一次心情,太常被邀請扣心情","內向:超過兩小時沒被邀請加一次心情,太常被邀請扣心情",Introverted: gains mood if not invited for over two hours; loses mood if invited too often,scripts/personality/personality_params.gd:56,
睡著時被使用者叫醒扣多少心情(懶惰),睡著時被使用者叫醒扣多少心情(懶惰),Mood lost when woken up by the user while asleep (lazy),scripts/personality/personality_params.gd:57,
"沒事自己坐下休息一下的意願(不疲憊時也會,每秒機率,0 = 不會;要有沒在忙、姿態允許)","沒事自己坐下休息一下的意願(不疲憊時也會,每秒機率,0 = 不會;要有沒在忙、姿態允許)","Willingness to sit down and rest for no particular reason (can happen even when not tired; chance per second, 0 = never; requires being idle and in an allowed pose)",scripts/personality/personality_params.gd:58,
%s戰:%s,%s戰:%s,%s-game match: %s,scripts/personality/personality_params.gd:345,
無法建立資料夾:%s,無法建立資料夾:%s,Unable to create folder: %s,scripts/pet/character_files.gd:72 (共 10 處),
複製失敗:%s,複製失敗:%s,Copy failed: %s,scripts/pet/character_files.gd:75 (共 3 處),
  局部數值 %d 個:%s,  局部數值 %d 個:%s,  %d local values: %s,scripts/pet/memory_reset.gd:30,
  事件 Flag %d 個:%s,  事件 Flag %d 個:%s,  %d event flags: %s,scripts/pet/memory_reset.gd:31,
  使用者輸入的文字 %d 個:%s,  使用者輸入的文字 %d 個:%s,  %d user-entered texts: %s,scripts/pet/memory_reset.gd:32,
  啟用中的狀態鏡:%s(將被解除),  啟用中的狀態鏡:%s(將被解除),  Active state lens: %s (will be released),scripts/pet/memory_reset.gd:34,
■ 全域數值(所有桌寵共用)%d 個:%s,■ 全域數值(所有桌寵共用)%d 個:%s,■ %d global values (shared by all pets): %s,scripts/pet/memory_reset.gd:37,
■ 已存的本體狀態檔也會一併清除(下次啟動不會讀回舊記憶),■ 已存的本體狀態檔也會一併清除(下次啟動不會讀回舊記憶),■ The saved primary-state file will also be cleared (old memories won't be reloaded at next launch),scripts/pet/memory_reset.gd:39,
不會動到:動作素材與差分、對話與氣泡、事件積木、狀態鏡定義、介面與聲音設定。,不會動到:動作素材與差分、對話與氣泡、事件積木、狀態鏡定義、介面與聲音設定。,"Will not touch: action assets and variants, dialogue and bubbles, event blocks, state lens definitions, UI and sound settings.",scripts/pet/memory_reset.gd:41,
(無),(無),(none),scripts/pet/memory_reset.gd:88,
(空),(空),(empty),scripts/pet/memory_slots.gd:108,
%s%s  ·  數值 %d、Flag %d、文字 %d,%s%s  ·  數值 %d、Flag %d、文字 %d,"%s%s  ·  Values %d, Flags %d, Texts %d",scripts/pet/memory_slots.gd:110,
光源 %d,光源 %d,Light %d,scripts/pet/pack_lights.gd:28 (共 3 處),
桌寵,桌寵,Pet,scripts/pet/pet.gd:98,
模式,模式,Mode,scripts/pet/pet.gd:384 (共 2 處),
固定,固定,Fixed,scripts/pet/pet.gd:388,
靜止,靜止,Stationary,scripts/pet/pet.gd:388,
一戰定勝負,一戰定勝負,Single game,scripts/pet/pet.gd:455,
三戰兩勝,三戰兩勝,Best of 3,scripts/pet/pet.gd:455,
五戰三勝,五戰三勝,Best of 5,scripts/pet/pet.gd:455,
全部,全部,All,scripts/pet/pet.gd:503 (共 2 處),
%s:還沒有紀錄,%s:還沒有紀錄,%s: no record yet,scripts/pet/pet.gd:505,
%s:%d 勝 %d 負 %d 平(勝率 %d%%),%s:%d 勝 %d 負 %d 平(勝率 %d%%),%s: %d W %d L %d D (win rate %d%%),scripts/pet/pet.gd:506,
"[b]我的戰績[/b]
%s
%s
%s","[b]我的戰績[/b]
%s
%s
%s",,scripts/pet/pet.gd:520,
"戰績清空了,重新開始!","戰績清空了,重新開始!","Record cleared, starting fresh!",scripts/pet/pet.gd:526,
要不要跟我玩猜拳?,要不要跟我玩猜拳?,Wanna play Rock-Paper-Scissors with me?,scripts/pet/pet.gd:574,
"欸,我們來猜拳好不好?","欸,我們來猜拳好不好?","Hey, how about a game of Rock-Paper-Scissors?",scripts/pet/pet.gd:574,
有點無聊……陪我猜個拳嘛?,有點無聊……陪我猜個拳嘛?,I'm a little bored... play Rock-Paper-Scissors with me?,scripts/pet/pet.gd:574,
好啊,好啊,Sure,scripts/pet/pet.gd:612,
下次吧,下次吧,Next time,scripts/pet/pet.gd:612,
耶!那就開始囉!,耶!那就開始囉!,Yay! Let's begin!,scripts/pet/pet.gd:618,
"好吧,下次再約~","好吧,下次再約~","Okay, let's play next time~",scripts/pet/pet.gd:622,
擲一次(%s%s),擲一次(%s%s),Roll once (%s%s),scripts/pet/pet.gd:724,
",檢定 ≥ %d",",檢定 ≥ %d",", check ≥ %d",scripts/pet/pet.gd:724,
(場上沒有其他桌寵),(場上沒有其他桌寵),(No other pets present),scripts/pet/pet.gd:728 (共 3 處),
與場上所有桌寵拚骰,與場上所有桌寵拚骰,Dice duel with all pets on screen,scripts/pet/pet.gd:730,
拚骰(比誰大),拚骰(比誰大),Dice duel (highest wins),scripts/pet/pet.gd:733,
骰子(1D幾),骰子(1D幾),Dice (1Dx),scripts/pet/pet.gd:739,
≥ %d%%(點數 %d 以上),≥ %d%%(點數 %d 以上),≥ %d%% (roll %d or higher),scripts/pet/pet.gd:743,
不檢定,不檢定,No check,scripts/pet/pet.gd:743,
檢定值,檢定值,Check value,scripts/pet/pet.gd:745,
加值,加值,Bonus,scripts/pet/pet.gd:750,
擲骰判定,擲骰判定,Dice roll check,scripts/pet/pet.gd:752,
跟我猜拳,跟我猜拳,Rock-Paper-Scissors with me,scripts/pet/pet.gd:755,
與場上所有桌寵猜拳,與場上所有桌寵猜拳,Rock-paper-scissors with all pets on screen,scripts/pet/pet.gd:758,
跟其他桌寵猜拳,跟其他桌寵猜拳,Rock-Paper-Scissors with other pets,scripts/pet/pet.gd:764,
跟我玩井字棋,跟我玩井字棋,Play tic-tac-toe with me,scripts/pet/pet.gd:769,
跟其他桌寵井字棋,跟其他桌寵井字棋,Play tic-tac-toe with another pet,scripts/pet/pet.gd:777,
賽制,賽制,Match format,scripts/pet/pet.gd:789,
查看戰績,查看戰績,View record,scripts/pet/pet.gd:790,
清除戰績,清除戰績,Clear record,scripts/pet/pet.gd:791,
閒置時自己邀請對戰或找我玩遊戲,閒置時自己邀請對戰或找我玩遊戲,Invite others to a match or ask me to play a game when idle,scripts/pet/pet.gd:792,
一律拒絕對戰邀請,一律拒絕對戰邀請,Always decline match invitations,scripts/pet/pet.gd:793,
"還沒有立繪圖片,無法裝配件。","還沒有立繪圖片,無法裝配件。","No portrait image yet, so accessories can't be equipped.",scripts/pet/pet.gd:936,
還是不了,還是不了,Never mind,scripts/pet/pet.gd:1199,
叫醒,叫醒,Wake up,scripts/pet/pet.gd:1199,
(要叫醒%s嗎?),(要叫醒%s嗎?),(Wake %s up?),scripts/pet/pet.gd:1199,
"雖然想加入,但看來已經滿座了……","雖然想加入,但看來已經滿座了……","Wanted to join, but it looks like it's full already...",scripts/pet/pet.gd:2371,
使用者,使用者,User,scripts/pet/pet.gd:2483 (共 2 處),
"對了,我該怎麼稱呼你呢?","對了,我該怎麼稱呼你呢?","By the way, what should I call you?",scripts/pet/pet.gd:2489,
"欸,還沒問過你耶——我可以怎麼叫你?","欸,還沒問過你耶——我可以怎麼叫你?","Hey, I never asked — what should I call you?",scripts/pet/pet.gd:2489,
"我一直都叫你「使用者」,有沒有想要的稱呼呀?","我一直都叫你「使用者」,有沒有想要的稱呼呀?","I've just been calling you ""User"" this whole time — is there a name you'd like me to use?",scripts/pet/pet.gd:2489,
查看狀態,查看狀態,View Status,scripts/pet/pet.gd:2803,
幫我決定(抽籤)…,幫我決定(抽籤)…,Help me decide (draw lots)…,scripts/pet/pet.gd:2805,
停止計時(%s),停止計時(%s),Stop timer (%s),scripts/pet/pet.gd:2807,
幫我設定計時器…,幫我設定計時器…,Set a timer for me…,scripts/pet/pet.gd:2810,
幫我計時(碼表)…,幫我計時(碼表)…,Time it for me (stopwatch)…,scripts/pet/pet.gd:2811,
計時提醒音效,計時提醒音效,Timer alarm sound,scripts/pet/pet.gd:2821,
重複前一句,重複前一句,Repeat last line,scripts/pet/pet.gd:2824,
停止跟著我,停止跟著我,Stop following me,scripts/pet/pet.gd:2829,
跟著我,跟著我,Follow me,scripts/pet/pet.gd:2829,
固定時可隨時拖曳,固定時可隨時拖曳,Draggable anytime when fixed,scripts/pet/pet.gd:2831,
允許爬牆與天花板,允許爬牆與天花板,Allow climbing walls and ceiling,scripts/pet/pet.gd:2834,
貼合行動框底部移動,貼合行動框底部移動,Move along the bottom of the activity frame,scripts/pet/pet.gd:2836,
鏡像翻轉,鏡像翻轉,Mirror flip,scripts/pet/pet.gd:2838,
移動模式,移動模式,Movement mode,scripts/pet/pet.gd:2848,
變更配件,變更配件,Change accessories,scripts/pet/pet.gd:2864,
一群小愛心,幸福,Happiness,scripts/pet/pet_effects.gd:14 (共 2 處),
頭上大愛心,愛意,Love,scripts/pet/pet_effects.gd:15 (共 2 處),
青筋,青筋,Anger Vein,scripts/pet/pet_effects.gd:16 (共 2 處),
惱怒火苗,惱怒,Irritation,scripts/pet/pet_effects.gd:17 (共 2 處),
心煩意亂,心煩意亂,Distress,scripts/pet/pet_effects.gd:18 (共 2 處),
冒汗,冒汗,Sweat,scripts/pet/pet_effects.gd:19 (共 2 處),
閃閃發光,閃閃發光,Sparkle,scripts/pet/pet_effects.gd:20 (共 2 處),
心花怒放,心花怒放,Blooming Joy,scripts/pet/pet_effects.gd:21 (共 2 處),
全身發光,全身發光,Body Glow,scripts/pet/pet_effects.gd:22 (共 2 處),
移動殘影,移動殘影,Motion Trail,scripts/pet/pet_effects.gd:23 (共 2 處),
睏倦氣泡,睏倦,Drowsy,scripts/pet/pet_effects.gd:24 (共 2 處),
泡沫,肥皂泡,Soap Bubbles,scripts/pet/pet_effects.gd:25 (共 2 處),
憂愁,憂愁,Gloom,scripts/pet/pet_effects.gd:26 (共 2 處),
哭泣,哭泣,Crying,scripts/pet/pet_effects.gd:27 (共 2 處),
單色,單色,Single color,scripts/pet/pet_effects.gd:55,
雙色,雙色,Two colors,scripts/pet/pet_effects.gd:55,
單色漸層,單色漸層,Single-color gradient,scripts/pet/pet_effects.gd:55,
雙色漸層,雙色漸層,Two-color gradient,scripts/pet/pet_effects.gd:55,
彩虹色調,彩虹色調,Rainbow tint,scripts/pet/pet_effects.gd:55,
只要在移動,只要在移動,Whenever moving,scripts/pet/pet_effects.gd:240,
奔跑時,奔跑時,While running,scripts/pet/pet_effects.gd:240,
關閉,關閉,Off,scripts/pet/pet_effects.gd:240 (共 4 處),
被點擊,被點擊,Clicked,scripts/pet/pet_effects.gd:283,
被拖曳(抓起來的瞬間),被拖曳,Dragged,scripts/pet/pet_effects.gd:283,
開始跟隨滑鼠,開始跟隨滑鼠,Starts following the mouse,scripts/pet/pet_effects.gd:283,
黑體,黑體,Sans-serif (Heiti),scripts/pet/pet_held_prop.gd:41 (共 10 處),
"overlays 不是陣列,已忽略。","overlays 不是陣列,已忽略。",overlays is not an array; ignored.,scripts/pet/pet_overlays.gd:63,
"部件超過 %d 個的上限,多的已略過。","部件超過 %d 個的上限,多的已略過。",Exceeded the limit of %d parts; the extras were skipped.,scripts/pet/pet_overlays.gd:67,
"有一個部件不是物件,已略過。","有一個部件不是物件,已略過。",A part is not an object; skipped.,scripts/pet/pet_overlays.gd:97,
部件%d,部件%d,Part %d,scripts/pet/pet_overlays.gd:99,
"部件「%s」的 role「%s」不認得(part / blink / speak),已略過。","部件「%s」的 role「%s」不認得(part / blink / speak),已略過。",The role “%s” of part “%s” is not recognized (part / blink / speak); skipped.,scripts/pet/pet_overlays.gd:104,
"部件「%s」的動畫「%s」不是物件,已略過。","部件「%s」的動畫「%s」不是物件,已略過。",The animation “%s” of part “%s” is not an object; skipped.,scripts/pet/pet_overlays.gd:114,
"部件「%s」的動畫「%s」沒有可用的圖片,已略過。","部件「%s」的動畫「%s」沒有可用的圖片,已略過。",The animation “%s” of part “%s” has no usable images; skipped.,scripts/pet/pet_overlays.gd:118,
"部件「%s」沒有可用的 image / images / clips,已略過。","部件「%s」沒有可用的 image / images / clips,已略過。",Part “%s” has no usable image / images / clips; skipped.,scripts/pet/pet_overlays.gd:122,
"部件「%s」的 clip_for「%s」指到不存在的動畫「%s」,已略過。","部件「%s」的 clip_for「%s」指到不存在的動畫「%s」,已略過。",The clip_for “%s” of part “%s” points to a non-existent animation “%s”; skipped.,scripts/pet/pet_overlays.gd:131,
"部件「%s」沒有 anchor(錨點座標),已略過。","部件「%s」沒有 anchor(錨點座標),已略過。",Part “%s” has no anchor (anchor coordinates); skipped.,scripts/pet/pet_overlays.gd:152,
"圖片路徑「%s」不合法(只能是資料夾內的相對路徑),已略過。","圖片路徑「%s」不合法(只能是資料夾內的相對路徑),已略過。",The image path “%s” is invalid (it must be a relative path inside the folder); skipped.,scripts/pet/pet_overlays.gd:221,
"圖片「%s」不是 png / webp / jpg,已略過。","圖片「%s」不是 png / webp / jpg,已略過。",The image “%s” is not png / webp / jpg; skipped.,scripts/pet/pet_overlays.gd:224,
"圖片「%s」讀不了或太大,已略過。","圖片「%s」讀不了或太大,已略過。",The image “%s” could not be read or is too large; skipped.,scripts/pet/pet_overlays.gd:229,
"圖片「%s」毀損或尺寸超過 %d,已略過。","圖片「%s」毀損或尺寸超過 %d,已略過。",The image “%s” is corrupted or its size exceeds %d; skipped.,scripts/pet/pet_overlays.gd:242,
休息系列(睡醒後多久可以再休息),休息系列(睡醒後多久可以再休息),Rest series (how soon after waking up it can rest again),scripts/pet/pet_state_lens.gd:18,
對戰(主動邀請頻率),對戰(主動邀請頻率),Matches (frequency of initiating invites),scripts/pet/pet_state_lens.gd:18,
某個東西,某個東西,something,scripts/pet/pet_text.gd:32,
"好,幫你計時 %s。","好,幫你計時 %s。","Okay, timing %s for you.",scripts/pet/pet_timer.gd:79,"含 %s / %d 之類的格式符號,但程式裡還沒用 tr() 包起來:這句不會被翻譯(要在呼叫端改成 tr(""…"") % 值)"
"好,開始計時,記到 %s 我會提醒你。","好,開始計時,記到 %s 我會提醒你。","Okay, timer started. I'll remind you when it reaches %s.",scripts/pet/pet_timer.gd:81,"含 %s / %d 之類的格式符號,但程式裡還沒用 tr() 包起來:這句不會被翻譯(要在呼叫端改成 tr(""…"") % 值)"
"好,開始計時!要停的時候再叫我。","好,開始計時!要停的時候再叫我。","Okay, timer started! Call me when you want to stop.",scripts/pet/pet_timer.gd:83,
"計時結束,一共 %s。%s","計時結束,一共 %s。%s","Timing finished, total %s. %s",scripts/pet/pet_timer.gd:97,"含 %s / %d 之類的格式符號,但程式裡還沒用 tr() 包起來:這句不會被翻譯(要在呼叫端改成 tr(""…"") % 值)"
計時器取消了(原本剩 %s)。%s,計時器取消了(原本剩 %s)。%s,Timer cancelled (had %s left). %s,scripts/pet/pet_timer.gd:99,"含 %s / %d 之類的格式符號,但程式裡還沒用 tr() 包起來:這句不會被翻譯(要在呼叫端改成 tr(""…"") % 值)"
(暫停中),(暫停中),(paused),scripts/pet/pet_timer.gd:156,
"計時器,剩 %s(共 %s)%s%s","計時器,剩 %s(共 %s)%s%s","Timer, %s left (of %s)%s%s",scripts/pet/pet_timer.gd:159,"含 %s / %d 之類的格式符號,但程式裡還沒用 tr() 包起來:這句不會被翻譯(要在呼叫端改成 tr(""…"") % 值)"
"計時,已 %s(記到 %s 提醒)%s%s","計時,已 %s(記到 %s 提醒)%s%s","Stopwatch, %s elapsed (will remind at %s)%s%s",scripts/pet/pet_timer.gd:162,"含 %s / %d 之類的格式符號,但程式裡還沒用 tr() 包起來:這句不會被翻譯(要在呼叫端改成 tr(""…"") % 值)"
"計時,已 %s%s%s","計時,已 %s%s%s","Stopwatch, %s elapsed%s%s",scripts/pet/pet_timer.gd:163,"含 %s / %d 之類的格式符號,但程式裡還沒用 tr() 包起來:這句不會被翻譯(要在呼叫端改成 tr(""…"") % 值)"
 碼表記了 %d 次:%s。, 碼表記了 %d 次:%s。, Lap recorded %d times: %s.,scripts/pet/pet_timer.gd:174 (共 2 處),
%s怎麼了?我還在幫你計時喔!(%s),%s怎麼了?我還在幫你計時喔!(%s),"What's up, %s? I'm still timing for you! (%s)",scripts/pet/pet_timer.gd:191,"含 %s / %d 之類的格式符號,但程式裡還沒用 tr() 包起來:這句不會被翻譯(要在呼叫端改成 tr(""…"") % 值)"
%s怎麼了?計時先幫你停下囉!(%s),%s怎麼了?計時先幫你停下囉!(%s),"What's up, %s? I've paused the timer for you! (%s)",scripts/pet/pet_timer.gd:191,"含 %s / %d 之類的格式符號,但程式裡還沒用 tr() 包起來:這句不會被翻譯(要在呼叫端改成 tr(""…"") % 值)"
按一下碼表,按一下碼表,Tap the stopwatch,scripts/pet/pet_timer.gd:192,
重新計時,重新計時,Restart timer,scripts/pet/pet_timer.gd:192,
暫停計時,暫停計時,Pause timer,scripts/pet/pet_timer.gd:192,
繼續計時,繼續計時,Resume timer,scripts/pet/pet_timer.gd:192 (共 2 處),
結束計時,結束計時,End timer,scripts/pet/pet_timer.gd:192 (共 2 處),
沒什麼事,沒什麼事,Nothing,scripts/pet/pet_timer.gd:192,
"記下來了,第 %d 次:%s。","記下來了,第 %d 次:%s。","Recorded, lap %d: %s.",scripts/pet/pet_timer.gd:205,"含 %s / %d 之類的格式符號,但程式裡還沒用 tr() 包起來:這句不會被翻譯(要在呼叫端改成 tr(""…"") % 值)"
"好,重新計時!","好,重新計時!","Okay, restarting the timer!",scripts/pet/pet_timer.gd:208,
"好,先暫停(%s)。要繼續再叫我。","好,先暫停(%s)。要繼續再叫我。","Okay, pausing for now (%s). Call me when you want to resume.",scripts/pet/pet_timer.gd:212,"含 %s / %d 之類的格式符號,但程式裡還沒用 tr() 包起來:這句不會被翻譯(要在呼叫端改成 tr(""…"") % 值)"
"好,繼續計時!","好,繼續計時!","Okay, resuming the timer!",scripts/pet/pet_timer.gd:215,
剩 %s,剩 %s,%s left,scripts/pet/pet_timer.gd:225,
已 %s,已 %s,%s elapsed,scripts/pet/pet_timer.gd:226,
時間到囉!(%s),時間到囉!(%s),Time's up! (%s),scripts/pet/pet_timer.gd:298,"含 %s / %d 之類的格式符號,但程式裡還沒用 tr() 包起來:這句不會被翻譯(要在呼叫端改成 tr(""…"") % 值)"
計時到 %s 了!,計時到 %s 了!,The timer reached %s!,scripts/pet/pet_timer.gd:298,"含 %s / %d 之類的格式符號,但程式裡還沒用 tr() 包起來:這句不會被翻譯(要在呼叫端改成 tr(""…"") % 值)"
"計時失敗了……上次的計時紀錄壞掉,讀不出來。","計時失敗了……上次的計時紀錄壞掉,讀不出來。",Timer failed... the last timer record is corrupted and can't be read.,scripts/pet/pet_timer.gd:361,
"計時失敗了……上次遊戲不是正常關閉的,最後只記錄到大約 %s。","計時失敗了……上次遊戲不是正常關閉的,最後只記錄到大約 %s。","Timer failed... the game wasn't closed properly last time, so it only recorded up to about %s.",scripts/pet/pet_timer.gd:369,"含 %s / %d 之類的格式符號,但程式裡還沒用 tr() 包起來:這句不會被翻譯(要在呼叫端改成 tr(""…"") % 值)"
上次計時最後記到 %s,上次計時最後記到 %s,The last timer was recorded up to %s,scripts/pet/pet_timer.gd:371,"含 %s / %d 之類的格式符號,但程式裡還沒用 tr() 包起來:這句不會被翻譯(要在呼叫端改成 tr(""…"") % 值)"
",還剩 %s",",還剩 %s",", %s remaining",scripts/pet/pet_timer.gd:373,"含 %s / %d 之類的格式符號,但程式裡還沒用 tr() 包起來:這句不會被翻譯(要在呼叫端改成 tr(""…"") % 值)"
。要繼續計時嗎?,。要繼續計時嗎?,. Continue timing?,scripts/pet/pet_timer.gd:374,
%d 小時,%d 小時,%d hr,scripts/pet/pet_timer.gd:437,
%d 分,%d 分,%d min,scripts/pet/pet_timer.gd:439,
%d 秒,%d 秒,%d sec,scripts/pet/pet_timer.gd:441,
每,每,,scripts/pet/pet_timer.gd:469,
到,到,to,scripts/pet/pet_timer.gd:475 (共 3 處),
(\d+(?:\.\d+)?)\s*(小時|時|hours?|hrs?|h|分鐘|分|minutes?|mins?|m|秒鐘|秒|seconds?|secs?|s),(\d+(?:\.\d+)?)\s*(小時|時|hours?|hrs?|h|分鐘|分|minutes?|mins?|m|秒鐘|秒|seconds?|secs?|s),(\d+(?:\.\d+)?)\s*(小時|時|hours?|hrs?|h|分鐘|分|minutes?|mins?|m|秒鐘|秒|seconds?|secs?|s),scripts/pet/pet_timer.gd:504,
小時,小時,hours,scripts/pet/pet_timer.gd:514,
時,時,hr,scripts/pet/pet_timer.gd:514,
分鐘,分鐘,minutes,scripts/pet/pet_timer.gd:516,
分,分,min,scripts/pet/pet_timer.gd:516,
Status 面板,Status 面板,Status Panel,scripts/pet/pet_value_def.gd:24 (共 3 處),
煩躁,煩躁,Irritable,scripts/pet/pet_vitality.gd:626,
平靜,平靜,Calm,scripts/pet/pet_vitality.gd:627,
時間軸10_,時間軸10_,時間軸10_,scripts/pet/sprite_adapters/still_sprite_adapter.gd:9,
時間軸9_,時間軸9_,時間軸9_,scripts/pet/sprite_adapters/still_sprite_adapter.gd:10,
找不到角色資料夾,找不到角色資料夾,Character folder not found,scripts/pet/sprite_pack/pet_package.gd:53 (共 4 處),
無法寫入:%s,無法寫入:%s,Unable to write: %s,scripts/pet/sprite_pack/pet_package.gd:65 (共 4 處),
寫入失敗:%s,寫入失敗:%s,Write failed: %s,scripts/pet/sprite_pack/pet_package.gd:74,
路徑是空的或太長,路徑是空的或太長,The path is empty or too long,scripts/pet/sprite_pack/pet_package.gd:146,
"路徑不能是絕對路徑,也不能含反斜線或磁碟代號","路徑不能是絕對路徑,也不能含反斜線或磁碟代號","The path can't be absolute, and can't contain backslashes or a drive letter",scripts/pet/sprite_pack/pet_package.gd:148,
路徑含控制字元,路徑含控制字元,The path contains control characters,scripts/pet/sprite_pack/pet_package.gd:152,
資料夾太深,資料夾太深,The folder is nested too deeply,scripts/pet/sprite_pack/pet_package.gd:155,
路徑含不合法的段落(空的、. 或 ..),路徑含不合法的段落(空的、. 或 ..),"The path contains an invalid segment (empty, . or ..)",scripts/pet/sprite_pack/pet_package.gd:158,
檔名開頭結尾不能是空白或句點,檔名開頭結尾不能是空白或句點,File names can't start or end with a space or a period,scripts/pet/sprite_pack/pet_package.gd:160,
檔名含不能用的符號,檔名含不能用的符號,The file name contains disallowed characters,scripts/pet/sprite_pack/pet_package.gd:163,
檔名是系統保留字,檔名是系統保留字,The file name is a reserved system name,scripts/pet/sprite_pack/pet_package.gd:165,
找不到檔案:%s,找不到檔案:%s,File not found: %s,scripts/pet/sprite_pack/pet_package.gd:174,
這不是有效的 .pet 檔(太小了),這不是有效的 .pet 檔(太小了),This is not a valid .pet file (too small),scripts/pet/sprite_pack/pet_package.gd:180,
檔案太大了(超過 %d MB),檔案太大了(超過 %d MB),The file is too large (over %d MB),scripts/pet/sprite_pack/pet_package.gd:182,
這不是有效的 .pet 檔(找不到壓縮檔目錄),這不是有效的 .pet 檔(找不到壓縮檔目錄),This is not a valid .pet file (archive directory not found),scripts/pet/sprite_pack/pet_package.gd:192,
不支援 ZIP64 格式的檔案,不支援 ZIP64 格式的檔案,ZIP64 files are not supported,scripts/pet/sprite_pack/pet_package.gd:197 (共 2 處),
檔案數量太多了(超過 %d 個),檔案數量太多了(超過 %d 個),Too many files (over %d),scripts/pet/sprite_pack/pet_package.gd:199,
這不是有效的 .pet 檔(目錄範圍不正確),這不是有效的 .pet 檔(目錄範圍不正確),This is not a valid .pet file (directory range is incorrect),scripts/pet/sprite_pack/pet_package.gd:201,
這不是有效的 .pet 檔(目錄項目損壞),這不是有效的 .pet 檔(目錄項目損壞),This is not a valid .pet file (directory entry is corrupted),scripts/pet/sprite_pack/pet_package.gd:208,
這不是有效的 .pet 檔(檔名超出範圍),這不是有效的 .pet 檔(檔名超出範圍),This is not a valid .pet file (file name is out of range),scripts/pet/sprite_pack/pet_package.gd:217,
不支援加密的壓縮檔,不支援加密的壓縮檔,Encrypted archives are not supported,scripts/pet/sprite_pack/pet_package.gd:221,
檔案「%s」不安全:%s,檔案「%s」不安全:%s,The file “%s” is unsafe: %s,scripts/pet/sprite_pack/pet_package.gd:242,
有重複的檔名:%s,有重複的檔名:%s,Duplicate file name: %s,scripts/pet/sprite_pack/pet_package.gd:247,
壓縮方式不支援,壓縮方式不支援,Unsupported compression method,scripts/pet/sprite_pack/pet_package.gd:252,
"檔案「%s」大得不合理,已拒絕","檔案「%s」大得不合理,已拒絕",The file “%s” is unreasonably large and was rejected,scripts/pet/sprite_pack/pet_package.gd:255,
解壓後總量太大了(超過 %d MB),解壓後總量太大了(超過 %d MB),The total size after extraction is too large (over %d MB),scripts/pet/sprite_pack/pet_package.gd:259,
manifest.json 太大,manifest.json 太大,manifest.json is too large,scripts/pet/sprite_pack/pet_package.gd:263,
素材包裡有不允許的檔案:%s(只接受圖片、音效、JSON 與文字檔),素材包裡有不允許的檔案:%s(只接受圖片、音效、JSON 與文字檔),"The asset pack contains a disallowed file: %s (only images, audio, JSON and text files are accepted)",scripts/pet/sprite_pack/pet_package.gd:268,
素材包裡的 JSON 太大:%s,素材包裡的 JSON 太大:%s,A JSON file in the asset pack is too large: %s,scripts/pet/sprite_pack/pet_package.gd:271,
%s 太大,%s 太大,%s is too large,scripts/pet/sprite_pack/pet_package.gd:276,
有不認得的內容:%s(.pet 只能有 manifest.json、pack/、character/),有不認得的內容:%s(.pet 只能有 manifest.json、pack/、character/),"Unrecognized content: %s (a .pet may only contain manifest.json, pack/ and character/)",scripts/pet/sprite_pack/pet_package.gd:280,
這不是角色分享包(沒有 manifest.json),這不是角色分享包(沒有 manifest.json),This is not a character share pack (no manifest.json),scripts/pet/sprite_pack/pet_package.gd:284,
這個分享包裡沒有素材(pack/ 是空的),這個分享包裡沒有素材(pack/ 是空的),This share pack contains no assets (pack/ is empty),scripts/pet/sprite_pack/pet_package.gd:287,
這不是角色分享包(fileType 不對),這不是角色分享包(fileType 不對),This is not a character share pack (wrong fileType),scripts/pet/sprite_pack/pet_package.gd:295,
"這個分享包的版本(%s)這個程式不認得,請更新程式後再試","這個分享包的版本(%s)這個程式不認得,請更新程式後再試",This share pack's version (%s) isn't recognized by this program. Please update and try again,scripts/pet/sprite_pack/pet_package.gd:299,
讀不了這個檔案(不是有效的壓縮檔),讀不了這個檔案(不是有效的壓縮檔),Unable to read this file (not a valid archive),scripts/pet/sprite_pack/pet_package.gd:312 (共 2 處),
%s 不是有效的 JSON,%s 不是有效的 JSON,%s is not valid JSON,scripts/pet/sprite_pack/pet_package.gd:317,
壓縮檔內容和目錄不一致:%s,壓縮檔內容和目錄不一致:%s,Archive contents don't match the directory: %s,scripts/pet/sprite_pack/pet_package.gd:357,
"檔案「%s」的實際大小和目錄不符,已拒絕","檔案「%s」的實際大小和目錄不符,已拒絕",The actual size of the file “%s” doesn't match the directory and it was rejected,scripts/pet/sprite_pack/pet_package.gd:373,
"%s 不是有效的 JSON 字典,已拒絕","%s 不是有效的 JSON 字典,已拒絕",%s is not a valid JSON dictionary and was rejected,scripts/pet/sprite_pack/pet_package.gd:380,
無法寫入 pack.json,無法寫入 pack.json,Unable to write pack.json,scripts/pet/sprite_pack/pet_package.gd:409 (共 3 處),
無法建立角色資料夾:%s,無法建立角色資料夾:%s,Unable to create character folder: %s,scripts/pet/sprite_pack/pet_package.gd:413,
無法放入角色設定:%s,無法放入角色設定:%s,Unable to add character settings: %s,scripts/pet/sprite_pack/pet_package.gd:419,
名字不能是空的,名字不能是空的,The name can't be empty,scripts/pet/sprite_pack/sprite_library.gd:169,
名字裡沒有可以當資料夾名的字(不能只有符號或底線),名字裡沒有可以當資料夾名的字(不能只有符號或底線),The name has no characters usable as a folder name (it can't be only symbols or underscores),scripts/pet/sprite_pack/sprite_library.gd:172,
"「%s」是系統保留的名字,請換一個","「%s」是系統保留的名字,請換一個",“%s” is a reserved system name. Please choose another,scripts/pet/sprite_pack/sprite_library.gd:174,
找不到資料夾:%s,找不到資料夾:%s,Folder not found: %s,scripts/pet/sprite_pack/sprite_library.gd:216 (共 3 處),
不能匯入包含 sprite 資料夾本身的資料夾,不能匯入包含 sprite 資料夾本身的資料夾,Can't import a folder that contains the sprite folder itself,scripts/pet/sprite_pack/sprite_library.gd:221,
讀不了資料夾:%s,讀不了資料夾:%s,Unable to read folder: %s,scripts/pet/sprite_pack/sprite_library.gd:243 (共 2 處),
"這個資料夾的檔案太多了(超過 %d 個),看起來不是素材包","這個資料夾的檔案太多了(超過 %d 個),看起來不是素材包",This folder has too many files (over %d); it doesn't look like an asset pack,scripts/pet/sprite_pack/sprite_library.gd:266,
"這個資料夾太大了(超過 %d MB),看起來不是素材包","這個資料夾太大了(超過 %d MB),看起來不是素材包",This folder is too large (over %d MB); it doesn't look like an asset pack,scripts/pet/sprite_pack/sprite_library.gd:268,
已經有叫「%s」的角色了,已經有叫「%s」的角色了,A character named “%s” already exists,scripts/pet/sprite_pack/sprite_library.gd:342,
無法把資料夾改名(是不是有程式正開著它?),無法把資料夾改名(是不是有程式正開著它?),Unable to rename the folder (is another program using it?),scripts/pet/sprite_pack/sprite_library.gd:350,
無法把資料夾搬到備份(是不是有程式正開著它?),無法把資料夾搬到備份(是不是有程式正開著它?),Unable to move the folder to backup (is another program using it?),scripts/pet/sprite_pack/sprite_library.gd:396,
"資料夾裡找不到可用的圖片(需要 <動作>_<幀>.png 之類的檔名,見 docs/素材包格式.md)","資料夾裡找不到可用的圖片(需要 <動作>_<幀>.png 之類的檔名,見 docs/素材包格式.md)",No usable images found in the folder (file names like <action>_<frame>.png are required; see docs/素材包格式.md),scripts/pet/sprite_pack/sprite_pack_loader.gd:68,
圖片都讀不出來(檔案損毀或超過大小上限),圖片都讀不出來(檔案損毀或超過大小上限),None of the images could be read (files corrupted or over the size limit),scripts/pet/sprite_pack/sprite_pack_loader.gd:87,
算不出畫布大小(軸心設定有問題?),算不出畫布大小(軸心設定有問題?),Unable to calculate the canvas size (is there a problem with the pivot settings?),scripts/pet/sprite_pack/sprite_pack_loader.gd:137,
"素材包沒有待機(idle/stand)動作,先拿「%s」的第一幀當待機;可在 pack.json 的 actions 指定 idle。","素材包沒有待機(idle/stand)動作,先拿「%s」的第一幀當待機;可在 pack.json 的 actions 指定 idle。","The asset pack has no idle/stand action, so the first frame of “%s” is used as idle for now; you can specify idle in actions in pack.json.",scripts/pet/sprite_pack/sprite_pack_loader.gd:228,
讀到 %d 個動作(系統動作 + 自訂動作)、畫布 %d×%d、眨眼 %s。,讀到 %d 個動作(系統動作 + 自訂動作)、畫布 %d×%d、眨眼 %s。,"Read %d actions (system actions + custom actions), canvas %d×%d, blink %s.",scripts/pet/sprite_pack/sprite_pack_loader.gd:270,
有(逐幀對應),有(逐幀對應),Yes (frame by frame),scripts/pet/sprite_pack/sprite_pack_loader.gd:270,
沒有,沒有,None,scripts/pet/sprite_pack/sprite_pack_loader.gd:270,
"pack.json 讀不了或太大,已忽略,改用自動偵測。","pack.json 讀不了或太大,已忽略,改用自動偵測。","pack.json could not be read or is too large; ignored, using auto-detection instead.",scripts/pet/sprite_pack/sprite_pack_loader.gd:326,
"pack.json 不是有效的 JSON 物件,已忽略,改用自動偵測。","pack.json 不是有效的 JSON 物件,已忽略,改用自動偵測。","pack.json is not a valid JSON object; ignored, using auto-detection instead.",scripts/pet/sprite_pack/sprite_pack_loader.gd:330,
"沒有 default 資料夾,拿「%s」當本體。","沒有 default 資料夾,拿「%s」當本體。",No default folder; using “%s” as the base.,scripts/pet/sprite_pack/sprite_pack_loader.gd:373,
"資料夾「%s」不是 default 也不是眨眼資料夾(%s),目前沒有用到;在 pack.json 用 ""blink"" 指定眨眼資料夾名稱。","資料夾「%s」不是 default 也不是眨眼資料夾(%s),目前沒有用到;在 pack.json 用 ""blink"" 指定眨眼資料夾名稱。","The folder “%s” is neither default nor the blink folder (%s) and is currently unused; specify the blink folder name with ""blink"" in pack.json.",scripts/pet/sprite_pack/sprite_pack_loader.gd:392,
"圖片超過 %d 張的上限,多的已略過。","圖片超過 %d 張的上限,多的已略過。",Exceeded the limit of %d images; the extras were skipped.,scripts/pet/sprite_pack/sprite_pack_loader.gd:403,
"pack.json 的 frames「%s」沒有可用的項目,維持原本掃到的幀。","pack.json 的 frames「%s」沒有可用的項目,維持原本掃到的幀。",The frames entry “%s” in pack.json has no usable items; keeping the frames originally scanned.,scripts/pet/sprite_pack/sprite_pack_loader.gd:439,
"frames 裡有看不懂的項目,已略過:%s","frames 裡有看不懂的項目,已略過:%s",Unrecognized item in frames; skipped: %s,scripts/pet/sprite_pack/sprite_pack_loader.gd:454 (共 2 處),
"frames 的 fx(圖片處理)寫法不對,已忽略:%s","frames 的 fx(圖片處理)寫法不對,已忽略:%s",The fx (image processing) syntax in frames is incorrect; ignored: %s,scripts/pet/sprite_pack/sprite_pack_loader.gd:461,
frames 的切片範圍不是數字:%s,frames 的切片範圍不是數字:%s,The slice range in frames is not numeric: %s,scripts/pet/sprite_pack/sprite_pack_loader.gd:471,
"frames 的切片範圍不合理,已略過:%s","frames 的切片範圍不合理,已略過:%s",The slice range in frames is unreasonable; skipped: %s,scripts/pet/sprite_pack/sprite_pack_loader.gd:475,
"frames 的路徑必須是素材包資料夾內的相對路徑,已略過:%s","frames 的路徑必須是素材包資料夾內的相對路徑,已略過:%s",Paths in frames must be relative paths inside the asset pack folder; skipped: %s,scripts/pet/sprite_pack/sprite_pack_loader.gd:496,
"frames 的檔案不是圖片,已略過:%s","frames 的檔案不是圖片,已略過:%s",The file in frames is not an image; skipped: %s,scripts/pet/sprite_pack/sprite_pack_loader.gd:499,
"frames 指到的檔案不存在,已略過:%s","frames 指到的檔案不存在,已略過:%s",The file referenced in frames doesn't exist; skipped: %s,scripts/pet/sprite_pack/sprite_pack_loader.gd:503,
"精靈圖尺寸超過 %d,已略過:%s","精靈圖尺寸超過 %d,已略過:%s",The sprite sheet size exceeds %d; skipped: %s,scripts/pet/sprite_pack/sprite_pack_loader.gd:561,
"素材包總像素超過上限,後面的圖已略過。","素材包總像素超過上限,後面的圖已略過。",The asset pack's total pixels exceed the limit; later images were skipped.,scripts/pet/sprite_pack/sprite_pack_loader.gd:565 (共 3 處),
"檔名「%s」看不出幀編號(要像 walk_0.png 或 walk00.png),已略過。","檔名「%s」看不出幀編號(要像 walk_0.png 或 walk00.png),已略過。",Can't determine the frame number from the file name “%s” (it should look like walk_0.png or walk00.png); skipped.,scripts/pet/sprite_pack/sprite_pack_loader.gd:607,
"「%s/%s」看不出幀編號,已略過。","「%s/%s」看不出幀編號,已略過。",Can't determine the frame number of “%s/%s”; skipped.,scripts/pet/sprite_pack/sprite_pack_loader.gd:633,
"動作對應「%s」指定的「%s」在素材包裡找不到,已略過。","動作對應「%s」指定的「%s」在素材包裡找不到,已略過。",The “%s” specified by the action mapping “%s” was not found in the asset pack; skipped.,scripts/pet/sprite_pack/sprite_pack_loader.gd:681,
"切片超出精靈圖範圍,已略過:%s %s","切片超出精靈圖範圍,已略過:%s %s",The slice is outside the sprite sheet; skipped: %s %s,scripts/pet/sprite_pack/sprite_pack_loader.gd:745 (共 2 處),
"圖片尺寸超過 %d,已略過:%s","圖片尺寸超過 %d,已略過:%s",The image size exceeds %d; skipped: %s,scripts/pet/sprite_pack/sprite_pack_loader.gd:752 (共 2 處),
"圖片處理的寫法不對,已略過這一幀:%s","圖片處理的寫法不對,已略過這一幀:%s",The image processing syntax is incorrect; skipped this frame: %s,scripts/pet/sprite_pack/sprite_pack_loader.gd:806,
"圖片處理的結果是空的或太大,已略過這一幀:%s(%s)","圖片處理的結果是空的或太大,已略過這一幀:%s(%s)",The image processing result is empty or too large; skipped this frame: %s (%s),scripts/pet/sprite_pack/sprite_pack_loader.gd:810,
"檔案太大(> %d MB),已略過:%s","檔案太大(> %d MB),已略過:%s",The file is too large (> %d MB); skipped: %s,scripts/pet/sprite_pack/sprite_pack_loader.gd:820,
"圖片毀損或格式不對,已略過:%s","圖片毀損或格式不對,已略過:%s",The image is corrupted or in the wrong format; skipped: %s,scripts/pet/sprite_pack/sprite_pack_loader.gd:833,
"待機圖底部疑似有烘進去的名字標籤(半透明色塊),角色可能會浮在地面上方;在 pack.json 設 ""nametag"": ""align"" 可用標籤自動對齊腳底與中心,並自動裁掉標籤。","待機圖底部疑似有烘進去的名字標籤(半透明色塊),角色可能會浮在地面上方;在 pack.json 設 ""nametag"": ""align"" 可用標籤自動對齊腳底與中心,並自動裁掉標籤。","The bottom of the idle image seems to have a baked-in name tag (a translucent block), so the character may float above the ground. Setting ""nametag"": ""align"" in pack.json aligns the feet and center using the tag and crops the tag off automatically.",scripts/pet/sprite_pack/sprite_pack_loader.gd:884,
資料夾裡找不到可用的圖片,資料夾裡找不到可用的圖片,No usable images found in the folder,scripts/pet/sprite_pack/sprite_pack_loader.gd:967,
切片超出精靈圖範圍:%s,切片超出精靈圖範圍:%s,The slice is outside the sprite sheet: %s,scripts/pet/sprite_pack/sprite_pack_loader.gd:1015,
只支援 Windows,只支援 Windows,Windows only,scripts/platform/auto_start.gd:40,
找不到執行檔路徑,找不到執行檔路徑,Couldn't find the executable path,scripts/platform/auto_start.gd:44,
寫入登錄檔失敗:%s,寫入登錄檔失敗:%s,Failed to write to the registry: %s,scripts/platform/auto_start.gd:47,
指定時間段,指定時間段,A specified time range,scripts/props/furniture_condition.gd:53,
有桌寵正在做某個動作,有桌寵正在做某個動作,A pet is doing a certain action,scripts/props/furniture_condition.gd:55,
一直啟用,一直啟用,Always on,scripts/props/furniture_condition.gd:57 (共 2 處),
電器,電器,Appliance,scripts/props/furniture_def.gd:41,
廚具,廚具,Kitchenware,scripts/props/furniture_def.gd:41,
容器,容器,Container,scripts/props/furniture_def.gd:41,
書架,書架,Bookshelf,scripts/props/furniture_def.gd:41,
櫃子,櫃子,Cabinet,scripts/props/furniture_def.gd:41,
桌子,桌子,Table,scripts/props/furniture_def.gd:41,
床,床,Bed,scripts/props/furniture_def.gd:41,
沙發,沙發,Sofa,scripts/props/furniture_def.gd:41,
椅子,椅子,Chair,scripts/props/furniture_def.gd:41,
燈具,燈具,Lamp,scripts/props/furniture_def.gd:41,
運動器材,運動器材,Sports Equipment,scripts/props/furniture_def.gd:42,
遊樂設施,遊樂設施,Playground Equipment,scripts/props/furniture_def.gd:42,
樂器,樂器,Instrument,scripts/props/furniture_def.gd:42,
鏡子,鏡子,Mirror,scripts/props/furniture_def.gd:42,
窗簾,窗簾,Curtain,scripts/props/furniture_def.gd:42,
地毯,地毯,Rug,scripts/props/furniture_def.gd:42,
植物,植物,Plant,scripts/props/furniture_def.gd:42,
裝飾品,裝飾品,Decoration,scripts/props/furniture_def.gd:42,
衛浴,衛浴,Bathroom Fixture,scripts/props/furniture_def.gd:43,
壁爐,壁爐,Fireplace,scripts/props/furniture_def.gd:43,
時鐘,時鐘,Clock,scripts/props/furniture_def.gd:43,
掛畫,掛畫,Wall Art,scripts/props/furniture_def.gd:43,
遊戲機,遊戲機,Game Console,scripts/props/furniture_def.gd:43,
其他,其他,Other,scripts/props/furniture_def.gd:43,
檯燈,檯燈,Table Lamp,scripts/props/furniture_library.gd:15 (共 2 處),
迪斯可燈,迪斯可燈,Disco Light,scripts/props/furniture_library.gd:16 (共 2 處),
純裝飾,純裝飾,Purely Decorative,scripts/props/furniture_library.gd:17 (共 2 處),
名稱不能是空的。,名稱不能是空的。,The name can't be empty.,scripts/props/furniture_library.gd:73 (共 3 處),
無法寫入家具資料夾。,無法寫入家具資料夾。,Unable to write to the furniture folder.,scripts/props/furniture_library.gd:79,
找不到這件家具。,找不到這件家具。,This piece of furniture could not be found.,scripts/props/furniture_library.gd:125,
無法把家具搬到備份資料夾。,無法把家具搬到備份資料夾。,Unable to move the furniture to the backup folder.,scripts/props/furniture_library.gd:130,
請先存檔再匯入圖片。,請先存檔再匯入圖片。,Please save before importing an image.,scripts/props/furniture_library.gd:137 (共 2 處),
只支援 png、jpg、webp 圖片。,只支援 png、jpg、webp 圖片。,"Only png, jpg and webp images are supported.",scripts/props/furniture_library.gd:139 (共 2 處),
圖片檔案太大(上限 8 MB)。,圖片檔案太大(上限 8 MB)。,The image file is too large (limit 8 MB).,scripts/props/furniture_library.gd:144 (共 2 處),
圖片毀損或格式不對。,圖片毀損或格式不對。,The image is corrupted or in the wrong format.,scripts/props/furniture_library.gd:147 (共 2 處),
圖片太大(長寬上限 2048)。,圖片太大(長寬上限 2048)。,The image is too large (width and height limit 2048).,scripts/props/furniture_library.gd:149 (共 2 處),
無法儲存圖片。,無法儲存圖片。,Unable to save the image.,scripts/props/furniture_library.gd:152 (共 2 處),
食物,食物,Food,scripts/props/prop_library.gd:16 (共 2 處),
金錢,金錢,Money,scripts/props/prop_library.gd:18 (共 2 處),
金幣,金幣,Coin,scripts/props/prop_library.gd:19,
洗滌用品,洗滌用品,Cleaning Supplies,scripts/props/prop_library.gd:20 (共 2 處),
玩具,玩具,Toy,scripts/props/prop_library.gd:21 (共 2 處),
球,球,Ball,scripts/props/prop_library.gd:22 (共 2 處),
逗貓棒,逗貓棒,Cat Teaser,scripts/props/prop_library.gd:23 (共 2 處),
無法寫入道具資料夾。,無法寫入道具資料夾。,Unable to write to the prop folder.,scripts/props/prop_library.gd:120,
找不到這個道具。,找不到這個道具。,This prop could not be found.,scripts/props/prop_library.gd:168,
無法把道具搬到備份資料夾。,無法把道具搬到備份資料夾。,Unable to move the prop to the backup folder.,scripts/props/prop_library.gd:173,
視窗背景,視窗背景,Window background,scripts/ui/manager/app_settings.gd:18,
輸入框與清單底色,輸入框與清單底色,Input field and list background,scripts/ui/manager/app_settings.gd:18,
文字,文字,Text,scripts/ui/manager/app_settings.gd:18,
次要文字(停用、無效、提示、說明圖示),次要文字(停用、無效、提示、說明圖示),"Secondary text (disabled, invalid, hints, help icons)",scripts/ui/manager/app_settings.gd:18,
按鈕,按鈕,Buttons,scripts/ui/manager/app_settings.gd:18,
強調色(選取、焦點),強調色(選取、焦點),"Accent color (selection, focus)",scripts/ui/manager/app_settings.gd:18,
筆記本,筆記本,Notebook,scripts/ui/manager/app_settings.gd:21,
明亮,明亮,Bright,scripts/ui/manager/app_settings.gd:22,
灰暗,灰暗,Dim,scripts/ui/manager/app_settings.gd:23,
深夜,深夜,Midnight,scripts/ui/manager/app_settings.gd:24,
薄荷,薄荷,Mint,scripts/ui/manager/app_settings.gd:25,
新星,新星,Nova,scripts/ui/manager/app_settings.gd:26,
抹茶,抹茶,Matcha,scripts/ui/manager/app_settings.gd:27,
草莓,草莓,Strawberry,scripts/ui/manager/app_settings.gd:28,
布丁,布丁,Pudding,scripts/ui/manager/app_settings.gd:29,
暖橘,暖橘,Warm Orange,scripts/ui/manager/app_settings.gd:30,
天藍,天藍,Sky Blue,scripts/ui/manager/app_settings.gd:31,
桔梗,桔梗,Bellflower,scripts/ui/manager/app_settings.gd:32,
繁體中文(ZH-CN),繁體中文(ZH-CN),,scripts/ui/manager/app_settings.gd:191,
英文(EN),英文(EN),,scripts/ui/manager/app_settings.gd:192,
全局設定,全局設定,Global Settings,scripts/ui/manager/app_settings_tab.gd:51 (共 2 處),
"全部桌寵共用的音效設定。音量是整個程式的總音量(說話聲與效果音一起調),靜音會讓所有桌寵都不出聲;每隻桌寵自己的靜音在測試者面板與桌寵管理裡。改了立刻生效,下次開機也會沿用。","全部桌寵共用的音效設定。音量是整個程式的總音量(說話聲與效果音一起調),靜音會讓所有桌寵都不出聲;每隻桌寵自己的靜音在測試者面板與桌寵管理裡。改了立刻生效,下次開機也會沿用。","Sound settings shared by all pets. Volume is the master volume for the whole program (speech and sound effects together), and muting silences every pet; each pet's own mute is in the Tester Panel and Pet Manager. Changes take effect immediately and are kept for next launch.",scripts/ui/manager/app_settings_tab.gd:69,
靜音(全部桌寵),靜音(全部桌寵),Mute (all pets),scripts/ui/manager/app_settings_tab.gd:71,
已靜音。,已靜音。,Muted.,scripts/ui/manager/app_settings_tab.gd:75,
已解除靜音。,已解除靜音。,Unmuted.,scripts/ui/manager/app_settings_tab.gd:75,
說話音效(對話氣泡打字時的聲音),說話音效(對話氣泡打字時的聲音),Speech sound (the sound played as dialogue bubbles type out),scripts/ui/manager/app_settings_tab.gd:78,
說話音效已開啟。,說話音效已開啟。,Speech sound turned on.,scripts/ui/manager/app_settings_tab.gd:82,
說話音效已關閉。,說話音效已關閉。,Speech sound turned off.,scripts/ui/manager/app_settings_tab.gd:82,
全部桌寵的音量已設成 %d%%。,全部桌寵的音量已設成 %d%%。,Volume for all pets set to %d%%.,scripts/ui/manager/app_settings_tab.gd:95,
全部桌寵音量,全部桌寵音量,Volume for all pets,scripts/ui/manager/app_settings_tab.gd:100,
"自己匯入的音效檔(ogg / wav / mp3),不綁定特定桌寵——匯入一次,任何桌寵的右鍵選單「計時提醒音效」都選得到,跟內建的幾個音效並列。","自己匯入的音效檔(ogg / wav / mp3),不綁定特定桌寵——匯入一次,任何桌寵的右鍵選單「計時提醒音效」都選得到,跟內建的幾個音效並列。","Your own imported sound files (ogg / wav / mp3), not tied to a specific pet — import once, and any pet's right-click ""Timer Reminder Sound"" menu can pick it, alongside the built-in sounds.",scripts/ui/manager/app_settings_tab.gd:101,
提醒音效庫,提醒音效庫,Reminder Sound Library,scripts/ui/manager/app_settings_tab.gd:101,
匯入音效…,匯入音效…,Import Sound…,scripts/ui/manager/app_settings_tab.gd:107,
刪除選取的音效,刪除選取的音效,Delete Selected Sound,scripts/ui/manager/app_settings_tab.gd:110,
選擇提醒音效,選擇提醒音效,Choose a Reminder Sound,scripts/ui/manager/app_settings_tab.gd:129,
"*.ogg,*.wav,*.mp3;音效檔","*.ogg,*.wav,*.mp3;音效檔","*.ogg,*.wav,*.mp3;Sound files",scripts/ui/manager/app_settings_tab.gd:129 (共 2 處),
已刪除「%s」(已經選這個音效當計時提醒的桌寵會退回內建預設)。,已刪除「%s」(已經選這個音效當計時提醒的桌寵會退回內建預設)。,"Deleted ""%s"" (pets that had this set as their timer reminder sound will fall back to the built-in default).",scripts/ui/manager/app_settings_tab.gd:146,
介面語系,介面語系,UI language,scripts/ui/manager/app_settings_tab.gd:151 (共 2 處),
"程式介面(選單、視窗、按鈕)使用的語言。介面文字的原文是繁體中文;其他語系要有翻譯(translations/ui_strings.csv)才會生效,沒翻的字串顯示原文。桌寵對話的多語系則要去積木編輯器的「翻譯檢視」修改。","程式介面(選單、視窗、按鈕)使用的語言。介面文字的原文是繁體中文;其他語系要有翻譯(translations/ui_strings.csv)才會生效,沒翻的字串顯示原文。桌寵對話的多語系則要去積木編輯器的「翻譯檢視」修改。","The language used by the program's interface (menus, windows, buttons). The original UI text is Traditional Chinese; other languages only take effect if a translation exists (translations/ui_strings.csv), and untranslated strings show the original text. Pet dialogue in multiple languages is edited in the block editor's “Translation View”.",scripts/ui/manager/app_settings_tab.gd:151,
介面語系已設成 %s(沒有翻譯的字串會顯示原文)。,介面語系已設成 %s(沒有翻譯的字串會顯示原文)。,UI language set to %s (untranslated strings will show the original text).,scripts/ui/manager/app_settings_tab.gd:163,
介面語系已設成繁體中文。,介面語系已設成繁體中文。,UI language set to Traditional Chinese.,scripts/ui/manager/app_settings_tab.gd:163,
效能,效能,Performance,scripts/ui/manager/app_settings_tab.gd:179,
"最高影格率:程式每秒最多更新畫面幾次。越低越省電、越省 CPU/GPU;越高動畫與拖曳越順。桌寵的動畫本身通常只有 8~14 fps,調高對畫面的幫助有限,電腦比較吃力時可以調低。改了立刻生效,下次開機也會沿用。","最高影格率:程式每秒最多更新畫面幾次。越低越省電、越省 CPU/GPU;越高動畫與拖曳越順。桌寵的動畫本身通常只有 8~14 fps,調高對畫面的幫助有限,電腦比較吃力時可以調低。改了立刻生效,下次開機也會沿用。","Max frame rate: the maximum number of times per second the program updates the screen. Lower saves more power and CPU/GPU; higher makes animation and dragging smoother. Pet animations themselves are usually only 8~14 fps, so raising this helps little; lower it if your computer struggles. Changes take effect immediately and are kept for next launch.",scripts/ui/manager/app_settings_tab.gd:179,
最高影格率已設成 %d fps。,最高影格率已設成 %d fps。,Max frame rate set to %d fps.,scripts/ui/manager/app_settings_tab.gd:188,
最高影格率,最高影格率,Max frame rate,scripts/ui/manager/app_settings_tab.gd:189,
啟用光源(角色身上的發光效果;關掉可以省效能),啟用光源(角色身上的發光效果;關掉可以省效能),Enable lights (glow effects on characters; turn off to save performance),scripts/ui/manager/app_settings_tab.gd:191,
光源已開啟。,光源已開啟。,Lights turned on.,scripts/ui/manager/app_settings_tab.gd:198,
光源已關閉。,光源已關閉。,Lights turned off.,scripts/ui/manager/app_settings_tab.gd:198,
浮動視窗保持在最上層,浮動視窗保持在最上層,Keep floating windows on top,scripts/ui/manager/app_settings_tab.gd:201,
"管理視窗、編輯器等浮動視窗永遠蓋在其他程式上面。浮動視窗被其他程式蓋住的話,也可以用系統匣的「浮動視窗重設」拉回來。","管理視窗、編輯器等浮動視窗永遠蓋在其他程式上面。浮動視窗被其他程式蓋住的話,也可以用系統匣的「浮動視窗重設」拉回來。","Floating windows like the manager and editors stay above other programs. If one gets covered by another program, use “Reset Floating Windows” in the tray menu to bring it back.",scripts/ui/manager/app_settings_tab.gd:203,
浮動視窗保持在最上層。,浮動視窗保持在最上層。,Floating windows will stay on top.,scripts/ui/manager/app_settings_tab.gd:209,
浮動視窗保持在最上層已關閉。,浮動視窗保持在最上層已關閉。,Floating windows will no longer stay on top.,scripts/ui/manager/app_settings_tab.gd:209,
開機,開機,Startup,scripts/ui/manager/app_settings_tab.gd:215,
"電腦開機、登入 Windows 之後自動打開這個程式。寫在「目前使用者」的開機清單裡,不需要系統管理員權限,關掉這個選項或在系統的「啟動應用程式」設定裡關掉都可以取消。只支援 Windows;在還沒匯出成 exe 的開發專案裡開這個開關,開機時打開的會是 Godot 編輯器本身,不是遊戲。","電腦開機、登入 Windows 之後自動打開這個程式。寫在「目前使用者」的開機清單裡,不需要系統管理員權限,關掉這個選項或在系統的「啟動應用程式」設定裡關掉都可以取消。只支援 Windows;在還沒匯出成 exe 的開發專案裡開這個開關,開機時打開的會是 Godot 編輯器本身,不是遊戲。","Automatically opens this program after your computer starts and you log into Windows. It's added to the ""current user"" startup list, no administrator rights needed; turning this off here, or in Windows' own ""Startup Apps"" settings, both cancel it. Windows only; if you enable this in a dev project that hasn't been exported as an exe yet, the Godot editor itself will open at startup, not the game.",scripts/ui/manager/app_settings_tab.gd:215,
開機時自動啟動(預設關閉),開機時自動啟動(預設關閉),Automatically launch at startup (off by default),scripts/ui/manager/app_settings_tab.gd:217,
這台系統不支援(只有 Windows 才有)。,這台系統不支援(只有 Windows 才有)。,Not supported on this system (Windows only).,scripts/ui/manager/app_settings_tab.gd:220,
設定失敗:%s,設定失敗:%s,Setup failed: %s,scripts/ui/manager/app_settings_tab.gd:229,
開機時會自動啟動。,開機時會自動啟動。,Will launch automatically at startup.,scripts/ui/manager/app_settings_tab.gd:231,
已取消開機自動啟動。,已取消開機自動啟動。,Startup auto-launch has been cancelled.,scripts/ui/manager/app_settings_tab.gd:231,
夜間螢火蟲,夜間螢火蟲,Night Fireflies,scripts/ui/manager/app_settings_tab.gd:237,
"行動區裡飄動的背景裝飾(不會和桌寵、道具互動)。「自動」= 本機時間 18:00 之後出現、隔天 06:00 收起;也可以自己指定幾點到幾點、總是出現或完全關閉。多數螢火蟲只是忽隱忽現的白色小點(假光,幾乎不耗效能),少數「真光」還會有一圈柔和的光暈;不勾「啟用光源」就全部只畫小點。螢火蟲所在的小塊區域滑鼠點不到桌面(很小,飄走就恢復)。","行動區裡飄動的背景裝飾(不會和桌寵、道具互動)。「自動」= 本機時間 18:00 之後出現、隔天 06:00 收起;也可以自己指定幾點到幾點、總是出現或完全關閉。多數螢火蟲只是忽隱忽現的白色小點(假光,幾乎不耗效能),少數「真光」還會有一圈柔和的光暈;不勾「啟用光源」就全部只畫小點。螢火蟲所在的小塊區域滑鼠點不到桌面(很小,飄走就恢復)。","Background decorations drifting in the activity area (they don't interact with pets or props). “Auto” = appears after 18:00 local time and hides at 06:00 the next day; you can also set the hours yourself, keep them always on, or turn them off entirely. Most fireflies are just fading white dots (fake lights, almost no performance cost), while a few “real lights” also have a soft halo; if “Enable lights” is unchecked, everything is drawn as plain dots. The small area where a firefly is can't be clicked through to the desktop (it's tiny and recovers once it drifts away).",scripts/ui/manager/app_settings_tab.gd:237,
自動(本機時間 18:00 之後),自動(本機時間 18:00 之後),Auto (after 18:00 local time),scripts/ui/manager/app_settings_tab.gd:239,
自己指定時段,自己指定時段,Custom period,scripts/ui/manager/app_settings_tab.gd:239,
總是出現,總是出現,Always on,scripts/ui/manager/app_settings_tab.gd:239,
總是關閉,總是關閉,Always off,scripts/ui/manager/app_settings_tab.gd:239,
出現時間,出現時間,Appearance time,scripts/ui/manager/app_settings_tab.gd:244,
從,從,From,scripts/ui/manager/app_settings_tab.gd:250 (共 2 處),
指定時段,指定時段,Custom period,scripts/ui/manager/app_settings_tab.gd:259,
螢火蟲數量,螢火蟲數量,Number of fireflies,scripts/ui/manager/app_settings_tab.gd:262,
其中真光(有光暈),其中真光(有光暈),Of which real lights (with halo),scripts/ui/manager/app_settings_tab.gd:265,
飄動速度(倍),飄動速度(倍),Drift speed (×),scripts/ui/manager/app_settings_tab.gd:268,
整體亮度(倍),整體亮度(倍),Overall brightness (×),scripts/ui/manager/app_settings_tab.gd:271,
集中在下方,集中在下方,Concentrated at the bottom,scripts/ui/manager/app_settings_tab.gd:273,
集中在中間,集中在中間,Concentrated in the middle,scripts/ui/manager/app_settings_tab.gd:273,
集中在上方,集中在上方,Concentrated at the top,scripts/ui/manager/app_settings_tab.gd:273,
全域(整個行動區),全域(整個行動區),Everywhere (whole activity area),scripts/ui/manager/app_settings_tab.gd:273,
集中出現位置,集中出現位置,Where they gather,scripts/ui/manager/app_settings_tab.gd:278,
真光光暈大小(倍),真光光暈大小(倍),Real-light halo size (×),scripts/ui/manager/app_settings_tab.gd:281,
真光光暈濃度(倍),真光光暈濃度(倍),Real-light halo intensity (×),scripts/ui/manager/app_settings_tab.gd:284,
啟用光源(真光畫光暈;不勾就只畫粒子假光。上面「效能」的總光源開關關著時也一樣只畫粒子),啟用光源(真光畫光暈;不勾就只畫粒子假光。上面「效能」的總光源開關關著時也一樣只畫粒子),"Enable lights (real lights draw halos; if unchecked only particle fake lights are drawn. When the master light switch under “Performance” above is off, only particles are drawn as well)",scripts/ui/manager/app_settings_tab.gd:286,
螢火蟲設定已更新。,螢火蟲設定已更新。,Firefly settings updated.,scripts/ui/manager/app_settings_tab.gd:315,
不會出現,不會出現,will not appear,scripts/ui/manager/app_settings_tab.gd:351,
"現在是 %02d:%02d,螢火蟲%s。","現在是 %02d:%02d,螢火蟲%s。",It is %02d:%02d now; fireflies %s.,scripts/ui/manager/app_settings_tab.gd:351,
會出現,會出現,will appear,scripts/ui/manager/app_settings_tab.gd:351,
編輯器外觀,編輯器外觀,Editor Appearance,scripts/ui/manager/app_settings_tab.gd:354,
"所有視窗化編輯器(桌寵管理、精靈圖編輯器、性格編輯器、測試者面板…)共用的配色、字體與字級,改了立刻套用到開著的視窗。不影響桌寵的對話氣泡(那是每隻桌寵自己的「介面風格」分頁)。","所有視窗化編輯器(桌寵管理、精靈圖編輯器、性格編輯器、測試者面板…)共用的配色、字體與字級,改了立刻套用到開著的視窗。不影響桌寵的對話氣泡(那是每隻桌寵自己的「介面風格」分頁)。","The palette, font and font size shared by all windowed editors (Pet Manager, Sprite Editor, Personality Editor, Tester Panel…); changes apply immediately to open windows. This doesn't affect pets' dialogue bubbles (those are in each pet's own “Interface Style” tab).",scripts/ui/manager/app_settings_tab.gd:354,
自訂,自訂,Custom,scripts/ui/manager/app_settings_tab.gd:359,
配色組,配色組,Palette,scripts/ui/manager/app_settings_tab.gd:362,
編輯器字體,編輯器字體,Editor font,scripts/ui/manager/app_settings_tab.gd:374,
字級,字級,Font size,scripts/ui/manager/app_settings_tab.gd:379 (共 2 處),
"字型預覽:全局設定 — 數值、狀態鏡與性格
ABC abc 123 你好,這是一段範例文字。","字型預覽:全局設定 — 數值、狀態鏡與性格
ABC abc 123 你好,這是一段範例文字。","Font preview: Global Settings — Values, State Lenses and Personalities
ABC abc 123 Hello, this is a sample text.",scripts/ui/manager/app_settings_tab.gd:381,
預覽,預覽,Preview,scripts/ui/manager/app_settings_tab.gd:383 (共 2 處),
使用自訂標題列(可以調色;取消勾選就用系統標題列。之後新開的視窗生效),使用自訂標題列(可以調色;取消勾選就用系統標題列。之後新開的視窗生效),Use a custom title bar (colors can be changed; uncheck to use the system title bar. Takes effect for newly opened windows),scripts/ui/manager/app_settings_tab.gd:385,
標題列%s(之後新開的視窗生效)。,標題列%s(之後新開的視窗生效)。,Title bar %s (takes effect for newly opened windows).,scripts/ui/manager/app_settings_tab.gd:392,
改用自訂標題列,改用自訂標題列,switched to the custom title bar,scripts/ui/manager/app_settings_tab.gd:392,
改用系統標題列,改用系統標題列,switched to the system title bar,scripts/ui/manager/app_settings_tab.gd:392,
標題列顏色自動跟著配色組,標題列顏色自動跟著配色組,Title bar color follows the palette automatically,scripts/ui/manager/app_settings_tab.gd:395,
標題列顏色%s。,標題列顏色%s。,Title bar color %s.,scripts/ui/manager/app_settings_tab.gd:407,
自動跟著配色組,自動跟著配色組,now follows the palette automatically,scripts/ui/manager/app_settings_tab.gd:407,
改成自己選的顏色,改成自己選的顏色,changed to the color you chose,scripts/ui/manager/app_settings_tab.gd:407,
標題列底色,標題列底色,Title bar background,scripts/ui/manager/app_settings_tab.gd:413,
標題列文字,標題列文字,Title bar text,scripts/ui/manager/app_settings_tab.gd:418,
複製目前配色代碼,複製目前配色代碼,Copy current palette code,scripts/ui/manager/app_settings_tab.gd:419,
"把目前的六個顏色複製成文字(bg=#… 一行一個),做好新配色組之後貼給開發者加進預設。","把目前的六個顏色複製成文字(bg=#… 一行一個),做好新配色組之後貼給開發者加進預設。","Copies the current six colors as text (bg=#… one per line); after making a new palette, paste it to the developer to add to the defaults.",scripts/ui/manager/app_settings_tab.gd:420,
"已複製目前的配色代碼,可以直接貼上。","已複製目前的配色代碼,可以直接貼上。",Current palette code copied; you can paste it directly.,scripts/ui/manager/app_settings_tab.gd:430,
還原預設外觀,還原預設外觀,Restore default appearance,scripts/ui/manager/app_settings_tab.gd:432,
已還原預設外觀(筆記本配色、黑體、%d 號字)。,已還原預設外觀(筆記本配色、黑體、%d 號字)。,"Default appearance restored (Notebook palette, Sans-serif, font size %d).",scripts/ui/manager/app_settings_tab.gd:437,
標題列顏色已更新並存起來。,標題列顏色已更新並存起來。,Title bar color updated and saved.,scripts/ui/manager/app_settings_tab.gd:497,
外觀已更新並存起來(所有編輯器視窗立刻套用)。,外觀已更新並存起來(所有編輯器視窗立刻套用)。,Appearance updated and saved (applied immediately to all editor windows).,scripts/ui/manager/app_settings_tab.gd:539,
同角色有複製品尚未指定本體,同角色有複製品尚未指定本體,Clones of the same character have no primary set,scripts/ui/manager/canonical_dialog.gd:16,
指定為本體並離開,指定為本體並離開,Set as primary and leave,scripts/ui/manager/canonical_dialog.gd:24,
取消(不離開),取消(不離開),Cancel (don't leave),scripts/ui/manager/canonical_dialog.gd:25,
不指定直接離開,不指定直接離開,Leave without setting,scripts/ui/manager/canonical_dialog.gd:26,
"「%s」在場有 %d 個複製品,各自的數值/旗標/狀態鏡已經不一樣。
要讓哪一個當本體(下次啟動從它的狀態開始)?","「%s」在場有 %d 個複製品,各自的數值/旗標/狀態鏡已經不一樣。
要讓哪一個當本體(下次啟動從它的狀態開始)?","“%s” has %d clones present, and their values/flags/state lenses now differ.
Which one should be the primary (the next launch starts from its state)?",scripts/ui/manager/canonical_dialog.gd:29,
%s(第 %d 個生成)  %s,%s(第 %d 個生成)  %s,%s (spawned #%d)  %s,scripts/ui/manager/canonical_dialog.gd:35,
預設:以最早生成的當本體,預設:以最早生成的當本體,Default: use the earliest spawned as primary,scripts/ui/manager/canonical_dialog.gd:38,
預設:以最晚生成的當本體,預設:以最晚生成的當本體,Default: use the latest spawned as primary,scripts/ui/manager/canonical_dialog.gd:39,
＋ 新建角色…,＋ 新建角色…,+ New Character…,scripts/ui/manager/character_library_window.gd:55,
"取一個名字(同時是資料夾名、角色名稱與預設辨識代號),建立空的角色並開啟精靈圖編輯器。","取一個名字(同時是資料夾名、角色名稱與預設辨識代號),建立空的角色並開啟精靈圖編輯器。","Give it a name (this is also the folder name, character name and default recognition tag), and an empty character will be created and the Sprite Editor opened.",scripts/ui/manager/character_library_window.gd:56,
從資料夾匯入…,從資料夾匯入…,Import from Folder…,scripts/ui/manager/character_library_window.gd:58 (共 2 處),
"選一個外面的素材包資料夾,複製一份進角色庫(原資料夾不動)。","選一個外面的素材包資料夾,複製一份進角色庫(原資料夾不動)。",Pick an asset pack folder from elsewhere and copy it into the Character Library (the original folder is untouched).,scripts/ui/manager/character_library_window.gd:59,
匯入 .pet…,匯入 .pet…,Import .pet…,scripts/ui/manager/character_library_window.gd:61,
"匯入別人分享的角色分享包(.pet):素材、設定與積木檔會存成角色庫裡的新角色,不會覆蓋現有的角色。匯入前會逐項檢查檔案,不安全的包會被拒絕。","匯入別人分享的角色分享包(.pet):素材、設定與積木檔會存成角色庫裡的新角色,不會覆蓋現有的角色。匯入前會逐項檢查檔案,不安全的包會被拒絕。","Import a character share pack (.pet) shared by someone else: assets, settings and block files are saved as a new character in the library and won't overwrite existing characters. Files are checked one by one before import, and unsafe packs are rejected.",scripts/ui/manager/character_library_window.gd:62,
🗄 備份資料夾,🗄 備份資料夾,🗄 Backup Folder,scripts/ui/manager/character_library_window.gd:64 (共 2 處),
刪除的角色會搬到這裡(不會真的刪掉)。,刪除的角色會搬到這裡(不會真的刪掉)。,Deleted characters are moved here (they aren't really deleted).,scripts/ui/manager/character_library_window.gd:65,
📁 開啟資料夾位置,📁 開啟資料夾位置,📁 Open Folder Location,scripts/ui/manager/character_library_window.gd:67,
↻ 重新整理,↻ 重新整理,↻ Refresh,scripts/ui/manager/character_library_window.gd:69,
搜尋角色名稱,搜尋角色名稱,Search character name,scripts/ui/manager/character_library_window.gd:71,
放上桌面(勾選 0 隻),放上桌面(勾選 0 隻),Place on Desktop (0 selected),scripts/ui/manager/character_library_window.gd:74,
"把卡片上勾選的角色一次全部放上桌面,一起活動(同一個角色也可以再放第二隻)。","把卡片上勾選的角色一次全部放上桌面,一起活動(同一個角色也可以再放第二隻)。",Place all the characters checked on the cards onto the desktop at once so they can move around together (the same character can be placed a second time).,scripts/ui/manager/character_library_window.gd:75,
清除勾選,清除勾選,Clear Selection,scripts/ui/manager/character_library_window.gd:78,
共 %d 個角色%s。角色放在:%s,共 %d 個角色%s。角色放在:%s,%d characters in total%s. Characters are stored in: %s,scripts/ui/manager/character_library_window.gd:135,
(顯示 %d 個),(顯示 %d 個), (%d shown),scripts/ui/manager/character_library_window.gd:135,
"角色庫還是空的。
按「＋ 新建角色…」從空白開始,或「從資料夾匯入…」把現有的素材包放進來。","角色庫還是空的。
按「＋ 新建角色…」從空白開始,或「從資料夾匯入…」把現有的素材包放進來。","The Character Library is still empty.
Press “+ New Character…” to start from scratch, or “Import from Folder…” to bring in an existing asset pack.",scripts/ui/manager/character_library_window.gd:138,
辨識代號:%s,辨識代號:%s,Recognition tag: %s,scripts/ui/manager/character_library_window.gd:169,
%d 個動作 · %d 幀,%d 個動作 · %d 幀,%d actions · %d frames,scripts/ui/manager/character_library_window.gd:190,
(讀不出素材),(讀不出素材),(unable to read assets),scripts/ui/manager/character_library_window.gd:190,
勾選(一起放上桌面),勾選(一起放上桌面),Select (place on desktop together),scripts/ui/manager/character_library_window.gd:195,
放上桌面,放上桌面,Place on Desktop,scripts/ui/manager/character_library_window.gd:203 (共 2 處),
已把「%s」放上桌面。,已把「%s」放上桌面。,“%s” placed on the desktop.,scripts/ui/manager/character_library_window.gd:207,
外觀編輯,外觀編輯,Edit Appearance,scripts/ui/manager/character_library_window.gd:208,
開精靈圖編輯器:改貼圖、動作、光源、家具/道具貼圖等造型相關內容。,開精靈圖編輯器:改貼圖、動作、光源、家具/道具貼圖等造型相關內容。,"Opens the sprite editor: edit sprites, actions, lights, and furniture/prop sprites — anything about appearance.",scripts/ui/manager/character_library_window.gd:209,
桌寵管理,桌寵管理,Pet Manager,scripts/ui/manager/character_library_window.gd:211 (共 2 處),
"不用放上桌面就能改數值、狀態鏡、性格、介面與自動行為、交互行為(自動建一隻隱藏的臨時實例,關視窗就存回去)。","不用放上桌面就能改數值、狀態鏡、性格、介面與自動行為、交互行為(自動建一隻隱藏的臨時實例,關視窗就存回去)。","Edit values, state lenses, personality, interface & auto-behavior, and interaction behavior without placing it on the desktop (a hidden temporary instance is created automatically; closing the window saves back and discards it).",scripts/ui/manager/character_library_window.gd:212,
改名、複製、匯出 .pet、刪除(刪除是搬到備份資料夾),改名、複製、匯出 .pet、刪除(刪除是搬到備份資料夾),"Rename, duplicate, export .pet, delete (delete moves it to the backup folder)",scripts/ui/manager/character_library_window.gd:219,
重新命名…,重新命名…,Rename…,scripts/ui/manager/character_library_window.gd:221,
複製成新角色…,複製成新角色…,Duplicate as New Character…,scripts/ui/manager/character_library_window.gd:222,
匯出 .pet…,匯出 .pet…,Export .pet…,scripts/ui/manager/character_library_window.gd:223,
刪除(搬到備份)…,刪除(搬到備份)…,Delete (move to backup)…,scripts/ui/manager/character_library_window.gd:225,
放上桌面(勾選 %d 隻),放上桌面(勾選 %d 隻),Place on Desktop (%d selected),scripts/ui/manager/character_library_window.gd:261,
已把勾選的 %d 隻角色放上桌面。,已把勾選的 %d 隻角色放上桌面。,%d selected characters placed on the desktop.,scripts/ui/manager/character_library_window.gd:271,
(沒有可預覽的圖),(沒有可預覽的圖),(no image to preview),scripts/ui/manager/character_library_window.gd:282,
"桌面上還有一隻用它生成的桌寵,請先在系統匣把它移除","桌面上還有一隻用它生成的桌寵,請先在系統匣把它移除",A pet made from it is still on the desktop. Please remove it from the system tray first,scripts/ui/manager/character_library_window.gd:305,
"精靈圖編輯器正開著它,請先關掉編輯器(或切到別的角色)","精靈圖編輯器正開著它,請先關掉編輯器(或切到別的角色)",The Sprite Editor has it open. Please close the editor (or switch to another character) first,scripts/ui/manager/character_library_window.gd:308,
不能改名:%s。,不能改名:%s。,Can't rename: %s.,scripts/ui/manager/character_library_window.gd:323 (共 2 處),
重新命名,重新命名,Rename,scripts/ui/manager/character_library_window.gd:325,
"新的名字(角色名稱與資料夾名一起改;辨識代號不變,設定檔與積木檔還是接得上):","新的名字(角色名稱與資料夾名一起改;辨識代號不變,設定檔與積木檔還是接得上):","New name (the character name and folder name are changed together; the recognition tag stays the same, so settings and block files still link up):",scripts/ui/manager/character_library_window.gd:325,
改名,改名,Rename,scripts/ui/manager/character_library_window.gd:325,
改名失敗:%s,改名失敗:%s,Rename failed: %s,scripts/ui/manager/character_library_window.gd:338,
已改名為「%s」。,已改名為「%s」。,Renamed to “%s”.,scripts/ui/manager/character_library_window.gd:342 (共 2 處),
複製,複製,Duplicate,scripts/ui/manager/character_library_window.gd:347 (共 3 處),
%s 副本,%s 副本,%s copy,scripts/ui/manager/character_library_window.gd:347,
"新角色的名字(整個素材包複製一份;新角色有自己的辨識代號,不帶原角色的設定與記憶):","新角色的名字(整個素材包複製一份;新角色有自己的辨識代號,不帶原角色的設定與記憶):",Name of the new character (the whole asset pack is copied; the new character gets its own recognition tag and doesn't carry over the original's settings and memory):,scripts/ui/manager/character_library_window.gd:347,
複製成新角色,複製成新角色,Duplicate as New Character,scripts/ui/manager/character_library_window.gd:347,
已複製成「%s」。,已複製成「%s」。,Duplicated as “%s”.,scripts/ui/manager/character_library_window.gd:358,
不能刪除:%s。,不能刪除:%s。,Can't delete: %s.,scripts/ui/manager/character_library_window.gd:365 (共 2 處),
刪除角色,刪除角色,Delete Character,scripts/ui/manager/character_library_window.gd:369,
搬到備份,搬到備份,Move to Backup,scripts/ui/manager/character_library_window.gd:370 (共 2 處),
取消,取消,Cancel,scripts/ui/manager/character_library_window.gd:371 (共 20 處),
"要把「%s」從角色庫移走嗎?

整個素材包資料夾會搬到備份資料夾(不會真的刪掉)%s。之後想找回來,到備份資料夾把它搬回 sprite 資料夾就好。","要把「%s」從角色庫移走嗎?

整個素材包資料夾會搬到備份資料夾(不會真的刪掉)%s。之後想找回來,到備份資料夾把它搬回 sprite 資料夾就好。","Remove “%s” from the Character Library?

The entire asset pack folder will be moved to the backup folder (it won't actually be deleted)%s. To get it back later, just move it from the backup folder back into the sprite folder.",scripts/ui/manager/character_library_window.gd:376,
，另外把它的 %d 個設定檔(角色設定、狀態、積木檔)複製一份進同一個備份,，另外把它的 %d 個設定檔(角色設定、狀態、積木檔)複製一份進同一個備份,", and also copy its %d settings files (character settings, state, block file) into the same backup",scripts/ui/manager/character_library_window.gd:377,
刪除失敗:%s,刪除失敗:%s,Delete failed: %s,scripts/ui/manager/character_library_window.gd:392 (共 2 處),
已把「%s」搬到備份:%s,已把「%s」搬到備份:%s,Moved “%s” to backup: %s,scripts/ui/manager/character_library_window.gd:396,
新建角色,新建角色,New Character,scripts/ui/manager/character_library_window.gd:405,
新建,新建,Create,scripts/ui/manager/character_library_window.gd:406 (共 3 處),
活動桌寵,活動桌寵,Active Pet,scripts/ui/manager/character_library_window.gd:413,
會在行動區裡走動、跳躍、睡覺。適合有 spritesheet(行走圖)的角色。,會在行動區裡走動、跳躍、睡覺。適合有 spritesheet(行走圖)的角色。,"Walks, jumps and sleeps around the activity area. Suited to characters with a spritesheet (walk cycle).",scripts/ui/manager/character_library_window.gd:413,
靜止桌寵,靜止桌寵,Stationary Pet,scripts/ui/manager/character_library_window.gd:413,
"固定貼在行動區底部、會呼吸、可以拖曳。適合有固定立繪,或想從單張角色圖開始發展的情形。","固定貼在行動區底部、會呼吸、可以拖曳。適合有固定立繪,或想從單張角色圖開始發展的情形。","Fixed to the bottom of the activity area, breathes, and can be dragged. Suited to characters with a fixed portrait, or when starting from a single character image.",scripts/ui/manager/character_library_window.gd:413,
"幫這個角色取個名字(同時是資料夾名、角色名稱與預設辨識代號,之後可以改 pack.json):","幫這個角色取個名字(同時是資料夾名、角色名稱與預設辨識代號,之後可以改 pack.json):","Give this character a name (this is also the folder name, character name and default recognition tag; you can edit pack.json later):",scripts/ui/manager/character_library_window.gd:427,
名稱,名稱,Name,scripts/ui/manager/character_library_window.gd:431 (共 8 處),
新建失敗:%s,新建失敗:%s,Creation failed: %s,scripts/ui/manager/character_library_window.gd:459,
"已新建「%s」,接著在精靈圖編輯器匯入圖片。","已新建「%s」,接著在精靈圖編輯器匯入圖片。","Created “%s”. Next, import images in the Sprite Editor.",scripts/ui/manager/character_library_window.gd:463,
選擇要匯入的素材包資料夾,選擇要匯入的素材包資料夾,Choose the asset pack folder to import,scripts/ui/manager/character_library_window.gd:468 (共 2 處),
這個資料夾已經在角色庫裡了。,這個資料夾已經在角色庫裡了。,This folder is already in the Character Library.,scripts/ui/manager/character_library_window.gd:474,
匯入,匯入,Import,scripts/ui/manager/character_library_window.gd:476 (共 5 處),
"會把這個資料夾複製一份進角色庫(原資料夾不動)。
幫這個角色取個名字(同時是資料夾名、角色名稱與預設辨識代號):","會把這個資料夾複製一份進角色庫(原資料夾不動)。
幫這個角色取個名字(同時是資料夾名、角色名稱與預設辨識代號):","This folder will be copied into the Character Library (the original folder is untouched).
Give this character a name (this is also the folder name, character name and default recognition tag):",scripts/ui/manager/character_library_window.gd:476,
匯入資料夾,匯入資料夾,Import Folder,scripts/ui/manager/character_library_window.gd:476 (共 2 處),
匯入失敗:%s,匯入失敗:%s,Import failed: %s,scripts/ui/manager/character_library_window.gd:485 (共 5 處),
已把「%s」複製進角色庫。,已把「%s」複製進角色庫。,“%s” copied into the Character Library.,scripts/ui/manager/character_library_window.gd:488,
匯出 .pet,匯出 .pet,Export .pet,scripts/ui/manager/character_library_window.gd:497,
選擇存檔位置…,選擇存檔位置…,Choose save location…,scripts/ui/manager/character_library_window.gd:498,
把「%s」打包成一個 .pet 檔:素材包與角色設定(數值定義、狀態鏡、性格、介面風格…)一定會放進去。,把「%s」打包成一個 .pet 檔:素材包與角色設定(數值定義、狀態鏡、性格、介面風格…)一定會放進去。,"Package “%s” into a single .pet file: the asset pack and character settings (value definitions, state lenses, personality, interface style…) are always included.",scripts/ui/manager/character_library_window.gd:504,
包含導入過的積木檔(事件與對話),包含導入過的積木檔(事件與對話),Include imported block files (events and dialogue),scripts/ui/manager/character_library_window.gd:509,
包含記憶與戰績(數值目前的值、記過的東西;分享給別人通常不要勾),包含記憶與戰績(數值目前的值、記過的東西;分享給別人通常不要勾),"Include memory and records (current values, things it remembered; usually leave unchecked when sharing with others)",scripts/ui/manager/character_library_window.gd:513,
匯出角色分享包,匯出角色分享包,Export Character Share Pack,scripts/ui/manager/character_library_window.gd:519,
*.pet;角色分享包,*.pet;角色分享包,*.pet;Character share pack,scripts/ui/manager/character_library_window.gd:519 (共 2 處),
匯出失敗:%s,匯出失敗:%s,Export failed: %s,scripts/ui/manager/character_library_window.gd:537 (共 2 處),
已匯出 %d 個檔案(%.1f MB)到 %s%s,已匯出 %d 個檔案(%.1f MB)到 %s%s,Exported %d files (%.1f MB) to %s%s,scripts/ui/manager/character_library_window.gd:540,
",略過 %d 個不收的檔案",",略過 %d 個不收的檔案",", skipped %d files that aren't included",scripts/ui/manager/character_library_window.gd:540,
選擇要匯入的角色分享包,選擇要匯入的角色分享包,Choose the character share pack to import,scripts/ui/manager/character_library_window.gd:545,
這個檔案不能匯入:%s,這個檔案不能匯入:%s,This file can't be imported: %s,scripts/ui/manager/character_library_window.gd:553,
%s (匯入),%s (匯入),%s (Import),scripts/ui/manager/character_library_window.gd:559,
%d 個素材檔,%d 個素材檔,%d asset files,scripts/ui/manager/character_library_window.gd:560,
角色設定,角色設定,character settings,scripts/ui/manager/character_library_window.gd:561,
沒有角色設定,沒有角色設定,no character settings,scripts/ui/manager/character_library_window.gd:561,
積木檔,積木檔,block file,scripts/ui/manager/character_library_window.gd:563,
記憶與戰績,記憶與戰績,memory and records,scripts/ui/manager/character_library_window.gd:565,
"分享包「%s」(辨識代號 %s):%s,共 %.1f MB。
會存成角色庫裡的新角色,不會覆蓋現有的角色。%s
幫它取個名字:","分享包「%s」(辨識代號 %s):%s,共 %.1f MB。
會存成角色庫裡的新角色,不會覆蓋現有的角色。%s
幫它取個名字:","Share pack “%s” (recognition tag %s): %s, %.1f MB in total.
It will be saved as a new character in the Character Library and won't overwrite existing characters.%s
Give it a name:",scripts/ui/manager/character_library_window.gd:566,
"角色庫裡已經有辨識代號相同的角色「%s」,這份會拿到新的辨識代號。","角色庫裡已經有辨識代號相同的角色「%s」,這份會拿到新的辨識代號。","A character with the same recognition tag, “%s”, already exists in the Character Library; this one will get a new recognition tag.",scripts/ui/manager/character_library_window.gd:567,
匯入角色分享包,匯入角色分享包,Import Character Share Pack,scripts/ui/manager/character_library_window.gd:568,
已匯入「%s」%s。,已匯入「%s」%s。,Imported “%s”%s.,scripts/ui/manager/character_library_window.gd:580,
(辨識代號改成 %s),(辨識代號改成 %s), (recognition tag changed to %s),scripts/ui/manager/character_library_window.gd:580,
容器內容物 — %s,容器內容物 — %s,Container Contents — %s,scripts/ui/manager/container_contents_window.gd:17,
"桌寵會自主走過來拿(要喜歡這個道具、容器還有庫存、桌面上同一種道具還沒到上限)。這裡可以查看目前每種道具還剩幾個,按「全部補滿」立刻補到上限。","桌寵會自主走過來拿(要喜歡這個道具、容器還有庫存、桌面上同一種道具還沒到上限)。這裡可以查看目前每種道具還剩幾個,按「全部補滿」立刻補到上限。","Pets will walk over and take these on their own (they must like the prop, the container must have stock, and the number of that prop already on the desktop must be under the cap). Check how much of each prop is left here, and press ""Refill All"" to top them all up instantly.",scripts/ui/manager/container_contents_window.gd:28,
全部補滿,全部補滿,Refill All,scripts/ui/manager/container_contents_window.gd:32,
這件家具已經不在桌面上了。,這件家具已經不在桌面上了。,This piece of furniture is no longer on the desktop.,scripts/ui/manager/container_contents_window.gd:51,
(找不到道具:%s),(找不到道具:%s),(Prop not found: %s),scripts/ui/manager/container_contents_window.gd:61,
已補滿。,已補滿。,Refilled.,scripts/ui/manager/container_contents_window.gd:71,
程式碼由 Claude(Anthropic)協助撰寫。,程式碼由 Claude(Anthropic)協助撰寫。,Code written with assistance from Claude (Anthropic).,scripts/ui/manager/credits_data.gd:8,
未使用生成式 AI 製作的圖像素材。,未使用生成式 AI 製作的圖像素材。,No image assets were made with generative AI.,scripts/ui/manager/credits_data.gd:9,
字體,字體,Fonts,scripts/ui/manager/credits_data.gd:21 (共 4 處),
源樣黑體 GenYoGothic TW,源樣黑體 GenYoGothic TW,GenYoGothic TW (源樣黑體),scripts/ui/manager/credits_data.gd:21,
jf open 粉圓,jf open 粉圓,jf open Huninn (粉圓),scripts/ui/manager/credits_data.gd:22,
Cubic-11 俐方體,Cubic-11 俐方體,Cubic-11,scripts/ui/manager/credits_data.gd:24,
素材,素材,Assets,scripts/ui/manager/credits_data.gd:25 (共 2 處),
範例角色 Mal,範例角色 Mal,Sample character Mal,scripts/ui/manager/credits_data.gd:25,
作者提供,作者提供,Provided by the author,scripts/ui/manager/credits_data.gd:25 (共 2 處),
內建音效,內建音效,Built-in sound effects,scripts/ui/manager/credits_data.gd:26,
引擎與函式庫,引擎與函式庫,Engines and libraries,scripts/ui/manager/credits_data.gd:27 (共 2 處),
Godot Engine 貢獻者,Godot Engine 貢獻者,Godot Engine contributors,scripts/ui/manager/credits_data.gd:27,
"[b][font_size=20]關於[/font_size][/b]
%s
作者:[b]%s[/b]

%s
%s
","[b][font_size=20]關於[/font_size][/b]
%s
作者:[b]%s[/b]

%s
%s
","[b][font_size=20]About[/font_size][/b]
%s
Author: [b]%s[/b]

%s
%s
",scripts/ui/manager/credits_data.gd:53,
"
[color=#a8a8a8]授權全文:遊戲資料夾裡的 %s[/color]","
[color=#a8a8a8]授權全文:遊戲資料夾裡的 %s[/color]","
[color=#a8a8a8]Full license text: %s in the game folder[/color]",scripts/ui/manager/credits_data.gd:59,
最小化(從系統匣選單再開一次就會回來),最小化(從系統匣選單再開一次就會回來),Minimize (open it again from the system tray menu to bring it back),scripts/ui/manager/floating_window.gd:114,
家具庫,家具庫,Furniture Library,scripts/ui/manager/furniture_window.gd:62 (共 2 處),
貼圖(平時的樣子、條件成立時的樣子、以後給桌寵使用時的樣子)在「編輯素材」的精靈圖編輯器裡準備:動作槽 normal / conditional / interacted。,貼圖(平時的樣子、條件成立時的樣子、以後給桌寵使用時的樣子)在「編輯素材」的精靈圖編輯器裡準備:動作槽 normal / conditional / interacted。,,scripts/ui/manager/furniture_window.gd:84,
尚未儲存的變更,尚未儲存的變更,Unsaved Changes,scripts/ui/manager/furniture_window.gd:89 (共 3 處),
"檢測到尚未儲存的變更,是否儲存後離開?","檢測到尚未儲存的變更,是否儲存後離開?",Unsaved changes detected. Save before leaving?,scripts/ui/manager/furniture_window.gd:90 (共 2 處),
儲存後離開,儲存後離開,Save and Leave,scripts/ui/manager/furniture_window.gd:91 (共 2 處),
不儲存離開,不儲存離開,Leave Without Saving,scripts/ui/manager/furniture_window.gd:93 (共 2 處),
儲存,儲存,Save,scripts/ui/manager/furniture_window.gd:143 (共 3 處),
儲存並關閉,儲存並關閉,Save and Close,scripts/ui/manager/furniture_window.gd:145 (共 3 處),
不儲存並關閉,不儲存並關閉,Close Without Saving,scripts/ui/manager/furniture_window.gd:147 (共 3 處),
有尚未儲存的變更。,有尚未儲存的變更。,There are unsaved changes.,scripts/ui/manager/furniture_window.gd:157 (共 3 處),
"存檔失敗,請檢查磁碟空間或權限。","存檔失敗,請檢查磁碟空間或權限。",,scripts/ui/manager/furniture_window.gd:179,
已儲存。,已儲存。,Saved.,scripts/ui/manager/furniture_window.gd:179 (共 2 處),
"純裝飾的家具:滑鼠完全穿透,不會擋住桌面。從下面的模板新增一個,再在右邊改名字、設定觸發方式,「編輯素材」放圖進去。桌寵坐下/躺下/使用家具是之後才會做的功能,這批還不能互動。","純裝飾的家具:滑鼠完全穿透,不會擋住桌面。從下面的模板新增一個,再在右邊改名字、設定觸發方式,「編輯素材」放圖進去。桌寵坐下/躺下/使用家具是之後才會做的功能,這批還不能互動。","Purely decorative furniture: fully click-through, never blocks the desktop. Add one from a template below, then rename it and set its trigger on the right, and use ""Edit Assets"" to add its sprites. Pets sitting/lying/using furniture is a feature for later; this batch can't be interacted with yet.",scripts/ui/manager/furniture_window.gd:206,
模板,模板,Template,scripts/ui/manager/furniture_window.gd:215 (共 2 處),
＋ 新增家具,＋ 新增家具,+ Add Furniture,scripts/ui/manager/furniture_window.gd:216,
刪除(搬到備份),刪除(搬到備份),Delete (Move to Backup),scripts/ui/manager/furniture_window.gd:219,
編輯桌面上的家具,編輯桌面上的家具,Edit Furniture on the Desktop,scripts/ui/manager/furniture_window.gd:223,
"開啟「家具編輯模式」才能把家具放到桌面、搬動已經放好的、右鍵移除(定義還在家具庫裡,之後可以再放一次);平常家具是純裝飾,滑鼠完全穿透。編輯模式開著時桌面上會多一塊「家具欄」,把裡面的圖示拖出來就是放置。下面的清單是目前桌面上的家具,由上到下 = 由底到面(清單愈下面的蓋住愈上面的),用 ▲▼ 調整。","開啟「家具編輯模式」才能把家具放到桌面、搬動已經放好的、右鍵移除(定義還在家具庫裡,之後可以再放一次);平常家具是純裝飾,滑鼠完全穿透。編輯模式開著時桌面上會多一塊「家具欄」,把裡面的圖示拖出來就是放置。下面的清單是目前桌面上的家具,由上到下 = 由底到面(清單愈下面的蓋住愈上面的),用 ▲▼ 調整。","Turn on ""Furniture Edit Mode"" to place furniture on the desktop, move pieces that are already placed, or remove them with a right-click (the definition stays in the Furniture Library, so you can place it again later); normally furniture is purely decorative and fully click-through. While edit mode is on, a ""Furniture Tray"" appears on the desktop — drag an icon out of it to place it. The list below shows the furniture currently on the desktop, top to bottom = back to front (items lower in the list cover items above them); use ▲▼ to reorder.",scripts/ui/manager/furniture_window.gd:223,
家具編輯模式,家具編輯模式,Furniture Edit Mode,scripts/ui/manager/furniture_window.gd:225,
"往上一層(蓋住原本在它上面的家具;只影響家具彼此,不影響桌寵或介面)。","往上一層(蓋住原本在它上面的家具;只影響家具彼此,不影響桌寵或介面)。","Move up one layer (covers furniture that was above it; only affects furniture relative to each other, not pets or the UI).",scripts/ui/manager/furniture_window.gd:234,
往下一層(被原本在它上面的家具蓋住)。,往下一層(被原本在它上面的家具蓋住)。,Move down one layer (gets covered by furniture that was above it).,scripts/ui/manager/furniture_window.gd:238,
從桌面移除,從桌面移除,Remove from Desktop,scripts/ui/manager/furniture_window.gd:241,
"選一件家具,或先新增一個。","選一件家具,或先新增一個。","Select a piece of furniture, or add one first.",scripts/ui/manager/furniture_window.gd:258,
家具名稱,家具名稱,Furniture Name,scripts/ui/manager/furniture_window.gd:261,
觸發方式,觸發方式,Trigger,scripts/ui/manager/furniture_window.gd:270 (共 2 處),
"「一直啟用」= 只有 normal 這個狀態,平時就是它。「指定時間段」與「有桌寵正在做某個動作」= 平時播 normal,條件成立時切到 conditional(例如檯燈的燈亮起來、迪斯可燈開始轉)。這批的條件種類還不多,之後會照積木能用的條件慢慢補。","「一直啟用」= 只有 normal 這個狀態,平時就是它。「指定時間段」與「有桌寵正在做某個動作」= 平時播 normal,條件成立時切到 conditional(例如檯燈的燈亮起來、迪斯可燈開始轉)。這批的條件種類還不多,之後會照積木能用的條件慢慢補。","""Always on"" = only the normal state exists, that's how it always looks. ""A specified time range"" and ""A pet is doing a certain action"" = plays normal by default, switches to conditional once the condition is met (e.g. a lamp turning on, a disco light starting to spin). There aren't many condition types in this batch yet; more will be added gradually to match what blocks can check.",scripts/ui/manager/furniture_window.gd:270,
例如 dance,例如 dance,e.g. dance,scripts/ui/manager/furniture_window.gd:296,
動作代號,動作代號,Action Code,scripts/ui/manager/furniture_window.gd:299,
縮放倍率,縮放倍率,Scale multiplier,scripts/ui/manager/furniture_window.gd:303 (共 2 處),
家具標籤,家具標籤,Furniture Tags,scripts/ui/manager/furniture_window.gd:304,
"固定清單(不能自訂),給網頁端積木編輯器的事件判定篩選用,例如「家具標籤是椅子」;一件家具可以選好幾個,最多 %d 個,不知道選什麼可以先跳過。","固定清單(不能自訂),給網頁端積木編輯器的事件判定篩選用,例如「家具標籤是椅子」;一件家具可以選好幾個,最多 %d 個,不知道選什麼可以先跳過。","A fixed list (can't be customized), used by the web block editor's event conditions for filtering, e.g. ""furniture tag is chair""; a piece of furniture can have several, up to %d; if you're not sure, feel free to skip this.",scripts/ui/manager/furniture_window.gd:304,
容器內容物,容器內容物,Container Contents,scripts/ui/manager/furniture_window.gd:312,
"設定好道具跟補滿數量,這件家具就會變成容器:桌寵會自主走過去拿裡面的道具(前提是牠喜歡這個道具、容器還有庫存、桌面上同一種道具還沒到上限),使用者也可以雙擊容器打開查看內容物、按按鈕補滿。沒有設定任何內容物就是普通家具,不會有這個行為;桌寵觸發使用或使用者打開查看時,家具會播「使用中」那個動作槽(interacted,在「編輯素材…」裡準備)。最多 %d 種道具,同一種只能設定一筆(重複新增會改上限,不會變成兩筆)。","設定好道具跟補滿數量,這件家具就會變成容器:桌寵會自主走過去拿裡面的道具(前提是牠喜歡這個道具、容器還有庫存、桌面上同一種道具還沒到上限),使用者也可以雙擊容器打開查看內容物、按按鈕補滿。沒有設定任何內容物就是普通家具,不會有這個行為;桌寵觸發使用或使用者打開查看時,家具會播「使用中」那個動作槽(interacted,在「編輯素材…」裡準備)。最多 %d 種道具,同一種只能設定一筆(重複新增會改上限,不會變成兩筆)。","Set a prop and a refill amount, and this piece of furniture becomes a container: pets will walk over on their own and take the prop inside (as long as they like it, the container has stock, and the amount of that prop already on the desktop is under the cap); the user can also double-click the container to view its contents and refill it with a button. With no contents set it's just ordinary furniture with no such behavior; when a pet triggers use or the user opens to view it, the furniture plays its ""in use"" action slot (interacted, prepared via ""Edit Assets…""). Up to %d kinds of props, one entry per kind (adding it again just updates the amount, it won't create a duplicate entry).",scripts/ui/manager/furniture_window.gd:312,
補滿數量,補滿數量,Refill Amount,scripts/ui/manager/furniture_window.gd:321,
＋ 新增/更新,＋ 新增/更新,+ Add / Update,scripts/ui/manager/furniture_window.gd:322,
刪除這項,刪除這項,Delete this entry,scripts/ui/manager/furniture_window.gd:326 (共 2 處),
編輯素材…,編輯素材…,Edit Assets…,scripts/ui/manager/furniture_window.gd:332,
"開精靈圖編輯器的家具區,準備 normal(平時)、conditional(條件成立時)、interacted(以後給桌寵用時)三個動作槽的圖;坐/躺位置(錨點)與光源也在那邊編輯,可以直接在畫布上對著貼圖拖曳,看得到實際位置。","開精靈圖編輯器的家具區,準備 normal(平時)、conditional(條件成立時)、interacted(以後給桌寵用時)三個動作槽的圖;坐/躺位置(錨點)與光源也在那邊編輯,可以直接在畫布上對著貼圖拖曳,看得到實際位置。","Opens the furniture section of the sprite editor, to prepare the normal (default), conditional (when the condition is met), and interacted (for future pet use) action slots; sit/lie positions (anchors) and lights are also edited there, where you can drag directly on the canvas over the sprite to see the real position.",scripts/ui/manager/furniture_window.gd:333,
有進階貼圖(normal%s%s),有進階貼圖(normal%s%s),Has advanced sprites (normal%s%s),scripts/ui/manager/furniture_window.gd:398,
"還沒有素材,按「編輯素材…」放圖進去。","還沒有素材,按「編輯素材…」放圖進去。","No assets yet — press ""Edit Assets…"" to add images.",scripts/ui/manager/furniture_window.gd:401,
家具標籤最多選 %d 個。,家具標籤最多選 %d 個。,You can select up to %d furniture tags.,scripts/ui/manager/furniture_window.gd:460,
(找不到:%s),(找不到:%s),(Not found: %s),scripts/ui/manager/furniture_window.gd:487,
新增失敗。,新增失敗。,Failed to add.,scripts/ui/manager/furniture_window.gd:533,
"已新增「%s」,記得按「編輯素材…」放圖進去。","已新增「%s」,記得按「編輯素材…」放圖進去。","Added ""%s"" — remember to press ""Edit Assets…"" to add images.",scripts/ui/manager/furniture_window.gd:537,
已把「%s」搬到備份。,已把「%s」搬到備份。,"Moved ""%s"" to the backup folder.",scripts/ui/manager/furniture_window.gd:553,
已放上桌面。,已放上桌面。,Placed on the desktop.,scripts/ui/manager/furniture_window.gd:570,
"這件家具還沒有素材(normal 狀態),先按「編輯素材…」放圖進去。","這件家具還沒有素材(normal 狀態),先按「編輯素材…」放圖進去。","This furniture has no assets yet (normal state) — press ""Edit Assets…"" to add images first.",scripts/ui/manager/furniture_window.gd:570,
"家具編輯模式開啟:桌面左上角多了「家具欄」,拖裡面的家具到桌面上放置;已經放好的可以直接拖動、右鍵收回。","家具編輯模式開啟:桌面左上角多了「家具欄」,拖裡面的家具到桌面上放置;已經放好的可以直接拖動、右鍵收回。","Furniture Edit Mode is on: a ""Furniture Tray"" now appears in the top-left of the desktop — drag furniture from it to place it; pieces already placed can be dragged directly, and removed with a right-click.",scripts/ui/manager/furniture_window.gd:576,
"家具編輯模式已關閉,家具恢復純裝飾(滑鼠完全穿透)。","家具編輯模式已關閉,家具恢復純裝飾(滑鼠完全穿透)。",Furniture Edit Mode is off; furniture is purely decorative again (fully click-through).,scripts/ui/manager/furniture_window.gd:577,
設定,設定,Settings,scripts/ui/manager/global_settings_window.gd:32,
這裡的設定改了就立刻生效並存起來。,這裡的設定改了就立刻生效並存起來。,Changes to settings here take effect immediately and are saved.,scripts/ui/manager/global_settings_window.gd:45,
關於,關於,About,scripts/ui/manager/global_settings_window.gd:53,
這裡只提供最常用、最簡單的設定;詳細編輯(條件、選項、連續動作、更多種反應…)要到網頁端積木編輯器調整。,這裡只提供最常用、最簡單的設定;詳細編輯(條件、選項、連續動作、更多種反應…)要到網頁端積木編輯器調整。,"Only the most common and simplest settings are provided here; detailed editing (conditions, options, chained actions, more kinds of reactions…) is done in the web block editor.",scripts/ui/manager/interaction_tab.gd:12,
(預設),(預設),(Default),scripts/ui/manager/interaction_tab.gd:13,
事件對應的動作,事件對應的動作,Actions for events,scripts/ui/manager/interaction_tab.gd:105,
"桌寵在各種事件下播放哪個動作:每一列選一個素材包裡有的動作,「(預設)」就是原本的動作。素材沒有選的那個動作時會退回原本的。","桌寵在各種事件下播放哪個動作:每一列選一個素材包裡有的動作,「(預設)」就是原本的動作。素材沒有選的那個動作時會退回原本的。","Which action the pet plays for each kind of event: on each row, pick an action that exists in the asset pack; “(Default)” means the original action. If the asset pack doesn't have the chosen action, it falls back to the original.",scripts/ui/manager/interaction_tab.gd:105,
對使用者的稱呼,對使用者的稱呼,What to Call the User,scripts/ui/manager/interaction_tab.gd:114,
"對話裡的 {user} 會用這裡填的稱呼(見語法字典)。可以填好幾個,用逗號分隔,桌寵每次要用時隨機挑一個。預設只有「使用者」這一筆;還是這個預設值的時候,桌寵會有比較高的機率主動開口問你要怎麼稱呼(問到答案就自動填進來)。","對話裡的 {user} 會用這裡填的稱呼(見語法字典)。可以填好幾個,用逗號分隔,桌寵每次要用時隨機挑一個。預設只有「使用者」這一筆;還是這個預設值的時候,桌寵會有比較高的機率主動開口問你要怎麼稱呼(問到答案就自動填進來)。","{user} in dialogue (see the syntax dictionary) will use whatever's filled in here. You can enter several, separated by commas, and the pet randomly picks one each time it's used. The default is just ""User""; while it's still this default, the pet has a higher chance of asking what to call you on its own (and fills the answer in automatically once you tell it).",scripts/ui/manager/interaction_tab.gd:114,
整體交互開關,整體交互開關,Overall Interaction Switches,scripts/ui/manager/interaction_tab.gd:136,
"整隻桌寵層級的總開關。「不主動」只是不會自己發起——使用者手動拖曳互動(拖道具給它、拖它去用家具),或積木明確指定的使用,都不受影響。","整隻桌寵層級的總開關。「不主動」只是不會自己發起——使用者手動拖曳互動(拖道具給它、拖它去用家具),或積木明確指定的使用,都不受影響。","Master switches at the whole-pet level. ""Not proactive"" only means it won't initiate on its own — the user manually dragging an interaction (dragging a prop to it, dragging it to use furniture), or explicit use via blocks, are both unaffected.",scripts/ui/manager/interaction_tab.gd:136,
不與道具交互(完全無視:不撿、不被摩擦、不成為候選、不被吸引),不與道具交互(完全無視:不撿、不被摩擦、不成為候選、不被吸引),"Doesn't interact with props (fully ignores them: won't pick up, can't be rubbed, isn't a candidate, isn't attracted)",scripts/ui/manager/interaction_tab.gd:138,
不主動使用家具(目前只有容器類的自主拿取行為;坐/躺類本來就沒有自主機制),不主動使用家具(目前只有容器類的自主拿取行為;坐/躺類本來就沒有自主機制),Doesn't proactively use furniture (currently only affects the container-type auto-fetch behavior; sit/lie types never had an auto mechanism to begin with),scripts/ui/manager/interaction_tab.gd:143,
不會被其他桌寵跟隨(別隻桌寵自己決定要跟著誰走時不會選到這隻),不會被其他桌寵跟隨(別隻桌寵自己決定要跟著誰走時不會選到這隻),Can't be followed by other pets (won't be picked when another pet decides who to follow on its own),scripts/ui/manager/interaction_tab.gd:148,
不跟隨其他桌寵(自己不會主動決定跟著誰走),不跟隨其他桌寵(自己不會主動決定跟著誰走),Won't follow other pets (won't decide on its own to follow anyone),scripts/ui/manager/interaction_tab.gd:153,
"固定模式底下這兩個「不跟隨」開關與「不主動使用家具」都會自動打開,靜止模式只自動打開這兩個「不跟隨」開關(拖去用家具還是會用);切回其他模式後會換回你在這裡自己設定的值。","固定模式底下這兩個「不跟隨」開關與「不主動使用家具」都會自動打開,靜止模式只自動打開這兩個「不跟隨」開關(拖去用家具還是會用);切回其他模式後會換回你在這裡自己設定的值。",In Fixed mode both of these \won't follow\ toggles and \Don't use furniture on its own\ turn on automatically; in Stationary mode only the two \won't follow\ toggles turn on automatically (it'll still use furniture if you drag it onto one). Switching to another mode restores whatever you set here yourself.,scripts/ui/manager/interaction_tab.gd:158,
對其他角色的反應,對其他角色的反應,Reactions to other characters,scripts/ui/manager/interaction_tab.gd:177,
"選一個角色庫裡的角色(不含自己),寫下看到它出現在場上時要說的話。同一個角色可以新增好幾句,會照順序說。這裡只能新增純對話。","選一個角色庫裡的角色(不含自己),寫下看到它出現在場上時要說的話。同一個角色可以新增好幾句,會照順序說。這裡只能新增純對話。",Pick a character from the Character Library (not yourself) and write what to say when it appears on the desktop. You can add several lines for the same character; they are said in order. Only plain dialogue can be added here.,scripts/ui/manager/interaction_tab.gd:177,
這裡的對話可以用氣泡樣式、數值、名字標記與單字池等既有語法。點右邊的「語法字典」查全部語法並插入/複製。,這裡的對話可以用氣泡樣式、數值、名字標記與單字池等既有語法。點右邊的「語法字典」查全部語法並插入/複製。,"Dialogue here can use the existing syntax for bubble styles, values, name tags, word pools, and so on. Click the ""Syntax Dictionary"" on the right to look up, insert, or copy any of the syntax.",scripts/ui/manager/interaction_tab.gd:178,
台詞能用的語法,台詞能用的語法,Syntax usable in lines,scripts/ui/manager/interaction_tab.gd:178 (共 3 處),
遇見的角色,遇見的角色,Character met,scripts/ui/manager/interaction_tab.gd:180,
看到它時要說的話,看到它時要說的話,What to say when seeing it,scripts/ui/manager/interaction_tab.gd:181,
對話,對話,Dialogue,scripts/ui/manager/interaction_tab.gd:184 (共 3 處),
＋ 新增這句對話,＋ 新增這句對話,+ Add this line,scripts/ui/manager/interaction_tab.gd:185,
基本反應對話,基本反應對話,Basic Reaction Dialogue,scripts/ui/manager/interaction_tab.gd:195,
"列出這隻角色目前用的性格,在「玩球」「被邀請對戰」「休息」等既有反應情境裡已經有的對話內容。這裡只能改「對話文字」本身,跳一下、發抖這類動作不會被動到,也不能新增新的反應情境;要做這些,請到「性格」分頁按「編輯性格…」。","列出這隻角色目前用的性格,在「玩球」「被邀請對戰」「休息」等既有反應情境裡已經有的對話內容。這裡只能改「對話文字」本身,跳一下、發抖這類動作不會被動到,也不能新增新的反應情境;要做這些,請到「性格」分頁按「編輯性格…」。","Lists the dialogue that already exists in this character's current personality's existing reaction situations, such as ""playing ball"", ""being invited to a match"", or ""resting"". Only the dialogue text itself can be edited here; actions like a little hop or shivering are untouched, and you can't add new reaction situations — for that, go to the ""Personality"" tab and press ""Edit Personality…"".",scripts/ui/manager/interaction_tab.gd:195,
這裡的台詞可以用氣泡樣式、數值、名字標記與單字池等既有語法。點右邊的「語法字典」查全部語法並插入/複製。,這裡的台詞可以用氣泡樣式、數值、名字標記與單字池等既有語法。點右邊的「語法字典」查全部語法並插入/複製。,"Lines here can use the existing syntax for bubble styles, values, name tags, word pools, and so on. Click the ""Syntax Dictionary"" on the right to look up, insert, or copy any of the syntax.",scripts/ui/manager/interaction_tab.gd:196,
"這隻角色目前沒有套用「反應」性格,沒有預設反應對話可以改。","這隻角色目前沒有套用「反應」性格,沒有預設反應對話可以改。","This character doesn't currently have a ""reactions"" personality applied, so there's no default reaction dialogue to edit.",scripts/ui/manager/interaction_tab.gd:212,
「%s」目前沒有帶對話文字的預設反應可以改。,「%s」目前沒有帶對話文字的預設反應可以改。,"""%s"" currently has no default reactions with dialogue text to edit.",scripts/ui/manager/interaction_tab.gd:224,
一行一句備選台詞(每次隨機挑一句說),一行一句備選台詞(每次隨機挑一句說),One candidate line per row (a random one is picked each time),scripts/ui/manager/interaction_tab.gd:242,
對道具的反應,對道具的反應,Reactions to props,scripts/ui/manager/interaction_tab.gd:284,
"選一個道具管理裡的道具與時機,設定要說的話(選填)和要做的動作(選填)。動作可以只做一次,也可以持續到道具用完或離開判定。有設定時就不再播道具的預設動作。","選一個道具管理裡的道具與時機,設定要說的話(選填)和要做的動作(選填)。動作可以只做一次,也可以持續到道具用完或離開判定。有設定時就不再播道具的預設動作。","Pick a prop from Prop Manager and a timing, then set what to say (optional) and what to do (optional). The action can happen just once, or continue until the prop is used up or leaves detection. When set, the prop's default action is no longer played.",scripts/ui/manager/interaction_tab.gd:284,
道具,道具,Prop,scripts/ui/manager/interaction_tab.gd:286,
時機,時機,Timing,scripts/ui/manager/interaction_tab.gd:291,
要說的話(選填),要說的話(選填),What to say (optional),scripts/ui/manager/interaction_tab.gd:292,
動作,動作,Action,scripts/ui/manager/interaction_tab.gd:296 (共 4 處),
只做一次,只做一次,Only once,scripts/ui/manager/interaction_tab.gd:298,
持續到道具用完 / 離開判定,持續到道具用完 / 離開判定,Continue until the prop is used up / leaves detection,scripts/ui/manager/interaction_tab.gd:299,
動作進行方式,動作進行方式,How the action proceeds,scripts/ui/manager/interaction_tab.gd:300,
＋ 新增這條反應,＋ 新增這條反應,+ Add this reaction,scripts/ui/manager/interaction_tab.gd:301,
"每個道具選「喜歡」、「不喜歡」或「不與此道具交互」(完全無視:不撿、不被摩擦、不成為候選、不被吸引)。喜歡的道具掉在場上,桌寵會自己走過去撿,撿到心情變好;不喜歡的不會自己撿(拖著遞給它還是會收)。道具資料找不到(被刪掉或搬走)的會變成灰色,可以按「重新連結」改指向現有的另一個道具。","每個道具選「喜歡」、「不喜歡」或「不與此道具交互」(完全無視:不撿、不被摩擦、不成為候選、不被吸引)。喜歡的道具掉在場上,桌寵會自己走過去撿,撿到心情變好;不喜歡的不會自己撿(拖著遞給它還是會收)。道具資料找不到(被刪掉或搬走)的會變成灰色,可以按「重新連結」改指向現有的另一個道具。","For each prop, choose “Likes”, “Dislikes” or “Doesn't interact with this prop” (fully ignores it: doesn't pick it up, doesn't get rubbed by it, doesn't become a candidate, isn't attracted). When a liked prop lands on the desktop, the pet walks over to pick it up by itself and its mood improves; a disliked prop won't be picked up on its own (but it will still accept it if you drag it over). Props whose data can't be found (deleted or moved) are grayed out, and you can press “Relink…” to point them to another existing prop.",scripts/ui/manager/interaction_tab.gd:309,
喜歡與不喜歡的道具,喜歡與不喜歡的道具,Liked and disliked props,scripts/ui/manager/interaction_tab.gd:309,
(不做動作),(不做動作),(no action),scripts/ui/manager/interaction_tab.gd:359,
沒有選桌寵,沒有選桌寵,No pet selected,scripts/ui/manager/interaction_tab.gd:393 (共 3 處),
對話不能是空的,對話不能是空的,The dialogue can't be empty,scripts/ui/manager/interaction_tab.gd:395,
要選別的角色(不能是自己),要選別的角色(不能是自己),Choose another character (not yourself),scripts/ui/manager/interaction_tab.gd:397,
還沒有道具:先到道具管理新增,還沒有道具:先到道具管理新增,No props yet: go to Prop Manager to add some first,scripts/ui/manager/interaction_tab.gd:423,
對話和動作至少要設定一個,對話和動作至少要設定一個,At least one of dialogue or action must be set,scripts/ui/manager/interaction_tab.gd:425,
角色庫裡沒有別的角色可以選。,角色庫裡沒有別的角色可以選。,There are no other characters in the Character Library to choose from.,scripts/ui/manager/interaction_tab.gd:442,
遇見 %s:「%s」,遇見 %s:「%s」,Meets %s: “%s”,scripts/ui/manager/interaction_tab.gd:474,
說「%s」,說「%s」,Says “%s”,scripts/ui/manager/interaction_tab.gd:481,
做 %s(%s),做 %s(%s),Does %s (%s),scripts/ui/manager/interaction_tab.gd:483,
一次,一次,once,scripts/ui/manager/interaction_tab.gd:483,
找不到這個道具,找不到這個道具,This prop could not be found,scripts/ui/manager/interaction_tab.gd:493 (共 2 處),
沒有選桌寵或道具,沒有選桌寵或道具,No pet or prop selected,scripts/ui/manager/interaction_tab.gd:508,
那個道具已經有設定喜好了,那個道具已經有設定喜好了,That prop already has a preference set,scripts/ui/manager/interaction_tab.gd:513,
找不到要重新連結的項目,找不到要重新連結的項目,The item to relink could not be found,scripts/ui/manager/interaction_tab.gd:520,
沒特別,沒特別,No preference,scripts/ui/manager/interaction_tab.gd:539,
喜歡,喜歡,Likes,scripts/ui/manager/interaction_tab.gd:540 (共 2 處),
不喜歡,不喜歡,Dislikes,scripts/ui/manager/interaction_tab.gd:541 (共 2 處),
不與此道具交互,不與此道具交互,Doesn't interact with this prop,scripts/ui/manager/interaction_tab.gd:542 (共 2 處),
"%s(%s,找不到道具資料)","%s(%s,找不到道具資料)","%s (%s, prop data not found)",scripts/ui/manager/interaction_tab.gd:554,
重新連結…,重新連結…,Relink…,scripts/ui/manager/interaction_tab.gd:559,
移除這一項,移除這一項,Remove this item,scripts/ui/manager/interaction_tab.gd:564,
(沒有可以連結的道具),(沒有可以連結的道具),(no props available to link),scripts/ui/manager/interaction_tab.gd:581,
刪除這一條,刪除這一條,Delete this entry,scripts/ui/manager/interaction_tab.gd:600,
重力縮放,重力縮放,Gravity scale,scripts/ui/manager/lens_editor_tab.gd:13,
平時跳躍浮動(比例),平時跳躍浮動(比例),Normal jump variation (ratio),scripts/ui/manager/lens_editor_tab.gd:14,
最大跳躍力道,最大跳躍力道,Max jump strength,scripts/ui/manager/lens_editor_tab.gd:15,
最大下落速度,最大下落速度,Max fall speed,scripts/ui/manager/lens_editor_tab.gd:16,
待機時間(最短秒),待機時間(最短秒),Idle time (min sec),scripts/ui/manager/lens_editor_tab.gd:17,
待機時間(最長秒),待機時間(最長秒),Idle time (max sec),scripts/ui/manager/lens_editor_tab.gd:18,
行走時間(最短秒),行走時間(最短秒),Walk time (min sec),scripts/ui/manager/lens_editor_tab.gd:19,
行走時間(最長秒),行走時間(最長秒),Walk time (max sec),scripts/ui/manager/lens_editor_tab.gd:20,
跳躍初速度,跳躍初速度,Jump initial speed,scripts/ui/manager/lens_editor_tab.gd:21,
空中水平速度倍率,空中水平速度倍率,Mid-air horizontal speed multiplier,scripts/ui/manager/lens_editor_tab.gd:22,
順手跳躍機率(每秒),順手跳躍機率(每秒),Chance of hopping along the way (per second),scripts/ui/manager/lens_editor_tab.gd:23,
走下邊緣機率,走下邊緣機率,Chance of walking off an edge,scripts/ui/manager/lens_editor_tab.gd:24,
彈跳度(漂浮),彈跳度(漂浮),Bounciness (floating),scripts/ui/manager/lens_editor_tab.gd:25,
漂浮最低速度,漂浮最低速度,Floating minimum speed,scripts/ui/manager/lens_editor_tab.gd:26,
狀態鏡(上 = 優先度高),狀態鏡(上 = 優先度高),State lenses (top = higher priority),scripts/ui/manager/lens_editor_tab.gd:73,
刪除,刪除,Delete,scripts/ui/manager/lens_editor_tab.gd:81 (共 3 處),
提高優先度 ↑,提高優先度 ↑,Raise priority ↑,scripts/ui/manager/lens_editor_tab.gd:87,
降低 ↓,降低 ↓,Lower ↓,scripts/ui/manager/lens_editor_tab.gd:89,
執行設定檢查,執行設定檢查,Run Settings Check,scripts/ui/manager/lens_editor_tab.gd:94,
"設定檢查結果會顯示在這裡(只是警告,不會阻止儲存)。","設定檢查結果會顯示在這裡(只是警告,不會阻止儲存)。",Settings check results will be shown here (warnings only; they won't prevent saving).,scripts/ui/manager/lens_editor_tab.gd:101,
基本設定,基本設定,Basic settings,scripts/ui/manager/lens_editor_tab.gd:114 (共 2 處),
鏡片名稱(積木下拉選單與 Status 面板顯示),鏡片名稱(積木下拉選單與 Status 面板顯示),Lens name (shown in block dropdowns and the Status panel),scripts/ui/manager/lens_editor_tab.gd:115,
例如 tired_ → 優先找 tired_idle_0、tired_walk_0,例如 tired_ → 優先找 tired_idle_0、tired_walk_0,"e.g. tired_ → looks for tired_idle_0, tired_walk_0 first",scripts/ui/manager/lens_editor_tab.gd:119,
差分前綴,差分前綴,Variant prefix,scripts/ui/manager/lens_editor_tab.gd:121,
性質標籤,性質標籤,Nature tags,scripts/ui/manager/lens_editor_tab.gd:129,
自動逾時解除(秒),自動逾時解除(秒),Auto-timeout release (sec),scripts/ui/manager/lens_editor_tab.gd:141,
兩格都是 0 = 不逾時;最小≠最大時每次啟用在區間內隨機取值。,兩格都是 0 = 不逾時;最小≠最大時每次啟用在區間內隨機取值。,"Both fields 0 = no timeout; when min ≠ max, a random value within the range is picked each time it activates.",scripts/ui/manager/lens_editor_tab.gd:142,
說明,說明,Description,scripts/ui/manager/lens_editor_tab.gd:142 (共 20 處),
延續機率,延續機率,Continue chance,scripts/ui/manager/lens_editor_tab.gd:145,
每輪衰減,每輪衰減,Decay per round,scripts/ui/manager/lens_editor_tab.gd:148,
最多幾輪,最多幾輪,Max rounds,scripts/ui/manager/lens_editor_tab.gd:151,
"逾時到期時擲骰決定要不要再延續一輪(時間重新在上面的區間內抽):機率 = 延續機率 × 每輪衰減^(已完成輪數 − 1),一輪比一輪低,滿「最多幾輪」一定結束(和睡覺的「再睡一輪」同一種做法)。延續機率 0 = 不延續。要先設自動逾時才有作用。","逾時到期時擲骰決定要不要再延續一輪(時間重新在上面的區間內抽):機率 = 延續機率 × 每輪衰減^(已完成輪數 − 1),一輪比一輪低,滿「最多幾輪」一定結束(和睡覺的「再睡一輪」同一種做法)。延續機率 0 = 不延續。要先設自動逾時才有作用。","When the timeout expires, roll the dice to decide whether to continue for another round (the duration is drawn again from the range above): chance = continue chance × decay per round^(rounds completed − 1), getting lower each round, and it always ends once “Max rounds” is reached (same approach as sleeping's “sleep another round”). Continue chance 0 = never continue. Only takes effect if an auto-timeout is set first.",scripts/ui/manager/lens_editor_tab.gd:152,
延續執行判定,延續執行判定,Extension roll,scripts/ui/manager/lens_editor_tab.gd:152,
"啟用期間奔跑(走路變成 run 動作與奔跑速度,疲勞消耗也比較多)","啟用期間奔跑(走路變成 run 動作與奔跑速度,疲勞消耗也比較多)","Run while active (walking becomes the run action with run speed, and it uses more energy too)",scripts/ui/manager/lens_editor_tab.gd:154,
"可以被心情門檻叫出來(心情偏高 / 偏低時,依「正面 / 負面」性質挑選)","可以被心情門檻叫出來(心情偏高 / 偏低時,依「正面 / 負面」性質挑選)","Can be summoned by mood thresholds (when mood is high / low, picked according to “Positive / Negative” nature)",scripts/ui/manager/lens_editor_tab.gd:158,
"名字叫「奔跑」的狀態鏡是桌寵「自己決定跑一下」時啟用的那一個:跑多久、要不要延續、跑多快都在這裡調;什麼時候會自己起跑由性格參數決定(活潑的不管心情、其他的開心或贏了遊戲時才判定,有的性格完全不跑)。","名字叫「奔跑」的狀態鏡是桌寵「自己決定跑一下」時啟用的那一個:跑多久、要不要延續、跑多快都在這裡調;什麼時候會自己起跑由性格參數決定(活潑的不管心情、其他的開心或贏了遊戲時才判定,有的性格完全不跑)。","The state lens named “Run” (奔跑) is the one activated when the pet “decides to run for a bit by itself”: how long it runs, whether it continues and how fast are all adjusted here; when it starts running on its own is determined by personality parameters (energetic ones regardless of mood, others only when happy or after winning a game, and some personalities never run).",scripts/ui/manager/lens_editor_tab.gd:161,
「奔跑」狀態鏡,「奔跑」狀態鏡,“Run” state lens,scripts/ui/manager/lens_editor_tab.gd:161,
覆蓋行動物理數值(勾選的才覆蓋),覆蓋行動物理數值(勾選的才覆蓋),Override movement physics values (only checked ones are overridden),scripts/ui/manager/lens_editor_tab.gd:164,
這個狀態下容易呼叫的行為(勾選的才覆蓋倍率),這個狀態下容易呼叫的行為(勾選的才覆蓋倍率),Behaviors more likely to be called in this state (only checked ones override the multiplier),scripts/ui/manager/lens_editor_tab.gd:181,
"跟上面的行動物理數值不一樣,這裡調的是「桌寵自己決定要不要做某件事」的機率倍率(1 = 不變,跟性格在一般狀態下的值相乘;例如設 2 表示這個狀態鏡生效時機率變兩倍)。灰色小字是這隻桌寵在一般狀態下(沒有這個狀態鏡時)的參考數值,方便抓倍率該設多少。「開心」「悠哉」「緊張」「生氣」「悲傷」「疲憊」這六個內建名稱本來就有一套固定效果(見主企劃書),這裡設的倍率是疊加上去,不是取代。","跟上面的行動物理數值不一樣,這裡調的是「桌寵自己決定要不要做某件事」的機率倍率(1 = 不變,跟性格在一般狀態下的值相乘;例如設 2 表示這個狀態鏡生效時機率變兩倍)。灰色小字是這隻桌寵在一般狀態下(沒有這個狀態鏡時)的參考數值,方便抓倍率該設多少。「開心」「悠哉」「緊張」「生氣」「悲傷」「疲憊」這六個內建名稱本來就有一套固定效果(見主企劃書),這裡設的倍率是疊加上去,不是取代。","Unlike the movement physics values above, this adjusts the probability multiplier for ""the pet deciding on its own whether to do something"" (1 = unchanged, multiplied with the personality's normal-state value; e.g. setting 2 doubles the chance while this state lens is active). The small gray text is this pet's reference value under normal conditions (without this state lens), to help you judge what multiplier to set. The six built-in names ""Happy"", ""Relaxed"", ""Nervous"", ""Angry"", ""Sad"", and ""Tired"" already have their own fixed effects (see the main design doc); the multiplier set here stacks on top of those, it doesn't replace them.",scripts/ui/manager/lens_editor_tab.gd:181,
測試,測試,Test,scripts/ui/manager/lens_editor_tab.gd:203,
啟用這個狀態鏡,啟用這個狀態鏡,Activate this state lens,scripts/ui/manager/lens_editor_tab.gd:206 (共 2 處),
一般狀態下的參考值:%s,一般狀態下的參考值:%s,Reference value under normal conditions: %s,scripts/ui/manager/lens_editor_tab.gd:266,
自主跳舞判定機率 %s,自主跳舞判定機率 %s,Chance of deciding to dance on its own %s,scripts/ui/manager/lens_editor_tab.gd:277,
自主奔跑判定機率 %s,自主奔跑判定機率 %s,Chance of deciding to run on its own %s,scripts/ui/manager/lens_editor_tab.gd:280,
"自主奔跑判定機率 %s(0 = 沒有固定機率,只有特定心情才有一點機會)","自主奔跑判定機率 %s(0 = 沒有固定機率,只有特定心情才有一點機會)","Chance of deciding to run on its own %s (0 = no fixed chance, only a small chance under certain moods)",scripts/ui/manager/lens_editor_tab.gd:280,
睡醒/被打斷後 %s 秒內不會又自己去休息,睡醒/被打斷後 %s 秒內不會又自己去休息,Won't rest on its own again within %s seconds of waking up / being interrupted,scripts/ui/manager/lens_editor_tab.gd:282,
主動邀請對戰的基準機率 %s,主動邀請對戰的基準機率 %s,Base chance of proactively inviting a match %s,scripts/ui/manager/lens_editor_tab.gd:284,
"狀態鏡名稱不能是空的,已還原。","狀態鏡名稱不能是空的,已還原。",The state lens name can't be empty; reverted.,scripts/ui/manager/lens_editor_tab.gd:334,
"已經有叫「%s」的狀態鏡,請換一個名稱,已還原。","已經有叫「%s」的狀態鏡,請換一個名稱,已還原。",A state lens named “%s” already exists. Please choose another name; reverted.,scripts/ui/manager/lens_editor_tab.gd:339,
新狀態鏡%d,新狀態鏡%d,New state lens %d,scripts/ui/manager/lens_editor_tab.gd:354 (共 2 處),
無,無,None,scripts/ui/manager/lens_editor_tab.gd:417 (共 4 處),
這個狀態鏡:%s;目前實際生效的鏡片:%s,這個狀態鏡:%s;目前實際生效的鏡片:%s,This state lens: %s; currently effective lens: %s,scripts/ui/manager/lens_editor_tab.gd:417,
未啟用,未啟用,Inactive,scripts/ui/manager/lens_editor_tab.gd:417,
啟用中,啟用中,Active,scripts/ui/manager/lens_editor_tab.gd:417,
解除這個狀態鏡,解除這個狀態鏡,Release this state lens,scripts/ui/manager/lens_editor_tab.gd:418,
語法字典,語法字典,Syntax Dictionary,scripts/ui/manager/manager_ui.gd:138 (共 2 處),
"所有能寫在台詞裡的語法(文字樣式、名字與稱呼、單字池、遊戲結果…),可搜尋、插入、複製。","所有能寫在台詞裡的語法(文字樣式、名字與稱呼、單字池、遊戲結果…),可搜尋、插入、複製。","All the syntax that can be written in dialogue lines (text styles, names and forms of address, word pools, game results…); searchable, insertable and copyable.",scripts/ui/manager/manager_ui.gd:140,
桌寵:,桌寵:,Pet:,scripts/ui/manager/manager_window.gd:61,
記憶,記憶,Memory,scripts/ui/manager/manager_window.gd:85 (共 2 處),
場上目前沒有桌寵。,場上目前沒有桌寵。,There are no pets on the desktop right now.,scripts/ui/manager/manager_window.gd:170 (共 2 處),
性格還沒套用,性格還沒套用,Personality not applied yet,scripts/ui/manager/manager_window.gd:213,
"「性格」分頁選了性格,但還沒按「套用」,存下去桌寵不會有變化。
要先套用再儲存嗎?","「性格」分頁選了性格,但還沒按「套用」,存下去桌寵不會有變化。
要先套用再儲存嗎?","You selected a personality in the “Personality” tab but haven't clicked “Apply”, so saving won't change the pet.
Apply it before saving?",scripts/ui/manager/manager_window.gd:214,
套用並儲存,套用並儲存,Apply and Save,scripts/ui/manager/manager_window.gd:215,
"不套用,直接儲存","不套用,直接儲存",Save without applying,scripts/ui/manager/manager_window.gd:217,
"儲存失敗,請檢查磁碟空間或權限。","儲存失敗,請檢查磁碟空間或權限。",Save failed. Please check disk space or permissions.,scripts/ui/manager/manager_window.gd:245,
重置記憶,重置記憶,Reset Memory,scripts/ui/manager/memory_tab.gd:25,
洗掉這隻桌寵所有事件 Flag、局部數值(回到宣告的預設值)與使用者輸入的文字(稱呼等)。動作、對話氣泡、事件積木、狀態鏡定義與介面設定完全不受影響。,洗掉這隻桌寵所有事件 Flag、局部數值(回到宣告的預設值)與使用者輸入的文字(稱呼等)。動作、對話氣泡、事件積木、狀態鏡定義與介面設定完全不受影響。,"Wipes all of this pet's event flags, local values (back to their declared defaults) and user-entered text (forms of address, etc.). Actions, dialogue bubbles, event blocks, state lens definitions and interface settings are completely unaffected.",scripts/ui/manager/memory_tab.gd:29,
洗掉 Flag、局部數值與輸入的文字,洗掉 Flag、局部數值與輸入的文字,"Wipe flags, local values and entered text",scripts/ui/manager/memory_tab.gd:29,
同角色的所有複製品一起重置,同角色的所有複製品一起重置,Reset all clones of the same character together,scripts/ui/manager/memory_tab.gd:31,
一併清除已存的本體狀態檔(否則下次啟動會讀回舊記憶),一併清除已存的本體狀態檔(否則下次啟動會讀回舊記憶),Also clear the saved primary-state file (otherwise the old memories will be reloaded at next launch),scripts/ui/manager/memory_tab.gd:32,
"同時重置「全域數值」(所有桌寵共用,通常不要勾)","同時重置「全域數值」(所有桌寵共用,通常不要勾)",Also reset “Global values” (shared by all pets; usually leave unchecked),scripts/ui/manager/memory_tab.gd:33,
同時解除目前啟用中的狀態鏡,同時解除目前啟用中的狀態鏡,Also release currently active state lenses,scripts/ui/manager/memory_tab.gd:34,
重置記憶…,重置記憶…,Reset Memory…,scripts/ui/manager/memory_tab.gd:35,
復原上一次重置 / 讀取,復原上一次重置 / 讀取,Undo last reset / load,scripts/ui/manager/memory_tab.gd:38,
設定檔匯出/匯入,設定檔匯出/匯入,,scripts/ui/manager/memory_tab.gd:51,
"性格檔的匯入/匯出跟「性格」分頁裡的是同一份功能,匯入後切回性格分頁下拉選單會自動重新整理。Schema 跟積木檔的匯入/匯出跟系統匣右鍵選單是同一個功能,這裡放一份方便一起操作。","性格檔的匯入/匯出跟「性格」分頁裡的是同一份功能,匯入後切回性格分頁下拉選單會自動重新整理。Schema 跟積木檔的匯入/匯出跟系統匣右鍵選單是同一個功能,這裡放一份方便一起操作。",,scripts/ui/manager/memory_tab.gd:52,
性格檔、Schema、積木檔的匯入/匯出都集中在這裡,性格檔、Schema、積木檔的匯入/匯出都集中在這裡,,scripts/ui/manager/memory_tab.gd:52,
匯入自訂性格…,匯入自訂性格…,Import Custom Personality…,scripts/ui/manager/memory_tab.gd:54 (共 2 處),
匯出目前設定為性格檔…,匯出目前設定為性格檔…,Export Current Settings as Personality File…,scripts/ui/manager/memory_tab.gd:56 (共 2 處),
"匯出這隻桌寵有哪些動作、數值、狀態鏡、道具、特效、音效,給網頁端積木編輯器的下拉選單用。跟系統匣右鍵選單「導出 Schema…」是同一個功能。","匯出這隻桌寵有哪些動作、數值、狀態鏡、道具、特效、音效,給網頁端積木編輯器的下拉選單用。跟系統匣右鍵選單「導出 Schema…」是同一個功能。",,scripts/ui/manager/memory_tab.gd:59,
匯入積木檔…,匯入積木檔…,Import Logic File…,scripts/ui/manager/memory_tab.gd:61,
"讀入網頁端積木編輯器導出的邏輯 JSON(*.logic.json),取代這隻桌寵目前的積木內容;會自動保存一份,之後每次生成都會自動載入。","讀入網頁端積木編輯器導出的邏輯 JSON(*.logic.json),取代這隻桌寵目前的積木內容;會自動保存一份,之後每次生成都會自動載入。",Reads a logic JSON (*.logic.json) exported from the web block editor and replaces this pet's current blocks. A copy is saved automatically and will be auto-loaded from now on.,scripts/ui/manager/memory_tab.gd:62,
匯出積木檔…,匯出積木檔…,Export Logic File…,scripts/ui/manager/memory_tab.gd:64,
"把這隻桌寵目前生效的所有積木(自己匯入的 + 性格帶進來的閒聊/反應 + 交互行為規則)整合匯出成一份積木檔,可以帶去網頁端積木編輯器,在性格已經幫你組好的反應基礎上繼續編輯。","把這隻桌寵目前生效的所有積木(自己匯入的 + 性格帶進來的閒聊/反應 + 交互行為規則)整合匯出成一份積木檔,可以帶去網頁端積木編輯器,在性格已經幫你組好的反應基礎上繼續編輯。","Bundles everything currently in effect for this pet (your own imported blocks + the chat/reactions brought in by its personality + interaction rules) into one logic file you can take to the web block editor, to keep building on the reactions the personality already set up for you.",scripts/ui/manager/memory_tab.gd:65,
已導出 Schema:%s,已導出 Schema:%s,Exported schema: %s,scripts/ui/manager/memory_tab.gd:85,
導出失敗:%s,導出失敗:%s,Export failed: %s,scripts/ui/manager/memory_tab.gd:85,
匯入積木檔,匯入積木檔,Import Logic File,scripts/ui/manager/memory_tab.gd:92,
已匯入積木檔:%s,已匯入積木檔:%s,Imported logic file: %s,scripts/ui/manager/memory_tab.gd:104,
"匯入失敗,請確認是不是網頁端積木編輯器導出的積木檔:%s","匯入失敗,請確認是不是網頁端積木編輯器導出的積木檔:%s",Import failed. Please confirm this file was exported from the web block editor: %s,scripts/ui/manager/memory_tab.gd:106,
匯出積木檔,匯出積木檔,Export Logic File,scripts/ui/manager/memory_tab.gd:113,
已匯出積木檔:%s,已匯出積木檔:%s,Exported logic file: %s,scripts/ui/manager/memory_tab.gd:124,
匯出失敗(無法寫入):%s,匯出失敗(無法寫入):%s,Export failed (unable to write): %s,scripts/ui/manager/memory_tab.gd:124 (共 3 處),
*.json;性格檔,*.json;性格檔,*.json;Personality file,scripts/ui/manager/memory_tab.gd:145 (共 4 處),
匯入自訂性格(性格檔),匯入自訂性格(性格檔),Import Custom Personality (personality file),scripts/ui/manager/memory_tab.gd:145 (共 2 處),
已匯入自訂性格。%s,已匯入自訂性格。%s,Imported custom personality.%s,scripts/ui/manager/memory_tab.gd:157,
 注意:, 注意:, Note: ,scripts/ui/manager/memory_tab.gd:157 (共 2 處),
匯出目前設定為性格檔,匯出目前設定為性格檔,Export Current Settings as Personality File,scripts/ui/manager/memory_tab.gd:166 (共 2 處),
從 %s 匯出的目前設定,從 %s 匯出的目前設定,Current settings exported from %s,scripts/ui/manager/memory_tab.gd:175 (共 2 處),
%s的性格,%s的性格,%s's personality,scripts/ui/manager/memory_tab.gd:175 (共 3 處),
已匯出性格檔:%s,已匯出性格檔:%s,Personality file exported: %s,scripts/ui/manager/memory_tab.gd:177 (共 2 處),
記憶存檔(5 格),記憶存檔(5 格),Memory slots (5),scripts/ui/manager/memory_tab.gd:184,
"把目前的記憶存起來,之後讀回來","把目前的記憶存起來,之後讀回來",Save the current memory to load back later,scripts/ui/manager/memory_tab.gd:185,
"把這隻桌寵目前的記憶(局部數值、事件 Flag、使用者輸入的文字)存進一格,之後隨時讀回來,也可以在重置前先存一份。同角色的複製品共用這 5 格;狀態鏡與全域數值不在裡面。存檔立刻寫進檔案,不需要再按「儲存」。","把這隻桌寵目前的記憶(局部數值、事件 Flag、使用者輸入的文字)存進一格,之後隨時讀回來,也可以在重置前先存一份。同角色的複製品共用這 5 格;狀態鏡與全域數值不在裡面。存檔立刻寫進檔案,不需要再按「儲存」。","Save this pet's current memory (local values, event flags, user-entered text) into a slot so you can load it back any time; you can also save a copy before resetting. Clones of the same character share these 5 slots; state lenses and global values are not included. Saving writes to file immediately; there's no need to press “Save”.",scripts/ui/manager/memory_tab.gd:185,
第 %d 格,第 %d 格,Slot %d,scripts/ui/manager/memory_tab.gd:189,
名稱(選填),名稱(選填),Name (optional),scripts/ui/manager/memory_tab.gd:191,
存入,存入,Store,scripts/ui/manager/memory_tab.gd:198,
讀取,讀取,Load,scripts/ui/manager/memory_tab.gd:200 (共 2 處),
清空,清空,Clear,scripts/ui/manager/memory_tab.gd:202 (共 4 處),
"第 %d 格已經存了:
%s

要用目前的記憶覆蓋它嗎?(舊的內容會消失)","第 %d 格已經存了:
%s

要用目前的記憶覆蓋它嗎?(舊的內容會消失)","Slot %d already has a save:
%s

Overwrite it with the current memory? (The old contents will be lost)",scripts/ui/manager/memory_tab.gd:236,
覆蓋第 %d 格?,覆蓋第 %d 格?,Overwrite slot %d?,scripts/ui/manager/memory_tab.gd:236,
覆蓋,覆蓋,Overwrite,scripts/ui/manager/memory_tab.gd:236 (共 2 處),
已把目前的記憶存進第 %d 格。,已把目前的記憶存進第 %d 格。,Current memory saved to slot %d.,scripts/ui/manager/memory_tab.gd:243,
存檔失敗(無法寫入 user://memory_slots/)。,存檔失敗(無法寫入 user://memory_slots/)。,Save failed (unable to write to user://memory_slots/).,scripts/ui/manager/memory_tab.gd:243,
"要把第 %d 格的記憶讀回 %s 嗎?
%s

這會取代它目前所有的局部數值、Flag 與使用者輸入的文字(讀取前的記憶會記下來,可以按「復原上一次重置 / 讀取」)。","要把第 %d 格的記憶讀回 %s 嗎?
%s

這會取代它目前所有的局部數值、Flag 與使用者輸入的文字(讀取前的記憶會記下來,可以按「復原上一次重置 / 讀取」)。","Load the memory in slot %d back into %s?
%s

This replaces all of its current local values, flags and user-entered text (the memory before loading is recorded, and you can press “Undo last reset / load”).",scripts/ui/manager/memory_tab.gd:254,
讀取第 %d 格?,讀取第 %d 格?,Load slot %d?,scripts/ui/manager/memory_tab.gd:254,
已讀取第 %d 格的記憶。,已讀取第 %d 格的記憶。,Loaded the memory from slot %d.,scripts/ui/manager/memory_tab.gd:266,
"要清空第 %d 格嗎?
%s

清空後無法復原。","要清空第 %d 格嗎?
%s

清空後無法復原。","Clear slot %d?
%s

This can't be undone once cleared.",scripts/ui/manager/memory_tab.gd:276,
清空第 %d 格?,清空第 %d 格?,Clear slot %d?,scripts/ui/manager/memory_tab.gd:276,
已清空第 %d 格。,已清空第 %d 格。,Slot %d cleared.,scripts/ui/manager/memory_tab.gd:282,
%s 目前的記憶:局部數值 %d 個、事件 Flag %d 個、使用者輸入的文字 %d 個。,%s 目前的記憶:局部數值 %d 個、事件 Flag %d 個、使用者輸入的文字 %d 個。,"%s's current memory: %d local values, %d event flags, %d user-entered texts.",scripts/ui/manager/memory_tab.gd:318,
重置記憶 — 最後確認,重置記憶 — 最後確認,Reset Memory — Final Confirmation,scripts/ui/manager/memory_tab.gd:325,
永久清除這些記憶,永久清除這些記憶,Permanently clear these memories,scripts/ui/manager/memory_tab.gd:328,
"這無法用一般方式挽回(只能用「復原上一次重置」)。要繼續,請逐字輸入下面這句通關密碼:","這無法用一般方式挽回(只能用「復原上一次重置」)。要繼續,請逐字輸入下面這句通關密碼:","This can't be recovered in the usual way (only via “Undo last reset”). To continue, type the following passphrase exactly:",scripts/ui/manager/memory_tab.gd:339,
在這裡輸入通關密碼,在這裡輸入通關密碼,Type the passphrase here,scripts/ui/manager/memory_tab.gd:349,
記憶已重置。備份:%s(可按「復原上一次重置」),記憶已重置。備份:%s(可按「復原上一次重置」),Memory reset. Backup: %s (you can press “Undo last reset”),scripts/ui/manager/memory_tab.gd:377,
已復原上一次讀取(記憶回到讀取之前)。,已復原上一次讀取(記憶回到讀取之前)。,Undid the last load (memory is back to before loading).,scripts/ui/manager/memory_tab.gd:388,
已復原上一次重置。,已復原上一次重置。,Undid the last reset.,scripts/ui/manager/memory_tab.gd:396,
"想要更多語法或細節設定?到網頁編輯器用「匯入性格檔」做進階編輯(積木),或在台詞裡直接手打語法:[b]粗體[/b]、[i]斜體[/i]、[wave]…[/wave]、[shake]…[/shake]、[color=#ff8080]…[/color]、{數值名稱}(插入目前數值)。","想要更多語法或細節設定?到網頁編輯器用「匯入性格檔」做進階編輯(積木),或在台詞裡直接手打語法:[b]粗體[/b]、[i]斜體[/i]、[wave]…[/wave]、[shake]…[/shake]、[color=#ff8080]…[/color]、{數值名稱}(插入目前數值)。","Want more syntax or detailed settings? Use “Import personality file” in the web editor for advanced editing (blocks), or type syntax directly in lines: [b]bold[/b], [i]italic[/i], [wave]…[/wave], [shake]…[/shake], [color=#ff8080]…[/color], {value name} (inserts the current value).",scripts/ui/manager/personality_editor_window.gd:13,
性格編輯器 — %s,性格編輯器 — %s,Personality Editor — %s,scripts/ui/manager/personality_editor_window.gd:38 (共 3 處),
"閒聊台詞:桌寵按「說點什麼」或自動閒聊時,會從符合情境的所有項目裡隨機抽一項來說(一項 = 一張籤,想讓某句更常出現就多寫幾項)。","閒聊台詞:桌寵按「說點什麼」或自動閒聊時,會從符合情境的所有項目裡隨機抽一項來說(一項 = 一張籤,想讓某句更常出現就多寫幾項)。","Chat lines: when the pet is told to “Say Something” or auto-chats, it randomly draws one entry from all those matching the situation (one entry = one lottery ticket; write more entries if you want a line to appear more often).",scripts/ui/manager/personality_editor_window.gd:62,
閒聊台詞,閒聊台詞,Chat lines,scripts/ui/manager/personality_editor_window.gd:62,
反應台詞:遇到某件事(被摸、被拖曳、輸贏…)時說的話與做的動作;同一件事有好幾項就隨機挑一項。沒有寫的事件會用內建反應。,反應台詞:遇到某件事(被摸、被拖曳、輸贏…)時說的話與做的動作;同一件事有好幾項就隨機挑一項。沒有寫的事件會用內建反應。,"Reaction lines: what it says and does when something happens (being petted, being dragged, winning or losing…); if there are several entries for the same event, one is picked at random. Events with no entry use the built-in reaction.",scripts/ui/manager/personality_editor_window.gd:63,
反應台詞,反應台詞,Reaction lines,scripts/ui/manager/personality_editor_window.gd:63,
"這個性格有還沒儲存的變更,要儲存後關閉嗎?","這個性格有還沒儲存的變更,要儲存後關閉嗎?",This personality has unsaved changes. Save before closing?,scripts/ui/manager/personality_editor_window.gd:68,
儲存後關閉,儲存後關閉,Save and Close,scripts/ui/manager/personality_editor_window.gd:69,
不儲存關閉,不儲存關閉,Close Without Saving,scripts/ui/manager/personality_editor_window.gd:71,
基本資料,基本資料,Basic Info,scripts/ui/manager/personality_editor_window.gd:100,
下拉選單裡顯示的名字,下拉選單裡顯示的名字,The name shown in the dropdown,scripts/ui/manager/personality_editor_window.gd:102,
英數、底線、連字號、中文;這個性格的唯一代號(也是檔名),英數、底線、連字號、中文;這個性格的唯一代號(也是檔名),"Letters, digits, underscores, hyphens and Chinese characters; this personality's unique ID (also the file name)",scripts/ui/manager/personality_editor_window.gd:106,
代號 id,代號 id,ID,scripts/ui/manager/personality_editor_window.gd:109,
作者(選填),作者(選填),Author (optional),scripts/ui/manager/personality_editor_window.gd:110,
作者,作者,Author,scripts/ui/manager/personality_editor_window.gd:113,
這個性格的說明(滑過選單時顯示),這個性格的說明(滑過選單時顯示),Description of this personality (shown when hovering over the menu),scripts/ui/manager/personality_editor_window.gd:117,
台詞語法與進階編輯,台詞語法與進階編輯,Line syntax and advanced editing,scripts/ui/manager/personality_editor_window.gd:122 (共 2 處),
"只有你動過(或原本就有)的參數會寫進性格檔,沒動的維持「不調整」,套用這個性格時不會去改它。每列右邊的 ↺ 回到預設值(回到預設值也算調整過,套用時會把桌寵設回預設值)。滑過參數名稱看完整說明。","只有你動過(或原本就有)的參數會寫進性格檔,沒動的維持「不調整」,套用這個性格時不會去改它。每列右邊的 ↺ 回到預設值(回到預設值也算調整過,套用時會把桌寵設回預設值)。滑過參數名稱看完整說明。","Only parameters you've changed (or that were already there) are written to the personality file; untouched ones stay “not adjusted” and won't be changed when this personality is applied. The ↺ at the right of each row returns to the default value (returning to the default also counts as an adjustment, and applying will set the pet back to the default value). Hover over a parameter name for the full description.",scripts/ui/manager/personality_editor_window.gd:129,
只有動過的參數會寫進性格檔,只有動過的參數會寫進性格檔,Only parameters you've changed are written to the personality file,scripts/ui/manager/personality_editor_window.gd:129,
這裡的台詞怎麼被抽到,這裡的台詞怎麼被抽到,How the lines here get picked,scripts/ui/manager/personality_editor_window.gd:143,
另存為共用性格檔,另存為共用性格檔,Save as Shared Personality File,scripts/ui/manager/personality_editor_window.gd:192,
"存成共用的自訂性格(user://personalities/,所有角色的下拉選單都選得到),不影響已經套用了這個性格的角色自己的副本。","存成共用的自訂性格(user://personalities/,所有角色的下拉選單都選得到),不影響已經套用了這個性格的角色自己的副本。","Saves as a shared custom personality (user://personalities/, selectable from every character's dropdown). This doesn't affect the copies already applied to characters.",scripts/ui/manager/personality_editor_window.gd:193,
儲存到這隻角色,儲存到這隻角色,Save to This Character,scripts/ui/manager/personality_editor_window.gd:200,
"只改這隻角色帶著的這份性格,別隻角色與共用的性格檔都不受影響(打包角色時這份會跟著走)。","只改這隻角色帶著的這份性格,別隻角色與共用的性格檔都不受影響(打包角色時這份會跟著走)。",Only changes the copy of this personality carried by this character; other characters and the shared personality files are unaffected (this copy travels with the character when it's packaged).,scripts/ui/manager/personality_editor_window.gd:201,
(我的),(我的),(mine),scripts/ui/manager/personality_editor_window.gd:213 (共 3 處),
數值定義 %d 個,數值定義 %d 個,%d value definitions,scripts/ui/manager/personality_editor_window.gd:225,
狀態鏡 %d 個,狀態鏡 %d 個,%d state lenses,scripts/ui/manager/personality_editor_window.gd:227,
進階事件積木 %d 個,進階事件積木 %d 個,%d advanced event blocks,scripts/ui/manager/personality_editor_window.gd:229,
沒有數值定義、狀態鏡與進階事件積木,沒有數值定義、狀態鏡與進階事件積木,"No value definitions, state lenses or advanced event blocks",scripts/ui/manager/personality_editor_window.gd:230,
還帶有:%s(存檔時原樣保留),還帶有:%s(存檔時原樣保留),Also contains: %s (kept as-is when saving),scripts/ui/manager/personality_editor_window.gd:230,
"這是內建的預設性格,改完會存成新的自訂性格(原檔不會被改)。","這是內建的預設性格,改完會存成新的自訂性格(原檔不會被改)。",This is a built-in default personality; after editing it will be saved as a new custom personality (the original file won't be changed).,scripts/ui/manager/personality_editor_window.gd:232,
性格編輯器 — %s *,性格編輯器 — %s *,Personality Editor — %s *,scripts/ui/manager/personality_editor_window.gd:240,
名稱不能是空的,名稱不能是空的,The name can't be empty,scripts/ui/manager/personality_editor_window.gd:260 (共 3 處),
代號 id 不能是空的(只能用英數、底線、連字號、中文),代號 id 不能是空的(只能用英數、底線、連字號、中文),"The ID can't be empty (only letters, digits, underscores, hyphens and Chinese characters allowed)",scripts/ui/manager/personality_editor_window.gd:262,
"代號「%s」是內建性格在用的,請換一個(內建的預設性格不能被覆蓋)","代號「%s」是內建性格在用的,請換一個(內建的預設性格不能被覆蓋)",The ID “%s” is used by a built-in personality; please choose another (built-in default personalities can't be overwritten),scripts/ui/manager/personality_editor_window.gd:265,
存不了:%s,存不了:%s,Can't save: %s,scripts/ui/manager/personality_editor_window.gd:295 (共 2 處),
存檔失敗(無法寫入 %s),存檔失敗(無法寫入 %s),Save failed (unable to write %s),scripts/ui/manager/personality_editor_window.gd:300,
已存成自訂性格「%s」。回到「性格」分頁的下拉選單就能選它。,已存成自訂性格「%s」。回到「性格」分頁的下拉選單就能選它。,Saved as custom personality “%s”. Go back to the dropdown in the “Personality” tab to select it.,scripts/ui/manager/personality_editor_window.gd:308,
這個編輯器不是從角色開啟的,這個編輯器不是從角色開啟的,This editor wasn't opened from a character,scripts/ui/manager/personality_editor_window.gd:316,
"已存到這隻角色自己的版本。要讓新的參數生效,回到「性格」分頁按「套用」。","已存到這隻角色自己的版本。要讓新的參數生效,回到「性格」分頁按「套用」。","Saved to this character's own version. To make the new parameters take effect, go back to the “Personality” tab and press “Apply”.",scripts/ui/manager/personality_editor_window.gd:331,
覆蓋既有的自訂性格?,覆蓋既有的自訂性格?,Overwrite the existing custom personality?,scripts/ui/manager/personality_editor_window.gd:346,
"已經有一個代號叫「%s」的自訂性格了,要用目前的內容覆蓋它嗎?","已經有一個代號叫「%s」的自訂性格了,要用目前的內容覆蓋它嗎?",A custom personality with the ID “%s” already exists. Overwrite it with the current contents?,scripts/ui/manager/personality_editor_window.gd:347,
"某個狀態鏡生效時,例如疲憊、生氣、開心","某個狀態鏡生效時,例如疲憊、生氣、開心","When a state lens is active, e.g. tired, angry, happy",scripts/ui/manager/personality_entries_editor.gd:50,
坐著休息時,坐著休息時,While sitting to rest,scripts/ui/manager/personality_entries_editor.gd:50,
睡覺時說夢話,睡覺時說夢話,Sleep talking,scripts/ui/manager/personality_entries_editor.gd:50,
沒事閒聊時,沒事閒聊時,Idle chat,scripts/ui/manager/personality_entries_editor.gd:50,
＋新增一項,＋新增一項,+ Add an entry,scripts/ui/manager/personality_entries_editor.gd:60,
一行一句備選台詞(每次隨機挑一句);可以手打 [b]粗體[/b]、[wave]…[/wave]、{數值名稱},一行一句備選台詞(每次隨機挑一句);可以手打 [b]粗體[/b]、[wave]…[/wave]、{數值名稱},"One alternative line per row (one is picked at random each time); you can type [b]bold[/b], [wave]…[/wave], {value name} by hand",scripts/ui/manager/personality_entries_editor.gd:82,
依序全說,依序全說,Say all in order,scripts/ui/manager/personality_entries_editor.gd:95,
勾了 = 每一行都依序說出來(像一小段獨白);沒勾 = 每次只隨機挑一行說。,勾了 = 每一行都依序說出來(像一小段獨白);沒勾 = 每次只隨機挑一行說。,Checked = every line is said in order (like a short monologue); unchecked = only one random line is said each time.,scripts/ui/manager/personality_entries_editor.gd:96,
這一項真的開口的機率(100 = 一定說)。,這一項真的開口的機率(100 = 一定說)。,Chance that this entry actually speaks (100 = always).,scripts/ui/manager/personality_entries_editor.gd:102,
機率,機率,Chance,scripts/ui/manager/personality_entries_editor.gd:103,
動作名稱,動作名稱,Action name,scripts/ui/manager/personality_entries_editor.gd:104 (共 2 處),
"說話時順便播放的動作(例如 dance),空白 = 不播。","說話時順便播放的動作(例如 dance),空白 = 不播。",Action to play while speaking (e.g. dance); empty = none.,scripts/ui/manager/personality_entries_editor.gd:107,
順便小跳幾下(0 = 不跳)。,順便小跳幾下(0 = 不跳)。,Also hop a few times (0 = no hopping).,scripts/ui/manager/personality_entries_editor.gd:112,
跳,跳,Hop,scripts/ui/manager/personality_entries_editor.gd:113,
順便發抖幾秒(0 = 不抖)。,順便發抖幾秒(0 = 不抖)。,Also tremble for a few seconds (0 = no trembling).,scripts/ui/manager/personality_entries_editor.gd:116,
抖,抖,Tremble,scripts/ui/manager/personality_entries_editor.gd:117,
狀態鏡名稱,狀態鏡名稱,State lens name,scripts/ui/manager/personality_entries_editor.gd:120 (共 3 處),
"這句只在這個狀態鏡生效時說;空白 = 任何狀態鏡生效時都可以。名稱要跟建立當下打的原文完全一樣(通常是中文,使用者自建的狀態鏡沒有翻譯);內建的「開心/悠哉/緊張/生氣/悲傷/疲憊」六個例外,打英文(happy/relaxed/nervous/angry/sad/tired)也認得到。","這句只在這個狀態鏡生效時說;空白 = 任何狀態鏡生效時都可以。名稱要跟建立當下打的原文完全一樣(通常是中文,使用者自建的狀態鏡沒有翻譯);內建的「開心/悠哉/緊張/生氣/悲傷/疲憊」六個例外,打英文(happy/relaxed/nervous/angry/sad/tired)也認得到。","This line is only said while this state lens is active; blank = fine while any state lens is active. The name must exactly match the original text as typed when created (usually Chinese; state lenses you create yourself have no translation); the six built-in ones — “Happy/Relaxed/Nervous/Angry/Sad/Tired” — are an exception, and typing English (happy/relaxed/nervous/angry/sad/tired) works for those too.",scripts/ui/manager/personality_entries_editor.gd:123,
回到預設值(%s),回到預設值(%s),Back to default (%s),scripts/ui/manager/personality_params_panel.gd:76,
%d戰,%d戰,%d-game match,scripts/ui/manager/personality_params_panel.gd:91,
開,開,On,scripts/ui/manager/personality_params_panel.gd:107,
關,關,Off,scripts/ui/manager/personality_params_panel.gd:107,
性格,性格,Personality,scripts/ui/manager/personality_tab.gd:34 (共 2 處),
性格的台詞可以用氣泡樣式、數值、名字標記與單字池。點右邊的「語法字典」查所有語法並複製;要寫台詞請用「編輯性格…」。,性格的台詞可以用氣泡樣式、數值、名字標記與單字池。點右邊的「語法字典」查所有語法並複製;要寫台詞請用「編輯性格…」。,"Personality lines can use bubble styles, values, name tags and word pools. Click “Syntax Dictionary” on the right to look up all syntax and copy it; to write lines, use “Edit Personality…”.",scripts/ui/manager/personality_tab.gd:51,
"選一個性格,桌寵就會有那個性格的行動節奏、閒聊與各種反應。五個區塊可以各自選不同的性格。你自己寫的積木、改過的設定不會被蓋掉。每隻角色都帶著自己的一份性格副本(套用時複製):在性格編輯器改「這隻角色的版本」只影響這一隻,共用的性格檔不會被動到。","選一個性格,桌寵就會有那個性格的行動節奏、閒聊與各種反應。五個區塊可以各自選不同的性格。你自己寫的積木、改過的設定不會被蓋掉。每隻角色都帶著自己的一份性格副本(套用時複製):在性格編輯器改「這隻角色的版本」只影響這一隻,共用的性格檔不會被動到。","Pick a personality and the pet gets that personality's rhythm of activity, chatter and reactions. Each of the five sections can use a different personality. Blocks you wrote yourself and settings you changed won't be overwritten. Each character carries its own copy of the personality (copied when applied): editing “this character's version” in the Personality Editor only affects this one, and the shared personality files are left untouched.",scripts/ui/manager/personality_tab.gd:52,
"選一個性格,五個區塊可以各自混搭","選一個性格,五個區塊可以各自混搭",Pick a personality; the five sections can be mixed and matched,scripts/ui/manager/personality_tab.gd:52,
整組選同一個:,整組選同一個:,Pick one for the whole set:,scripts/ui/manager/personality_tab.gd:65,
心情與狀態鏡,心情與狀態鏡,Mood and state lenses,scripts/ui/manager/personality_tab.gd:113,
"心情偏高(超過「開心門檻」)或偏低(低於「生氣門檻」)時,桌寵會進入哪一個狀態鏡:在這裡指定(可以複選,每次要進入時從你勾的裡面隨機挑一個);一個都不勾就從有勾「可以被心情門檻叫出來」的正面 / 負面狀態鏡裡隨機挑一個。要不要被心情叫出來,在「狀態鏡」分頁每個狀態鏡的勾選項裡設定。心情門檻與起伏程度在下面的參數裡。","心情偏高(超過「開心門檻」)或偏低(低於「生氣門檻」)時,桌寵會進入哪一個狀態鏡:在這裡指定(可以複選,每次要進入時從你勾的裡面隨機挑一個);一個都不勾就從有勾「可以被心情門檻叫出來」的正面 / 負面狀態鏡裡隨機挑一個。要不要被心情叫出來,在「狀態鏡」分頁每個狀態鏡的勾選項裡設定。心情門檻與起伏程度在下面的參數裡。","Which state lens the pet enters when mood is high (above the ""happy threshold"") or low (below the ""angry threshold""): specify it here (multiple choices allowed; one of your checked ones is picked at random each time it needs to enter one); if none are checked, one is picked at random among the positive/negative state lenses that have ""can be called by mood threshold"" checked. Whether a state lens can be called by mood is set in its own checkbox on the ""State Lenses"" tab. The mood thresholds and swing amount are in the parameters below.",scripts/ui/manager/personality_tab.gd:113,
心情低時,心情低時,When Mood Is Low,scripts/ui/manager/personality_tab.gd:115,
心情高時,心情高時,When Mood Is High,scripts/ui/manager/personality_tab.gd:115,
這隻桌寵的參數,這隻桌寵的參數,This pet's parameters,scripts/ui/manager/personality_tab.gd:125,
"直接改下面的方塊,馬上套用在這隻桌寵身上(記得按「儲存」)。你改過的參數,之後換性格時預設會保留。每列右邊的 ↺ 回到預設值。滑過名稱看完整說明。","直接改下面的方塊,馬上套用在這隻桌寵身上(記得按「儲存」)。你改過的參數,之後換性格時預設會保留。每列右邊的 ↺ 回到預設值。滑過名稱看完整說明。",Edit the boxes below directly and they apply to this pet right away (remember to press “Save”). Parameters you've changed are kept by default when you switch personalities later. The ↺ at the right of each row returns to the default value. Hover over a name for the full description.,scripts/ui/manager/personality_tab.gd:125,
關鍵詞庫,關鍵詞庫,Keyword Pool,scripts/ui/manager/personality_tab.gd:133 (共 6 處),
"簡單地告訴桌寵「你會想到、提到哪些事物」,一行一個(最多 %d 個、每個最多 %d 字)。台詞裡寫 {keyword} 就會隨機換成其中一個,例如「%s似乎在想關於 {keyword} 的事情」「你知道關於 {keyword} 的事嗎?」「oO(有點想念 {keyword} 呀…)」;{kw:1}、{kw:2}… 是同一個事件裡各不相同的幾個,適合做「猜猜我現在最想要什麼?」這種四個選項都是答案的題目。庫是空的就用預設詞(可以寫 {keyword|某件事} 自訂)。改了立刻生效,記得按「儲存」。","簡單地告訴桌寵「你會想到、提到哪些事物」,一行一個(最多 %d 個、每個最多 %d 字)。台詞裡寫 {keyword} 就會隨機換成其中一個,例如「%s似乎在想關於 {keyword} 的事情」「你知道關於 {keyword} 的事嗎?」「oO(有點想念 {keyword} 呀…)」;{kw:1}、{kw:2}… 是同一個事件裡各不相同的幾個,適合做「猜猜我現在最想要什麼?」這種四個選項都是答案的題目。庫是空的就用預設詞(可以寫 {keyword|某件事} 自訂)。改了立刻生效,記得按「儲存」。","Simply tell the pet “what things it would think of and mention”, one per line (up to %d entries, each up to %d characters). Writing {keyword} in a line randomly swaps it for one of them, e.g. “%s seems to be thinking about {keyword}”, “Do you know anything about {keyword}?”, “oO(I kind of miss {keyword}...)”; {kw:1}, {kw:2}… are different ones within the same event, good for questions like “Guess what I want most right now?” where all four options are answers. If the pool is empty, default words are used (you can write {keyword|something} to customize). Changes take effect immediately; remember to press “Save”.",scripts/ui/manager/personality_tab.gd:133,
台詞裡怎麼用:{keyword}、{kw:1},台詞裡怎麼用:{keyword}、{kw:1},"How to use in lines: {keyword}, {kw:1}",scripts/ui/manager/personality_tab.gd:134,
{keyword} = 隨機一個;{keyword|某件事} = 庫是空的時顯示「某件事」;{kw:1}~{kw:9} = 這個事件洗牌後的第 N 個(1、2、3、4 各不相同)。點右邊的「語法字典」看全部語法。,{keyword} = 隨機一個;{keyword|某件事} = 庫是空的時顯示「某件事」;{kw:1}~{kw:9} = 這個事件洗牌後的第 N 個(1、2、3、4 各不相同)。點右邊的「語法字典」看全部語法。,"{keyword} = one at random; {keyword|something} = shows “something” when the pool is empty; {kw:1}~{kw:9} = the Nth after this event's shuffle (1, 2, 3, 4 are all different). Click “Syntax Dictionary” on the right to see all syntax.",scripts/ui/manager/personality_tab.gd:134,
▍桌寵有興趣的關鍵詞(桌寵向你學到的新知識也會記在這裡),▍桌寵有興趣的關鍵詞(桌寵向你學到的新知識也會記在這裡),▍Keywords the pet is interested in (new things the pet learns from you are also recorded here),scripts/ui/manager/personality_tab.gd:135,
"一行一個關鍵詞,例如:
晚餐
星星
下雨天","一行一個關鍵詞,例如:
晚餐
星星
下雨天","One keyword per line, e.g.:
Dinner
Stars
Rainy days",scripts/ui/manager/personality_tab.gd:138,
加入建議詞,加入建議詞,Add Suggested Words,scripts/ui/manager/personality_tab.gd:147,
"把一組常見的話題(晚餐、星星、天氣…)加進來,已經有的不會重複;不喜歡的自己刪掉。","把一組常見的話題(晚餐、星星、天氣…)加進來,已經有的不會重複;不喜歡的自己刪掉。","Adds a set of common topics (dinner, stars, weather…); ones already present won't be duplicated; delete the ones you don't like yourself.",scripts/ui/manager/personality_tab.gd:148,
▍使用者有興趣的關鍵詞(桌寵想更了解你時問到的會記在這裡;台詞裡用 {keyword:user}、{kw:user:1}),▍使用者有興趣的關鍵詞(桌寵想更了解你時問到的會記在這裡;台詞裡用 {keyword:user}、{kw:user:1}),"▍Keywords the user is interested in (things the pet asked about when it wanted to know you better are recorded here; use {keyword:user}, {kw:user:1} in lines)",scripts/ui/manager/personality_tab.gd:158,
"一行一個,例如:
貓咪
爵士樂
登山","一行一個,例如:
貓咪
爵士樂
登山","One per line, e.g.:
Cats
Jazz
Hiking",scripts/ui/manager/personality_tab.gd:161,
晚餐,晚餐,Dinner,scripts/ui/manager/personality_tab.gd:178,
零食,零食,Snacks,scripts/ui/manager/personality_tab.gd:178,
冒險,冒險,Adventure,scripts/ui/manager/personality_tab.gd:178,
星星,星星,Stars,scripts/ui/manager/personality_tab.gd:178,
天氣,天氣,Weather,scripts/ui/manager/personality_tab.gd:178,
夕陽,夕陽,Sunsets,scripts/ui/manager/personality_tab.gd:178,
遠方的朋友,遠方的朋友,Faraway friends,scripts/ui/manager/personality_tab.gd:178,
音樂,音樂,Music,scripts/ui/manager/personality_tab.gd:178,
午睡,午睡,Naps,scripts/ui/manager/personality_tab.gd:178,
下雨天,下雨天,Rainy days,scripts/ui/manager/personality_tab.gd:178,
目前 %d / %d 個關鍵詞,目前 %d / %d 個關鍵詞,Currently %d / %d keywords,scripts/ui/manager/personality_tab.gd:211 (共 2 處),
套用預覽,套用預覽,Preview Apply,scripts/ui/manager/personality_tab.gd:252,
套用,套用,Apply,scripts/ui/manager/personality_tab.gd:257 (共 2 處),
取消所有性格(還原),取消所有性格(還原),Cancel All Personalities (Restore),scripts/ui/manager/personality_tab.gd:260,
參數還原成套用前的值、移除性格加入且沒被你改過的數值定義與狀態鏡、停用性格的事件;你自己的內容不動。,參數還原成套用前的值、移除性格加入且沒被你改過的數值定義與狀態鏡、停用性格的事件;你自己的內容不動。,"Parameters are restored to their values before applying, value definitions and state lenses added by a personality (and not modified by you) are removed, and the personality's events are disabled; your own content is untouched.",scripts/ui/manager/personality_tab.gd:261,
編輯性格…,編輯性格…,Edit Personality…,scripts/ui/manager/personality_tab.gd:263,
"打開性格編輯器,改這個性格的參數、閒聊台詞與反應台詞,存成自訂性格。改內建的預設性格會存成新的自訂性格,不會動到原檔。","打開性格編輯器,改這個性格的參數、閒聊台詞與反應台詞,存成自訂性格。改內建的預設性格會存成新的自訂性格,不會動到原檔。","Opens the Personality Editor to edit this personality's parameters, chat lines and reaction lines and save it as a custom personality. Editing a built-in default personality saves it as a new custom personality without touching the original file.",scripts/ui/manager/personality_tab.gd:264,
重設此性格副本,重設此性格副本,Reset This Personality Copy,scripts/ui/manager/personality_tab.gd:266,
"每隻角色都帶著自己的一份性格(套用時複製的),在性格編輯器改「這隻角色的版本」只影響這一隻。這個按鈕丟掉改動、重新複製共用的原版。","每隻角色都帶著自己的一份性格(套用時複製的),在性格編輯器改「這隻角色的版本」只影響這一隻。這個按鈕丟掉改動、重新複製共用的原版。",Each character carries its own copy of the personality (copied when applied); editing “this character's version” in the Personality Editor only affects this one. This button discards the changes and re-copies the shared original.,scripts/ui/manager/personality_tab.gd:267,
"把這隻的參數、數值定義、狀態鏡與你自己的閒聊/反應事件存成性格檔,可以分享或當備份。不含數值目前值、Flag、戰績。","把這隻的參數、數值定義、狀態鏡與你自己的閒聊/反應事件存成性格檔,可以分享或當備份。不含數值目前值、Flag、戰績。","Saves this pet's parameters, value definitions, state lenses and your own chat/reaction events as a personality file that can be shared or used as a backup. Current values, flags and records are not included.",scripts/ui/manager/personality_tab.gd:272,
"對話池:只用性格的(暫時停用我自己的閒聊事件;沒有刪除,取消勾選就恢復)","對話池:只用性格的(暫時停用我自己的閒聊事件;沒有刪除,取消勾選就恢復)","Dialogue pool: use the personality's only (temporarily disables my own chat events; nothing is deleted, uncheck to restore)",scripts/ui/manager/personality_tab.gd:279,
"反應事件:只用性格的(暫時停用我自己的反應類事件;沒有刪除,取消勾選就恢復)","反應事件:只用性格的(暫時停用我自己的反應類事件;沒有刪除,取消勾選就恢復)","Reaction events: use the personality's only (temporarily disables my own reaction events; nothing is deleted, uncheck to restore)",scripts/ui/manager/personality_tab.gd:280,
參數:連我自己改過的也覆蓋(預設保留我改過的),參數:連我自己改過的也覆蓋(預設保留我改過的),Parameters: overwrite even the ones I changed (by default the ones I changed are kept),scripts/ui/manager/personality_tab.gd:281,
套用 ●,套用 ●,Apply ●,scripts/ui/manager/personality_tab.gd:311,
套用上面選的性格。,套用上面選的性格。,Apply the personality selected above.,scripts/ui/manager/personality_tab.gd:312,
"你選的性格還沒套用到這隻桌寵身上,按這裡套用。","你選的性格還沒套用到這隻桌寵身上,按這裡套用。",The personality you selected hasn't been applied to this pet yet; press here to apply it.,scripts/ui/manager/personality_tab.gd:312,
已改心情%s時的狀態鏡。記得按「儲存」。,已改心情%s時的狀態鏡。記得按「儲存」。,Changed the state lens for when mood is %s. Remember to press “Save”.,scripts/ui/manager/personality_tab.gd:378,
"(選一個,五個區塊一起設成它)","(選一個,五個區塊一起設成它)",(pick one; all five sections are set to it),scripts/ui/manager/personality_tab.gd:387,
(不套用),(不套用),(don't apply),scripts/ui/manager/personality_tab.gd:392,
自訂:%s,自訂:%s,Custom: %s,scripts/ui/manager/personality_tab.gd:395,
目前:%s,目前:%s,Current: %s,scripts/ui/manager/personality_tab.gd:449,
目前:沒有套用,目前:沒有套用,Current: none applied,scripts/ui/manager/personality_tab.gd:449,
選了「%s」%s→ %s,選了「%s」%s→ %s,Selected “%s”%s → %s,scripts/ui/manager/personality_tab.gd:456,
(這隻角色改過的版本),(這隻角色改過的版本),(this character's modified version),scripts/ui/manager/personality_tab.gd:456 (共 2 處),
已改「%s」:%s。記得按「儲存」。,已改「%s」:%s。記得按「儲存」。,Changed “%s”: %s. Remember to press “Save”.,scripts/ui/manager/personality_tab.gd:481,
精力:疲勞機制目前關閉(套用有疲勞參數的性格才會累);社交意願 %s,精力:疲勞機制目前關閉(套用有疲勞參數的性格才會累);社交意願 %s,Energy: the fatigue mechanic is currently off (only personalities with fatigue parameters get tired); sociability %s,scripts/ui/manager/personality_tab.gd:501,
精力 %d%%  ·  %s%s  ·  心情 %d(%s)  ·  社交意願 %s,精力 %d%%  ·  %s%s  ·  心情 %d(%s)  ·  社交意願 %s,Energy %d%%  ·  %s%s  ·  Mood %d (%s)  ·  Sociability %s,scripts/ui/manager/personality_tab.gd:503,
(累了),(累了),(tired),scripts/ui/manager/personality_tab.gd:503,
找不到性格「%s」(可能是自訂性格檔被刪掉了),找不到性格「%s」(可能是自訂性格檔被刪掉了),Personality “%s” not found (the custom personality file may have been deleted),scripts/ui/manager/personality_tab.gd:520,
 用【%s】, 用【%s】, using “%s”,scripts/ui/manager/personality_tab.gd:528,
"你已經有自己的,保留","你已經有自己的,保留","You already have your own, kept",scripts/ui/manager/personality_tab.gd:538,
移除(原本是性格加的、你沒改過),移除(原本是性格加的、你沒改過),Removed (added by the personality; you didn't modify it),scripts/ui/manager/personality_tab.gd:538,
  沒有變化,  沒有變化,  No change,scripts/ui/manager/personality_tab.gd:542 (共 2 處),
  不套用性格,  不套用性格,  No personality applied,scripts/ui/manager/personality_tab.gd:548,
(「只用性格的」在沒有性格時不會生效),(「只用性格的」在沒有性格時不會生效),(“Use personality only” has no effect when there is no personality),scripts/ui/manager/personality_tab.gd:548,
(你自己的同類事件照常保留、一起運作),(你自己的同類事件照常保留、一起運作),(your own events of the same kind are kept and run alongside),scripts/ui/manager/personality_tab.gd:550,
  加入 %d 個事件,  加入 %d 個事件,  Adds %d events,scripts/ui/manager/personality_tab.gd:550,
(你自己的同類事件暫時停用),(你自己的同類事件暫時停用),(your own events of the same kind are temporarily disabled),scripts/ui/manager/personality_tab.gd:550,
  套用  %s:%s → %s,  套用  %s:%s → %s,  Apply  %s: %s → %s,scripts/ui/manager/personality_tab.gd:563,
"  保留你改過的  %s(%s,性格想設成 %s)","  保留你改過的  %s(%s,性格想設成 %s)",  Kept your modified  %s (%s; the personality wants to set it to %s),scripts/ui/manager/personality_tab.gd:565,
  還原  %s:%s → %s,  還原  %s:%s → %s,  Restore  %s: %s → %s,scripts/ui/manager/personality_tab.gd:567,
  一樣  %s:%s,  一樣  %s:%s,  Same  %s: %s,scripts/ui/manager/personality_tab.gd:569,
  套用,  套用,  Apply,scripts/ui/manager/personality_tab.gd:570,
  還原,  還原,  Restore,scripts/ui/manager/personality_tab.gd:570,
  ── 這隻桌寵目前的其他參數 ──,  ── 這隻桌寵目前的其他參數 ──,  ── This pet's other current parameters ──,scripts/ui/manager/personality_tab.gd:575,
  目前  %s:%s,  目前  %s:%s,  Current  %s: %s,scripts/ui/manager/personality_tab.gd:580,
是,是,Yes,scripts/ui/manager/personality_tab.gd:586,
否,否,No,scripts/ui/manager/personality_tab.gd:586,
 記得按「儲存」。, 記得按「儲存」。, Remember to press “Save”.,scripts/ui/manager/personality_tab.gd:600,
已套用性格(%d 項變更)。,已套用性格(%d 項變更)。,Personality applied (%d changes).,scripts/ui/manager/personality_tab.gd:600,
已取消所有性格(%d 項還原/移除)。你自己的內容沒動。,已取消所有性格(%d 項還原/移除)。你自己的內容沒動。,All personalities canceled (%d restored/removed). Your own content was untouched.,scripts/ui/manager/personality_tab.gd:611,
找不到性格「%s」。,找不到性格「%s」。,Personality “%s” not found.,scripts/ui/manager/personality_tab.gd:637,
從 %s 目前的設定開始編輯,從 %s 目前的設定開始編輯,Start editing from %s's current settings,scripts/ui/manager/personality_tab.gd:642,
"已存到這隻角色自己的「%s」(別隻角色與共用的性格不受影響)。要讓新的參數生效請按「套用」,記得再按「儲存」。","已存到這隻角色自己的「%s」(別隻角色與共用的性格不受影響)。要讓新的參數生效請按「套用」,記得再按「儲存」。","Saved to this character's own “%s” (other characters and the shared personality are unaffected). To make the new parameters take effect, press “Apply”, then remember to press “Save”.",scripts/ui/manager/personality_tab.gd:656,
"這隻角色沒有選任何性格,或還沒帶著性格副本。","這隻角色沒有選任何性格,或還沒帶著性格副本。","This character has no personality selected, or doesn't carry a personality copy yet.",scripts/ui/manager/personality_tab.gd:670,
重設性格副本,重設性格副本,Reset Personality Copy,scripts/ui/manager/personality_tab.gd:674,
"要把這隻角色的「%s」%s重設成共用的原版嗎?
這隻角色改過的台詞與參數設定會消失,而且這個性格管的參數會一併同步成原版的值(連你手動調過的也會換掉;數值定義與狀態鏡沒改過的換成新版、你自己建的不動)。","要把這隻角色的「%s」%s重設成共用的原版嗎?
這隻角色改過的台詞與參數設定會消失,而且這個性格管的參數會一併同步成原版的值(連你手動調過的也會換掉;數值定義與狀態鏡沒改過的換成新版、你自己建的不動)。","Reset this character's “%s”%s to the shared original?
The lines and parameter settings modified for this character will be lost, and the parameters governed by this personality will be synced to the original's values (even ones you adjusted by hand will be replaced; unmodified value definitions and state lenses are replaced with the new version, and ones you created yourself are left alone).",scripts/ui/manager/personality_tab.gd:675,
(有改過),(有改過), (modified),scripts/ui/manager/personality_tab.gd:675,
重設,重設,Reset,scripts/ui/manager/personality_tab.gd:676,
"已把這隻角色的「%s」重設成原版,並同步了 %d 項(記得再按「儲存」)。","已把這隻角色的「%s」重設成原版,並同步了 %d 項(記得再按「儲存」)。",Reset this character's “%s” to the original and synced %d items (remember to press “Save” again).,scripts/ui/manager/personality_tab.gd:690,
"已存成自訂性格「%s」,可以在上面的下拉選單選它套用。","已存成自訂性格「%s」,可以在上面的下拉選單選它套用。",Saved as custom personality “%s”; you can select it in the dropdown above to apply it.,scripts/ui/manager/personality_tab.gd:700,
已匯入自訂性格「%s」。%s,已匯入自訂性格「%s」。%s,Imported custom personality “%s”.%s,scripts/ui/manager/personality_tab.gd:721,
"在圖上按一下或拖曳,設定光源的位置(十字標記)。","在圖上按一下或拖曳,設定光源的位置(十字標記)。",Click or drag on the image to set the light position (crosshair marker).,scripts/ui/manager/prop_light_preview.gd:21,
道具管理,道具管理,Prop Manager,scripts/ui/manager/props_window.gd:54,
改了就立刻存起來。圖片由你自己匯入;沒有圖片的道具在桌面上會用程式畫的替代圖示。,改了就立刻存起來。圖片由你自己匯入;沒有圖片的道具在桌面上會用程式畫的替代圖示。,Changes are saved immediately. Images are imported by you; props without an image use a program-drawn placeholder icon on the desktop.,scripts/ui/manager/props_window.gd:73,
物品欄,物品欄,Inventory,scripts/ui/manager/props_window.gd:81,
"所有小道具。從下面的模板新增一個,再在右邊改名字、匯入圖片、設定互動方式。","所有小道具。從下面的模板新增一個,再在右邊改名字、匯入圖片、設定互動方式。","All props. Add one from a template below, then rename it, import an image and set its interaction mode on the right.",scripts/ui/manager/props_window.gd:81,
▲ 往前,▲ 往前,▲ Earlier,scripts/ui/manager/props_window.gd:87,
調整這個道具在物品欄與道具欄裡的順序。,調整這個道具在物品欄與道具欄裡的順序。,Adjust this prop's order in the inventory and the prop tray.,scripts/ui/manager/props_window.gd:88 (共 2 處),
▼ 往後,▼ 往後,▼ Later,scripts/ui/manager/props_window.gd:90,
＋ 從模板新增,＋ 從模板新增,+ Add from Template,scripts/ui/manager/props_window.gd:101,
刪除這個道具,刪除這個道具,Delete This Prop,scripts/ui/manager/props_window.gd:104,
左邊還沒有道具:選一個模板按「從模板新增」。,左邊還沒有道具:選一個模板按「從模板新增」。,No props on the left yet: pick a template and press “Add from Template”.,scripts/ui/manager/props_window.gd:119,
道具名稱,道具名稱,Prop name,scripts/ui/manager/props_window.gd:132,
道具貼圖,道具貼圖,Prop texture,scripts/ui/manager/props_window.gd:138,
"簡單版:只貼一張圖片就好(存在這個道具自己的資料夾裡),物品欄與桌面上都用它。進階版:在精靈圖編輯器的道具區替不同狀態(預設、被使用、拖曳中)各做一組動畫,有進階貼圖時桌面上的道具用它,物品欄縮圖沒有簡單版的圖就用預設狀態的第一幀。","簡單版:只貼一張圖片就好(存在這個道具自己的資料夾裡),物品欄與桌面上都用它。進階版:在精靈圖編輯器的道具區替不同狀態(預設、被使用、拖曳中)各做一組動畫,有進階貼圖時桌面上的道具用它,物品欄縮圖沒有簡單版的圖就用預設狀態的第一幀。","Simple version: just attach one image (stored in this prop's own folder), used in both the inventory and on the desktop. Advanced version: in the prop section of the Sprite Editor, make a set of animations for each state (Default, In use, Dragging); when an advanced texture exists the prop on the desktop uses it, and if there's no simple-version image, the inventory thumbnail uses the first frame of the Default state.",scripts/ui/manager/props_window.gd:138,
道具圖片(簡單版),道具圖片(簡單版),Prop image (simple version),scripts/ui/manager/props_window.gd:139,
"桌面貼圖(可不填,沒填就用上面那張)","桌面貼圖(可不填,沒填就用上面那張)","Desktop texture (optional; if empty, the image above is used)",scripts/ui/manager/props_window.gd:141,
進階貼圖…,進階貼圖…,Advanced Texture…,scripts/ui/manager/props_window.gd:147,
開啟精靈圖編輯器的道具區:替預設、被使用、拖曳中做動畫。,開啟精靈圖編輯器的道具區:替預設、被使用、拖曳中做動畫。,"Open the prop section of the Sprite Editor: make animations for Default, In use and Dragging.",scripts/ui/manager/props_window.gd:148,
進階貼圖,進階貼圖,Advanced texture,scripts/ui/manager/props_window.gd:153,
"拾取:丟到桌面後,桌寵碰到就會拿走(只有一隻會拿到)。摩擦:直接拖到桌寵身上來回摩擦(例如毛巾擦一擦)。兩個可以同時勾選;都不勾就只是收藏,不參與互動。","拾取:丟到桌面後,桌寵碰到就會拿走(只有一隻會拿到)。摩擦:直接拖到桌寵身上來回摩擦(例如毛巾擦一擦)。兩個可以同時勾選;都不勾就只是收藏,不參與互動。","Pick up: after being tossed onto the desktop, a pet that touches it takes it (only one pet gets it). Rub: drag it directly onto a pet and rub back and forth (e.g. rubbing with a towel). You can check both at once; if neither is checked it's just a collectible and doesn't take part in interaction.",scripts/ui/manager/props_window.gd:155,
互動模式,互動模式,Interaction mode,scripts/ui/manager/props_window.gd:155,
拾取,拾取,Pick up,scripts/ui/manager/props_window.gd:156,
摩擦,摩擦,Rub,scripts/ui/manager/props_window.gd:158,
摩擦後一次性消耗(不勾 = 回到物品欄可重複使用),摩擦後一次性消耗(不勾 = 回到物品欄可重複使用),Consumed once after rubbing (unchecked = returns to the inventory for reuse),scripts/ui/manager/props_window.gd:160,
拾取(播放 gather 動作後移除),拾取(播放 gather 動作後移除),"Pick up (play the gather action, then remove)",scripts/ui/manager/props_window.gd:163,
無(單純消失),無(單純消失),None (simply disappears),scripts/ui/manager/props_window.gd:164,
預設交互反應,預設交互反應,Default interaction reaction,scripts/ui/manager/props_window.gd:166,
預設反應只是保底,預設反應只是保底,The default reaction is only a fallback,scripts/ui/manager/props_window.gd:167,
"桌寵沒有寫「當拾取這個道具」的事件積木、這個道具也沒有設定下面的數值或狀態綁定時,才用這裡的預設反應。","桌寵沒有寫「當拾取這個道具」的事件積木、這個道具也沒有設定下面的數值或狀態綁定時,才用這裡的預設反應。",The default reaction here is only used when the pet has no “when this prop is picked up” event block and this prop has no value or state bindings set below.,scripts/ui/manager/props_window.gd:167,
 秒(預設 180;0 = 永不消失), 秒(預設 180;0 = 永不消失), sec (default 180; 0 = never disappears),scripts/ui/manager/props_window.gd:169,
落地後消失,落地後消失,Disappears after landing,scripts/ui/manager/props_window.gd:171,
立刻消失,立刻消失,Vanish instantly,scripts/ui/manager/props_window.gd:173,
左右搖晃,左右搖晃,Shake side to side,scripts/ui/manager/props_window.gd:173,
上下搖晃,上下搖晃,Shake up and down,scripts/ui/manager/props_window.gd:173,
向上淡出,向上淡出,Fade upward,scripts/ui/manager/props_window.gd:173,
淡出,淡出,Fade out,scripts/ui/manager/props_window.gd:173,
被使用時的表現,被使用時的表現,Effect when used,scripts/ui/manager/props_window.gd:176,
 次(搖晃式才用), 次(搖晃式才用), times (shake styles only),scripts/ui/manager/props_window.gd:178,
搖晃次數,搖晃次數,Shake count,scripts/ui/manager/props_window.gd:180,
連帶觸發特效,連帶觸發特效,Also trigger effect,scripts/ui/manager/props_window.gd:186 (共 2 處),
使用結束後的特效,使用結束後的特效,Effect after use finishes,scripts/ui/manager/props_window.gd:192,
拾取:使用動畫播完之後才播;摩擦:桌寵不再被這個道具擦(道具移開、放開或用完)之後才播。例如洗滌用品擦完接著閃閃發光。,拾取:使用動畫播完之後才播;摩擦:桌寵不再被這個道具擦(道具移開、放開或用完)之後才播。例如洗滌用品擦完接著閃閃發光。,"Pick up: played after the use animation finishes; Rub: played after the pet is no longer being rubbed with this prop (the prop is moved away, released or used up). For example, cleaning supplies followed by sparkles after rubbing.",scripts/ui/manager/props_window.gd:193,
使用結束後,使用結束後,After use ends,scripts/ui/manager/props_window.gd:193,
"拖曳中吸引:拖著這個道具移動時,場上會被吸引的桌寵會追過來","拖曳中吸引:拖著這個道具移動時,場上會被吸引的桌寵會追過來","Attract while dragging: when you drag this prop around, attractable pets on the desktop chase after it",scripts/ui/manager/props_window.gd:194,
"可持有:被拾取後不消失,記成這隻桌寵正拿著的道具","可持有:被拾取後不消失,記成這隻桌寵正拿著的道具",Holdable: not removed after being picked up; remembered as the prop this pet is holding,scripts/ui/manager/props_window.gd:196,
拿在手上(素材包的持有錨點),拿在手上(素材包的持有錨點),In hand (the asset pack's hold anchor),scripts/ui/manager/props_window.gd:199,
頂在頭上(判定框頭頂位置),頂在頭上(判定框頭頂位置),On the head (top of the hitbox),scripts/ui/manager/props_window.gd:200,
持有時放在,持有時放在,"When held, place it",scripts/ui/manager/props_window.gd:202,
方形(一般道具),方形(一般道具),Square (regular prop),scripts/ui/manager/props_window.gd:204,
"圓球(會彈跳滾動旋轉,桌寵會追著玩、拋、頂在頭上)","圓球(會彈跳滾動旋轉,桌寵會追著玩、拋、頂在頭上)","Ball (bounces, rolls and spins; pets chase it, toss it and balance it on their heads)",scripts/ui/manager/props_window.gd:205,
碰撞形狀,碰撞形狀,Collision shape,scripts/ui/manager/props_window.gd:207,
圓球,圓球,Ball,scripts/ui/manager/props_window.gd:208,
圓球不會被桌寵自動撿走;有興趣的桌寵(性格「玩球意願」)會追球、把球往上往旁邊拋、或頂在頭上再拋高。桌寵玩球時球不計自動消失;在球上按右鍵可以手動收回。使用者也參與(抓球、丟球)時桌寵會得到好感度回饋;心情不好或不愛玩的性格不會加入。,圓球不會被桌寵自動撿走;有興趣的桌寵(性格「玩球意願」)會追球、把球往上往旁邊拋、或頂在頭上再拋高。桌寵玩球時球不計自動消失;在球上按右鍵可以手動收回。使用者也參與(抓球、丟球)時桌寵會得到好感度回饋;心情不好或不愛玩的性格不會加入。,"A ball isn't picked up automatically by pets; interested pets (personality “Willingness to play ball”) chase the ball, toss it up and sideways, or balance it on their head and toss it higher. The ball doesn't count toward automatic disappearance while pets play with it; right-click the ball to put it away manually. When the user also joins in (grabbing and throwing the ball) the pets get affection feedback; personalities in a bad mood or that don't like playing won't join.",scripts/ui/manager/props_window.gd:208,
"讓這個道具自己發光:在下面的預覽圖上按一下(或拖曳)標出光源的位置,再調光暈半徑、強度、顏色,預覽會馬上反映。光是程式畫的柔和光暈(沒有陰影),桌面上道具在哪、光就在哪;全局設定的「啟用光源」關掉時不會發光。想當家具用:互動模式都不勾、「落地後消失」設成 0。","讓這個道具自己發光:在下面的預覽圖上按一下(或拖曳)標出光源的位置,再調光暈半徑、強度、顏色,預覽會馬上反映。光是程式畫的柔和光暈(沒有陰影),桌面上道具在哪、光就在哪;全局設定的「啟用光源」關掉時不會發光。想當家具用:互動模式都不勾、「落地後消失」設成 0。","Make this prop glow by itself: click (or drag) on the preview image below to mark the light position, then adjust the halo radius, intensity and color; the preview reflects changes immediately. The light is a soft program-drawn halo (no shadows), and wherever the prop is on the desktop, the light is there too; it won't glow when “Enable lights” in Global Settings is off. To use it as furniture: leave all interaction modes unchecked and set “Disappears after landing” to 0.",scripts/ui/manager/props_window.gd:210,
是光源,是光源,Is a light source,scripts/ui/manager/props_window.gd:210,
這個道具會發光,這個道具會發光,This prop glows,scripts/ui/manager/props_window.gd:211,
" %(左右,0 = 正中間)"," %(左右,0 = 正中間)"," % (horizontal, 0 = dead center)",scripts/ui/manager/props_window.gd:223,
光源左右,光源左右,Light horizontal position,scripts/ui/manager/props_window.gd:225,
" %(離腳底的高度,100 = 頂端)"," %(離腳底的高度,100 = 頂端)"," % (height above the feet, 100 = top)",scripts/ui/manager/props_window.gd:227,
光源高度,光源高度,Light height,scripts/ui/manager/props_window.gd:229,
 像素, 像素, px,scripts/ui/manager/props_window.gd:231,
光暈半徑,光暈半徑,Halo radius,scripts/ui/manager/props_window.gd:233 (共 2 處),
光暈強度,光暈強度,Halo intensity,scripts/ui/manager/props_window.gd:236 (共 2 處),
光暈顏色(#RRGGBB),光暈顏色(#RRGGBB),Halo color (#RRGGBB),scripts/ui/manager/props_window.gd:249,
觸發時改變數值(免寫積木),觸發時改變數值(免寫積木),Change a value on trigger (no blocks needed),scripts/ui/manager/props_window.gd:251,
"道具被拾取或摩擦時,直接增減某個數值,例如小魚乾:局部 飽食度 +10。數值名稱要和桌寵的數值定義一樣。","道具被拾取或摩擦時,直接增減某個數值,例如小魚乾:局部 飽食度 +10。數值名稱要和桌寵的數值定義一樣。","When the prop is picked up or rubbed, directly increase or decrease a value, e.g. dried fish: Local Fullness +10. The value name must match the pet's value definition.",scripts/ui/manager/props_window.gd:251,
＋ 新增數值綁定,＋ 新增數值綁定,+ Add Value Binding,scripts/ui/manager/props_window.gd:254,
數值名稱,數值名稱,Value name,scripts/ui/manager/props_window.gd:258 (共 2 處),
觸發時切換狀態鏡(免寫積木),觸發時切換狀態鏡(免寫積木),Switch a state lens on trigger (no blocks needed),scripts/ui/manager/props_window.gd:262,
"道具被拾取或摩擦時,啟用或解除某個狀態鏡,例如聖誕帽:啟用「聖誕節模式」。狀態鏡名稱要和桌寵的狀態鏡一樣——用建立當下打的原文(通常是中文,使用者自建的狀態鏡沒有翻譯、不能打別的語言);內建的「開心/悠哉/緊張/生氣/悲傷/疲憊」六個例外,打英文(happy/relaxed/nervous/angry/sad/tired)也認得到。","道具被拾取或摩擦時,啟用或解除某個狀態鏡,例如聖誕帽:啟用「聖誕節模式」。狀態鏡名稱要和桌寵的狀態鏡一樣——用建立當下打的原文(通常是中文,使用者自建的狀態鏡沒有翻譯、不能打別的語言);內建的「開心/悠哉/緊張/生氣/悲傷/疲憊」六個例外,打英文(happy/relaxed/nervous/angry/sad/tired)也認得到。","When the prop is picked up or rubbed, enables or releases a state lens, e.g. a Santa hat: enables ""Christmas Mode"". The state lens name must match the pet's state lens — use the original text as typed when created (usually Chinese; state lenses you create yourself have no translation, no other language works); the six built-in ones — “Happy/Relaxed/Nervous/Angry/Sad/Tired” — are an exception, and typing English (happy/relaxed/nervous/angry/sad/tired) works for those too.",scripts/ui/manager/props_window.gd:262,
＋ 新增狀態鏡綁定,＋ 新增狀態鏡綁定,+ Add State Lens Binding,scripts/ui/manager/props_window.gd:265,
觸發時解除所有目前生效的「負面」狀態鏡,觸發時解除所有目前生效的「負面」狀態鏡,"On trigger, release all currently active “Negative” state lenses",scripts/ui/manager/props_window.gd:272,
觸發時解除所有目前生效的「正面」狀態鏡,觸發時解除所有目前生效的「正面」狀態鏡,"On trigger, release all currently active “Positive” state lenses",scripts/ui/manager/props_window.gd:274,
恢復精力(疲勞值),恢復精力(疲勞值),Restore energy (fatigue),scripts/ui/manager/props_window.gd:278,
🎁 丟到桌面,🎁 丟到桌面,🎁 Toss onto Desktop,scripts/ui/manager/props_window.gd:281,
🧹 清空桌面上的道具,🧹 清空桌面上的道具,🧹 Clear Props from Desktop,scripts/ui/manager/props_window.gd:284,
清掉了 %d 個桌面上的道具。,清掉了 %d 個桌面上的道具。,Cleared %d props from the desktop.,scripts/ui/manager/props_window.gd:285,
選擇圖片…,選擇圖片…,Choose Image…,scripts/ui/manager/props_window.gd:306,
清除,清除,Clear,scripts/ui/manager/props_window.gd:309 (共 2 處),
無法新增道具(資料夾寫不進去或已達上限)。,無法新增道具(資料夾寫不進去或已達上限)。,Unable to add a prop (the folder can't be written to or the limit has been reached).,scripts/ui/manager/props_window.gd:351,
已新增「%s」。,已新增「%s」。,Added “%s”.,scripts/ui/manager/props_window.gd:354,
刪除道具,刪除道具,Delete Prop,scripts/ui/manager/props_window.gd:362,
"要刪除「%s」嗎?
它的資料夾會搬到備份資料夾,不會直接消失。","要刪除「%s」嗎?
它的資料夾會搬到備份資料夾,不會直接消失。","Delete “%s”?
Its folder will be moved to the backup folder and won't simply vanish.",scripts/ui/manager/props_window.gd:363,
已把「%s」搬到備份資料夾。,已把「%s」搬到備份資料夾。,Moved “%s” to the backup folder.,scripts/ui/manager/props_window.gd:387,
"(沒有,桌面上用替代圖示)","(沒有,桌面上用替代圖示)",(none; a placeholder icon is used on the desktop),scripts/ui/manager/props_window.gd:400,
(沿用縮圖),(沿用縮圖),(reuses the thumbnail),scripts/ui/manager/props_window.gd:401,
已設定(%d 個狀態有圖),已設定(%d 個狀態有圖),Set (%d states have images),scripts/ui/manager/props_window.gd:411,
"(沒有,用上面簡單版的圖)","(沒有,用上面簡單版的圖)",(none; the simple-version image above is used),scripts/ui/manager/props_window.gd:411,
已經有一個叫「%s」的道具了。,已經有一個叫「%s」的道具了。,A prop named “%s” already exists.,scripts/ui/manager/props_window.gd:499,
增減 ,增減 ,Change ,scripts/ui/manager/props_window.gd:536,
啟用,啟用,Activate,scripts/ui/manager/props_window.gd:552,
解除,解除,Release,scripts/ui/manager/props_window.gd:553,
選擇圖片,選擇圖片,Choose Image,scripts/ui/manager/props_window.gd:576,
"*.png,*.jpg,*.jpeg,*.webp;圖片","*.png,*.jpg,*.jpeg,*.webp;圖片","*.png,*.jpg,*.jpeg,*.webp;Images",scripts/ui/manager/props_window.gd:576,
沒有選中的道具。,沒有選中的道具。,No prop selected.,scripts/ui/manager/props_window.gd:583,
圖片已匯入。,圖片已匯入。,Image imported.,scripts/ui/manager/props_window.gd:590,
已丟出「%s」。,已丟出「%s」。,Tossed out “%s”.,scripts/ui/manager/props_window.gd:616,
框底色(含透明度),框底色(含透明度),Frame background color (with transparency),scripts/ui/manager/style_editor_tab.gd:12 (共 2 處),
框線色,框線色,Border color,scripts/ui/manager/style_editor_tab.gd:13 (共 2 處),
文字色,文字色,Text color,scripts/ui/manager/style_editor_tab.gd:14 (共 2 處),
選項色,選項色,Option color,scripts/ui/manager/style_editor_tab.gd:15 (共 2 處),
"你好呀!這是氣泡預覽 [b]粗體[/b] [i]斜體[/i]
第二行文字","你好呀!這是氣泡預覽 [b]粗體[/b] [i]斜體[/i]
第二行文字","Hello there! This is a bubble preview [b]bold[/b] [i]italic[/i]
Second line of text",scripts/ui/manager/style_editor_tab.gd:24,
"嗯……這是思考泡泡的預覽
[i]不知道他在想什麼[/i]","嗯……這是思考泡泡的預覽
[i]不知道他在想什麼[/i]","Hmm... this is a preview of a thought bubble
[i]Wonder what they're thinking[/i]",scripts/ui/manager/style_editor_tab.gd:25,
介面與自動行為,介面與自動行為,Interface and Auto Behavior,scripts/ui/manager/style_editor_tab.gd:84,
四大顏色,四大顏色,Four main colors,scripts/ui/manager/style_editor_tab.gd:101,
思考泡泡配色,思考泡泡配色,Thought bubble colors,scripts/ui/manager/style_editor_tab.gd:104,
"對話積木的「泡泡」選「思考」時用這組顏色(和上面的對話框配色分開設定);樣子跟對話框很像,尾巴換成往角色頭部飄的幾顆小圓泡泡。框線粗細、縮放與字體沿用上面的設定,圓角至少 16。","對話積木的「泡泡」選「思考」時用這組顏色(和上面的對話框配色分開設定);樣子跟對話框很像,尾巴換成往角色頭部飄的幾顆小圓泡泡。框線粗細、縮放與字體沿用上面的設定,圓角至少 16。","The colors used when the “Bubble” of a dialogue block is set to “Thought” (set separately from the dialogue box colors above); it looks much like the dialogue box, with the tail replaced by a few small round bubbles drifting toward the character's head. Border thickness, scale and font follow the settings above; corner radius is at least 16.",scripts/ui/manager/style_editor_tab.gd:106,
外框與縮放,外框與縮放,Border and scale,scripts/ui/manager/style_editor_tab.gd:107,
邊框粗細,邊框粗細,Border thickness,scripts/ui/manager/style_editor_tab.gd:110,
圓角,圓角,Corner radius,scripts/ui/manager/style_editor_tab.gd:113,
介面縮放率,介面縮放率,Interface scale,scripts/ui/manager/style_editor_tab.gd:118,
"只影響這隻桌寵的對話氣泡與 Status 面板(框體、邊框、文字一起縮放),不影響角色本體。","只影響這隻桌寵的對話氣泡與 Status 面板(框體、邊框、文字一起縮放),不影響角色本體。","Only affects this pet's dialogue bubbles and Status panel (frame, border and text are scaled together); it doesn't affect the character itself.",scripts/ui/manager/style_editor_tab.gd:119,
字體與對話,字體與對話,Font and dialogue,scripts/ui/manager/style_editor_tab.gd:121,
預設對話字體,預設對話字體,Default dialogue font,scripts/ui/manager/style_editor_tab.gd:126,
"黑體(源樣黑體)、圓體(粉圓體)、像素體 Sliver ,標楷體用系統字型(沒有則退回預設字型);自訂上傳字型之後由素材匯入流程加入。","黑體(源樣黑體)、圓體(粉圓體)、像素體 Sliver ,標楷體用系統字型(沒有則退回預設字型);自訂上傳字型之後由素材匯入流程加入。","Heiti (GenYoGothic), Rounded (Huninn), pixel font Sliver; Kaiti uses the system font (falls back to the default font if unavailable); custom uploaded fonts will be added later through the asset import flow.",scripts/ui/manager/style_editor_tab.gd:127,
"只放大/縮小文字本身,不像「介面縮放率」連框體、間距一起變大;像素體 Sliver 看起來比其他字體小是已知現象,已經私底下補了視覺大小,不用為了 Sliver 特別調高這裡。","只放大/縮小文字本身,不像「介面縮放率」連框體、間距一起變大;像素體 Sliver 看起來比其他字體小是已知現象,已經私底下補了視覺大小,不用為了 Sliver 特別調高這裡。","Only scales the text itself, unlike ""Interface Scale"" which also enlarges frames and spacing together; the pixel font Sliver looking smaller than other fonts is a known issue that's already been quietly compensated for — no need to raise this setting specifically for Sliver.",scripts/ui/manager/style_editor_tab.gd:133,
預設(原始語言),預設(原始語言),Default (Original Language),scripts/ui/manager/style_editor_tab.gd:135,
桌寵語系,桌寵語系,Pet Language,scripts/ui/manager/style_editor_tab.gd:143,
"這隻角色存在多種語系的對話文本時用來切換;不用檢查這隻角色原本是哪個語系寫的,初始一律是「預設」。翻譯內容要請 HTML 端(積木編輯器)另外製作,這裡只是先讓你能指定切換到哪個語系。","這隻角色存在多種語系的對話文本時用來切換;不用檢查這隻角色原本是哪個語系寫的,初始一律是「預設」。翻譯內容要請 HTML 端(積木編輯器)另外製作,這裡只是先讓你能指定切換到哪個語系。","Used to switch when this character has dialogue text in multiple languages; you don't need to know what language it was originally written in, it always starts as ""Default"". The translated content itself needs to be made separately in the web block editor — this just lets you specify which language to switch to.",scripts/ui/manager/style_editor_tab.gd:144,
秒,秒,sec,scripts/ui/manager/style_editor_tab.gd:146 (共 3 處),
選項最長等待,選項最長等待,Max wait for options,scripts/ui/manager/style_editor_tab.gd:148,
角色尺寸,角色尺寸,Character size,scripts/ui/manager/style_editor_tab.gd:150,
角色縮放倍率,角色縮放倍率,Character scale,scripts/ui/manager/style_editor_tab.gd:153,
整隻角色(含碰撞箱與可點擊範圍)的大小倍率。,整隻角色(含碰撞箱與可點擊範圍)的大小倍率。,Size multiplier for the whole character (including hitbox and clickable area).,scripts/ui/manager/style_editor_tab.gd:154,
翻轉整隻(左右鏡像;素材原本朝向和慣例(朝右)相反時用),翻轉整隻(左右鏡像;素材原本朝向和慣例(朝右)相反時用),Flip the whole character (mirror left-right; use when the asset's original facing is opposite to the convention (facing right)),scripts/ui/manager/style_editor_tab.gd:156,
固定模式下也能隨時拖曳(貼底的半身立繪只能沿底邊左右拖),固定模式下也能隨時拖曳(貼底的半身立繪只能沿底邊左右拖),Also draggable anytime in Fixed mode (a bottom-attached bust portrait can only be dragged left and right along the bottom edge),scripts/ui/manager/style_editor_tab.gd:160,
允許攀爬,允許攀爬,Allow climbing,scripts/ui/manager/style_editor_tab.gd:164,
呼吸動畫,呼吸動畫,Breathing animation,scripts/ui/manager/style_editor_tab.gd:168,
判定框(可點擊範圍),判定框(可點擊範圍),Hitbox (clickable area),scripts/ui/manager/style_editor_tab.gd:171,
"只有判定框裡點得到、抓得起這隻桌寵;畫在框外的翅膀、武器、特效仍然會完整顯示,只是不能點。寬/高填 0 = 自動(用素材包設定或待機圖本體大小)。單位是縮放前的像素,錨點是腳底線的中心點(偏移:X 向右、Y 向下)。系統匣「顯示穿透範圍(除錯)」會用藍框畫出判定框。","只有判定框裡點得到、抓得起這隻桌寵;畫在框外的翅膀、武器、特效仍然會完整顯示,只是不能點。寬/高填 0 = 自動(用素材包設定或待機圖本體大小)。單位是縮放前的像素,錨點是腳底線的中心點(偏移:X 向右、Y 向下)。系統匣「顯示穿透範圍(除錯)」會用藍框畫出判定框。","Only inside the hitbox can this pet be clicked and picked up; wings, weapons and effects drawn outside the box still display in full, they just can't be clicked. Width/height 0 = auto (uses the asset pack setting or the idle image's own size). Units are pre-scale pixels, and the anchor is the center point of the feet line (offset: X to the right, Y downward). “Show Click-through Area (debug)” in the system tray draws the hitbox with a blue frame.",scripts/ui/manager/style_editor_tab.gd:172,
判定框寬(0=自動),判定框寬(0=自動),Hitbox width (0 = auto),scripts/ui/manager/style_editor_tab.gd:175,
判定框高(0=自動),判定框高(0=自動),Hitbox height (0 = auto),scripts/ui/manager/style_editor_tab.gd:175,
偏移 X,偏移 X,Offset X,scripts/ui/manager/style_editor_tab.gd:175 (共 2 處),
偏移 Y,偏移 Y,Offset Y,scripts/ui/manager/style_editor_tab.gd:175 (共 2 處),
自動閒聊,自動閒聊,Auto chat,scripts/ui/manager/style_editor_tab.gd:181,
讓這隻桌寵隔一段時間自己「說點什麼」,讓這隻桌寵隔一段時間自己「說點什麼」,Let this pet “say something” by itself every so often,scripts/ui/manager/style_editor_tab.gd:183,
最短間隔,最短間隔,Minimum interval,scripts/ui/manager/style_editor_tab.gd:189,
最長間隔,最長間隔,Maximum interval,scripts/ui/manager/style_editor_tab.gd:193,
每次在最短~最長之間隨機等待。全部桌寵的總開關在系統匣選單「自動閒聊」;使用者剛互動過、正在對話、拖曳或入場中時不會開口。,每次在最短~最長之間隨機等待。全部桌寵的總開關在系統匣選單「自動閒聊」;使用者剛互動過、正在對話、拖曳或入場中時不會開口。,"Each time it waits a random time between the minimum and maximum. The master switch for all pets is “Auto Chat” in the system tray menu; it won't speak right after the user has interacted, or while in dialogue, being dragged or entering.",scripts/ui/manager/style_editor_tab.gd:194,
自動跳舞,自動跳舞,Auto dance,scripts/ui/manager/style_editor_tab.gd:196,
"沒有負面狀態時,待機結束有機率自己跳一段舞","沒有負面狀態時,待機結束有機率自己跳一段舞","When there is no negative state, it has a chance of dancing by itself when idle ends",scripts/ui/manager/style_editor_tab.gd:198,
每次待機結束的機率,每次待機結束的機率,Chance each time idle ends,scripts/ui/manager/style_editor_tab.gd:204,
"看到場內別的桌寵在跳舞時,自己也考慮跟著跳","看到場內別的桌寵在跳舞時,自己也考慮跟著跳","When it sees another pet on the desktop dancing, it considers joining in",scripts/ui/manager/style_editor_tab.gd:206,
"需要角色有 dance 動作素材才會跳(沒有就不會觸發);身上有任何「負面」狀態鏡(疲憊等)時不跳,跳到一半出現負面狀態也會立刻收舞。","需要角色有 dance 動作素材才會跳(沒有就不會觸發);身上有任何「負面」狀態鏡(疲憊等)時不跳,跳到一半出現負面狀態也會立刻收舞。","The character needs a dance action asset to dance (without it, it won't trigger); it doesn't dance while any “Negative” state lens (tired, etc.) is active, and if a negative state appears mid-dance it stops dancing immediately.",scripts/ui/manager/style_editor_tab.gd:209,
道具互動,道具互動,Prop interaction,scripts/ui/manager/style_editor_tab.gd:211,
"飛行模式:道具交互時降落(被拿來洗澡、使用道具時先降落,結束再起飛;取消 = 原地懸停)","飛行模式:道具交互時降落(被拿來洗澡、使用道具時先降落,結束再起飛;取消 = 原地懸停)","Flying mode: land during prop interaction (lands first when used for a bath or when using props, and takes off again afterwards; unchecked = hovers in place)",scripts/ui/manager/style_editor_tab.gd:213,
總是飛行,總是飛行,Always flies,scripts/ui/manager/style_editor_tab.gd:218,
會落地,會落地,Will land,scripts/ui/manager/style_editor_tab.gd:218,
行走與飛行兼具,行走與飛行兼具,Walks and flies,scripts/ui/manager/style_editor_tab.gd:218,
"總是飛行:做什麼都不落地,休息、睡覺也在空中。
會落地:累了、道具交互等某些時候才落地,其餘時候在飛。
行走與飛行兼具:以地面行為為主;大跳躍、從平臺下來、偶爾(心情好機率高)會改成飛行一小段,再降落。","總是飛行:做什麼都不落地,休息、睡覺也在空中。
會落地:累了、道具交互等某些時候才落地,其餘時候在飛。
行走與飛行兼具:以地面行為為主;大跳躍、從平臺下來、偶爾(心情好機率高)會改成飛行一小段,再降落。","Always flies: never lands whatever it does; rests and sleeps in the air too.
Will land: lands only at certain times such as when tired or during prop interaction, and flies the rest of the time.
Walks and flies: mainly ground behavior; for big jumps, coming down from platforms, and occasionally (more often in a good mood) it switches to flying for a short while, then lands.",scripts/ui/manager/style_editor_tab.gd:220,
飛行模式的行為,飛行模式的行為,Flying mode behavior,scripts/ui/manager/style_editor_tab.gd:222,
"桌寵不計算疲勞值(不會累、不會自己休息或睡覺,也不會因疲勞陷入負面狀態;奔跑最多持續 15 秒)","桌寵不計算疲勞值(不會累、不會自己休息或睡覺,也不會因疲勞陷入負面狀態;奔跑最多持續 15 秒)","The pet doesn't track fatigue (never gets tired, never rests or sleeps by itself, and never falls into a negative state from fatigue; running lasts at most 15 seconds)",scripts/ui/manager/style_editor_tab.gd:224,
"不管什麼移動模式,跳舞、被拿來洗澡、使用道具的時候都不會走來走去,固定模式的桌寵只會收「拖曳到它身上」的道具。","不管什麼移動模式,跳舞、被拿來洗澡、使用道具的時候都不會走來走去,固定模式的桌寵只會收「拖曳到它身上」的道具。","Whatever the movement mode, it doesn't walk around while dancing, being bathed or using props; a Fixed-mode pet only accepts props “dragged onto it”.",scripts/ui/manager/style_editor_tab.gd:228,
自主靜音,自主靜音,Auto mute,scripts/ui/manager/style_editor_tab.gd:230,
"允許自主解除靜音(事件觸發的靜音,在觸發條件消失時自動解除)","允許自主解除靜音(事件觸發的靜音,在觸發條件消失時自動解除)",Allow auto unmute (event-triggered mute is released automatically when the trigger condition goes away),scripts/ui/manager/style_editor_tab.gd:232,
"關閉後,事件觸發的靜音只會被積木的「解除靜音」或逾時解除;此設定只影響這隻桌寵自己的說話聲與效果音。","關閉後,事件觸發的靜音只會被積木的「解除靜音」或逾時解除;此設定只影響這隻桌寵自己的說話聲與效果音。","When off, event-triggered mute is only released by a block's “Unmute” or by a timeout; this setting only affects this pet's own speech and sound effects.",scripts/ui/manager/style_editor_tab.gd:235,
說話聲音,說話聲音,Speech sound,scripts/ui/manager/style_editor_tab.gd:237,
導入聲音檔…,導入聲音檔…,Import Sound File…,scripts/ui/manager/style_editor_tab.gd:242,
恢復內建聲音,恢復內建聲音,Restore Built-in Sound,scripts/ui/manager/style_editor_tab.gd:244,
試聽,試聽,Preview,scripts/ui/manager/style_editor_tab.gd:246,
音高(1.0 = 原音),音高(1.0 = 原音),Pitch (1.0 = original),scripts/ui/manager/style_editor_tab.gd:254,
說話聲音量,說話聲音量,Speech volume,scripts/ui/manager/style_editor_tab.gd:258,
"打字機每輸出一個字播一聲,請用很短的音效(ogg / wav / mp3,3 秒內、1 MB 內)。同一個角色(辨識代號相同)的所有桌寵共用。音高與音量對內建聲音也有效。系統匣「音效」選單的靜音與說話音效開關仍然有效。","打字機每輸出一個字播一聲,請用很短的音效(ogg / wav / mp3,3 秒內、1 MB 內)。同一個角色(辨識代號相同)的所有桌寵共用。音高與音量對內建聲音也有效。系統匣「音效」選單的靜音與說話音效開關仍然有效。","One sound plays per character the typewriter outputs, so please use a very short sound (ogg / wav / mp3, within 3 seconds and 1 MB). Shared by all pets of the same character (same recognition tag). Pitch and volume also apply to the built-in sound. The mute and speech-sound switches in the system tray “Sound” menu still take effect.",scripts/ui/manager/style_editor_tab.gd:259,
角色特效,角色特效,Character effects,scripts/ui/manager/style_editor_tab.gd:263,
啟用角色特效(愛心、火苗、冒汗、閃光、小花、發光、殘影),啟用角色特效(愛心、火苗、冒汗、閃光、小花、發光、殘影),"Enable character effects (hearts, flames, sweat, sparkles, flowers, glow, afterimages)",scripts/ui/manager/style_editor_tab.gd:265,
狀態鏡自動觸發(開心 → 小愛心與閃光、生氣 → 火苗、疲憊 → 冒汗),狀態鏡自動觸發(開心 → 小愛心與閃光、生氣 → 火苗、疲憊 → 冒汗),"Automatic state lens triggers (happy → little hearts and sparkles, angry → flames, tired → sweat)",scripts/ui/manager/style_editor_tab.gd:269,
特效大小依角色身高自動換算。由積木「播放特效」呼叫;下拉選單的名稱來自 Schema。,特效大小依角色身高自動換算。由積木「播放特效」呼叫;下拉選單的名稱來自 Schema。,Effect size is scaled automatically by the character's height. Called by the “Play effect” block; the names in the dropdown come from the Schema.,scripts/ui/manager/style_editor_tab.gd:272,
移動時自動殘影,移動時自動殘影,Automatic afterimages while moving,scripts/ui/manager/style_editor_tab.gd:278 (共 2 處),
"選「奔跑時」= 開了 run(或狀態鏡讓它奔跑)就一路留殘影;「只要在移動」= 走路、飛行、漂浮都留。殘影的顏色、拖尾距離、停留時間在下面「特效外觀 → 移動殘影」調。想用積木控制,用「開啟 / 關閉殘影」。","選「奔跑時」= 開了 run(或狀態鏡讓它奔跑)就一路留殘影;「只要在移動」= 走路、飛行、漂浮都留。殘影的顏色、拖尾距離、停留時間在下面「特效外觀 → 移動殘影」調。想用積木控制,用「開啟 / 關閉殘影」。","Choose “While running” = leaves afterimages all the way while run is on (or a state lens makes it run); “Whenever moving” = leaves them when walking, flying and floating. Afterimage color, trail distance and lifetime are adjusted below under “Effect Appearance → Motion Trail”. To control it with blocks, use “Turn afterimages on / off”.",scripts/ui/manager/style_editor_tab.gd:279,
"使用者互動時自動播的特效(不用寫積木)。例如「被觸摸 → 幸福」。積木的事件照常執行,兩邊可以同時作用;上面「啟用角色特效」關掉時這裡也不會播。","使用者互動時自動播的特效(不用寫積木)。例如「被觸摸 → 幸福」。積木的事件照常執行,兩邊可以同時作用;上面「啟用角色特效」關掉時這裡也不會播。","Effects that play automatically on user interaction (no blocks needed). For example “Touched → Happiness”. Block events run as usual and both can act at the same time; when “Enable character effects” above is off, nothing plays here either.",scripts/ui/manager/style_editor_tab.gd:282,
(不播),(不播),(don't play),scripts/ui/manager/style_editor_tab.gd:285,
特效外觀(顏色、大小、密度),特效外觀(顏色、大小、密度),"Effect appearance (color, size, density)",scripts/ui/manager/style_editor_tab.gd:292,
要調哪個特效,要調哪個特效,Which effect to adjust,scripts/ui/manager/style_editor_tab.gd:297,
顏色模式,顏色模式,Color mode,scripts/ui/manager/style_editor_tab.gd:302,
顏色一,顏色一,Color 1,scripts/ui/manager/style_editor_tab.gd:307,
顏色二,顏色二,Color 2,scripts/ui/manager/style_editor_tab.gd:312,
粒子大小,粒子大小,Particle size,scripts/ui/manager/style_editor_tab.gd:316,
粒子密度,粒子密度,Particle density,scripts/ui/manager/style_editor_tab.gd:320,
生成點範圍(離角色遠近),生成點範圍(離角色遠近),Spawn Range (distance from the character),scripts/ui/manager/style_editor_tab.gd:325,
殘影暫留時長,殘影暫留時長,Afterimage lifetime,scripts/ui/manager/style_editor_tab.gd:333,
"拖尾間距(身高的幾倍,越小越密)","拖尾間距(身高的幾倍,越小越密)",Trail spacing (multiples of body height; smaller = denser),scripts/ui/manager/style_editor_tab.gd:334,
試放這個特效,試放這個特效,Try This Effect,scripts/ui/manager/style_editor_tab.gd:338,
還原這個特效,還原這個特效,Reset This Effect,scripts/ui/manager/style_editor_tab.gd:342,
"每個特效可以個別設定:單色、雙色(每顆粒子隨機取兩色之一,火苗是外焰/內焰)、單色漸層、雙色漸層、彩虹色調。大小是依角色身高換算倍率;密度只對會發射很多顆的特效有意義;範圍是生成點離角色的遠近(調大會分散、調小會集中在角色附近,對憂愁/全身發光/移動殘影沒有意義,這三個不會顯示這一項);殘影用暫留時長與拖尾間距。","每個特效可以個別設定:單色、雙色(每顆粒子隨機取兩色之一,火苗是外焰/內焰)、單色漸層、雙色漸層、彩虹色調。大小是依角色身高換算倍率;密度只對會發射很多顆的特效有意義;範圍是生成點離角色的遠近(調大會分散、調小會集中在角色附近,對憂愁/全身發光/移動殘影沒有意義,這三個不會顯示這一項);殘影用暫留時長與拖尾間距。","Each effect can be set individually: solid color, two colors (each particle randomly picks one of two, flames use outer/inner flame), single-color gradient, two-color gradient, or rainbow hue. Size scales with the character's height; density only matters for effects that emit many particles; range is how far the spawn points are from the character (larger spreads them out, smaller keeps them close; this doesn't apply to Gloom / Full-Body Glow / Movement Trail, so it's hidden for those three); the trail effect uses lingering duration and trail spacing instead.",scripts/ui/manager/style_editor_tab.gd:351,
睡覺 Zzz,睡覺 Zzz,Sleeping Zzz,scripts/ui/manager/style_editor_tab.gd:353 (共 2 處),
"睡著時頭上飄出 Zzz(用這隻角色的字體,從小 z 到大 Z,邊飄邊放大)","睡著時頭上飄出 Zzz(用這隻角色的字體,從小 z 到大 Z,邊飄邊放大)","Zzz floats above the head while asleep (uses this character's font, from small z to big Z, growing as it floats)",scripts/ui/manager/style_editor_tab.gd:355,
"純裝飾的小特效,不需要素材;字體跟「字體與對話」的預設對話字體一致,字級跟著角色大小與介面縮放率。","純裝飾的小特效,不需要素材;字體跟「字體與對話」的預設對話字體一致,字級跟著角色大小與介面縮放率。","A purely decorative little effect that needs no assets; the font matches the default dialogue font under “Font and dialogue”, and the font size follows the character size and interface scale.",scripts/ui/manager/style_editor_tab.gd:358,
"顯示精力條(標出「累了」與「累到睡著」的門檻,底下寫目前的休息階段)","顯示精力條(標出「累了」與「累到睡著」的門檻,底下寫目前的休息階段)","Show energy bar (marks the “tired” and “so tired it falls asleep” thresholds, with the current rest stage written below)",scripts/ui/manager/style_editor_tab.gd:362,
顯示心情條(標出「生氣」與「開心」的門檻),顯示心情條(標出「生氣」與「開心」的門檻),Show mood bar (marks the “angry” and “happy” thresholds),scripts/ui/manager/style_editor_tab.gd:366,
"Status 面板預設只顯示創作者勾選的數值(避免洩露彩蛋),這兩條也一樣預設不顯示。精力條要角色有疲勞機制(套用有疲勞參數的性格);心情條隨時都有,但要套用有「心情起伏」參數的性格,心情才會讓角色進入開心/生氣狀態。","Status 面板預設只顯示創作者勾選的數值(避免洩露彩蛋),這兩條也一樣預設不顯示。精力條要角色有疲勞機制(套用有疲勞參數的性格);心情條隨時都有,但要套用有「心情起伏」參數的性格,心情才會讓角色進入開心/生氣狀態。","The Status panel only shows values the creator has checked by default (to avoid leaking easter eggs), and these two bars are likewise hidden by default. The energy bar requires the character to have a fatigue mechanic (apply a personality with fatigue parameters); the mood bar is always available, but mood only makes the character enter happy/angry states if a personality with the “mood swings” parameter is applied.",scripts/ui/manager/style_editor_tab.gd:369,
還原成預設風格,還原成預設風格,Restore default style,scripts/ui/manager/style_editor_tab.gd:371,
還原,還原,Restore,scripts/ui/manager/style_editor_tab.gd:373,
把這隻桌寵的介面風格(顏色、邊框、縮放、字體、選項等待)全部改回預設值;不影響角色尺寸與自動行為。,把這隻桌寵的介面風格(顏色、邊框、縮放、字體、選項等待)全部改回預設值;不影響角色尺寸與自動行為。,"Resets all of this pet's interface style (colors, border, scale, font, option wait) to default values; it doesn't affect character size and auto behavior.",scripts/ui/manager/style_editor_tab.gd:374,
"目前生效:%d × %d(偏移 %d, %d)","目前生效:%d × %d(偏移 %d, %d)","Currently in effect: %d × %d (offset %d, %d)",scripts/ui/manager/style_editor_tab.gd:437 (共 2 處),
"色碼格式不對,請輸入 #RRGGBB 或 #RRGGBBAA,已還原。","色碼格式不對,請輸入 #RRGGBB 或 #RRGGBBAA,已還原。",Invalid color code; please enter #RRGGBB or #RRGGBBAA. Reverted.,scripts/ui/manager/style_editor_tab.gd:537,
目前:自訂聲音(%s),目前:自訂聲音(%s),Current: custom sound (%s),scripts/ui/manager/style_editor_tab.gd:630,
目前:內建說話聲音,目前:內建說話聲音,Current: built-in speech sound,scripts/ui/manager/style_editor_tab.gd:630,
選擇說話聲音,選擇說話聲音,Choose Speech Sound,scripts/ui/manager/style_editor_tab.gd:634,
已恢復內建說話聲音。,已恢復內建說話聲音。,Built-in speech sound restored.,scripts/ui/manager/style_editor_tab.gd:653,
#RRGGBB 或 #RRGGBBAA,#RRGGBB 或 #RRGGBBAA,#RRGGBB or #RRGGBBAA,scripts/ui/manager/style_editor_tab.gd:695,
選項按鈕範例,選項按鈕範例,Option button example,scripts/ui/manager/style_editor_tab.gd:760,
文字樣式,文字樣式,Text styles,scripts/ui/manager/syntax_dictionary.gd:8 (共 14 處),
[b]粗體[/b],[b]粗體[/b],[b]Bold[/b],scripts/ui/manager/syntax_dictionary.gd:8,
粗體,粗體,Bold,scripts/ui/manager/syntax_dictionary.gd:8,
斜體,斜體,Italic,scripts/ui/manager/syntax_dictionary.gd:9,
[i]斜體[/i],[i]斜體[/i],[i]Italic[/i],scripts/ui/manager/syntax_dictionary.gd:9,
[u]底線[/u],[u]底線[/u],[u]Underline[/u],scripts/ui/manager/syntax_dictionary.gd:10,
底線,底線,Underline,scripts/ui/manager/syntax_dictionary.gd:10,
[s]刪除線[/s],[s]刪除線[/s],[s]Strikethrough[/s],scripts/ui/manager/syntax_dictionary.gd:11,
刪除線,刪除線,Strikethrough,scripts/ui/manager/syntax_dictionary.gd:11,
[color=#ff8080]紅字[/color],[color=#ff8080]紅字[/color],[color=#ff8080]Red text[/color],scripts/ui/manager/syntax_dictionary.gd:12,
文字顏色(#RRGGBB),文字顏色(#RRGGBB),Text color (#RRGGBB),scripts/ui/manager/syntax_dictionary.gd:12,
文字大小,文字大小,Text size,scripts/ui/manager/syntax_dictionary.gd:13,
[font_size=24]大字[/font_size],[font_size=24]大字[/font_size],[font_size=24]Large text[/font_size],scripts/ui/manager/syntax_dictionary.gd:13,
[wave]波浪[/wave],[wave]波浪[/wave],[wave]Wave[/wave],scripts/ui/manager/syntax_dictionary.gd:14,
波浪起伏的文字,波浪起伏的文字,Text that ripples in waves,scripts/ui/manager/syntax_dictionary.gd:14,
[shake]抖動[/shake],[shake]抖動[/shake],[shake]Shake[/shake],scripts/ui/manager/syntax_dictionary.gd:15,
抖動的文字,抖動的文字,Shaking text,scripts/ui/manager/syntax_dictionary.gd:15,
[rainbow]彩虹[/rainbow],[rainbow]彩虹[/rainbow],[rainbow]Rainbow[/rainbow],scripts/ui/manager/syntax_dictionary.gd:16,
彩虹漸層,彩虹漸層,Rainbow gradient,scripts/ui/manager/syntax_dictionary.gd:16,
[pulse]脈動[/pulse],[pulse]脈動[/pulse],[pulse]Pulse[/pulse],scripts/ui/manager/syntax_dictionary.gd:17,
忽明忽暗的脈動,忽明忽暗的脈動,A pulse that fades in and out,scripts/ui/manager/syntax_dictionary.gd:17,
[center]置中[/center],[center]置中[/center],[center]Centered[/center],scripts/ui/manager/syntax_dictionary.gd:18,
置中對齊,置中對齊,Center alignment,scripts/ui/manager/syntax_dictionary.gd:18,
[right]靠右[/right],[right]靠右[/right],[right]Right[/right],scripts/ui/manager/syntax_dictionary.gd:19,
靠右對齊,靠右對齊,Right alignment,scripts/ui/manager/syntax_dictionary.gd:19,
顯示一個字面的 [ (跳脫;[rb] 是 ]),顯示一個字面的 [ (跳脫;[rb] 是 ]),Shows a literal [ (escape; [rb] is ]),scripts/ui/manager/syntax_dictionary.gd:20,
換行(兩個字元:反斜線加 n),換行(兩個字元:反斜線加 n),Line break (two characters: a backslash plus n),scripts/ui/manager/syntax_dictionary.gd:21,
數值,數值,Values,scripts/ui/manager/syntax_dictionary.gd:22 (共 4 處),
數值的小圖示 + 目前的值(名稱要和數值定義一樣),數值的小圖示 + 目前的值(名稱要和數值定義一樣),The value's small icon + its current value (the name must match the value definition; e.g. 好感度 = Affection),scripts/ui/manager/syntax_dictionary.gd:22,
{好感度},{好感度},{好感度},scripts/ui/manager/syntax_dictionary.gd:22,
{num:好感度},{num:好感度},{num:好感度},scripts/ui/manager/syntax_dictionary.gd:23,
只顯示數值,只顯示數值,Show the value only,scripts/ui/manager/syntax_dictionary.gd:23,
只顯示小圖示,只顯示小圖示,Show the small icon only,scripts/ui/manager/syntax_dictionary.gd:24,
{icon:好感度},{icon:好感度},{icon:好感度},scripts/ui/manager/syntax_dictionary.gd:24,
名字與稱呼,名字與稱呼,Names and forms of address,scripts/ui/manager/syntax_dictionary.gd:25 (共 9 處),
自己的名字,自己的名字,Own name,scripts/ui/manager/syntax_dictionary.gd:25,
對象的名字(最近互動的那一位;沒有就是「對方」),對象的名字(最近互動的那一位;沒有就是「對方」),"The target's name (the one most recently interacted with; if none, “the other party”)",scripts/ui/manager/syntax_dictionary.gd:26,
對手的名字(猜拳/拚骰/邀請對戰時),對手的名字(猜拳/拚骰/邀請對戰時),The opponent's name (during Rock-Paper-Scissors / dice duel / match invitations),scripts/ui/manager/syntax_dictionary.gd:27,
贏家的名字,贏家的名字,The winner's name,scripts/ui/manager/syntax_dictionary.gd:28,
輸家的名字,輸家的名字,The loser's name,scripts/ui/manager/syntax_dictionary.gd:29,
發起挑戰的人(自己被邀請時),發起挑戰的人(自己被邀請時),The one who issued the challenge (when this pet is the one invited),scripts/ui/manager/syntax_dictionary.gd:30,
被自己邀請的人,被自己邀請的人,The one this pet invited,scripts/ui/manager/syntax_dictionary.gd:31,
"使用者的稱呼(交互行為分頁設定,可以填好幾個逗號分隔、每次隨機挑一個;預設是「使用者」)","使用者的稱呼(交互行為分頁設定,可以填好幾個逗號分隔、每次隨機挑一個;預設是「使用者」)","What to call the user (set on the Interaction tab; several can be entered separated by commas, one picked at random each time; default is ""User"")",scripts/ui/manager/syntax_dictionary.gd:32,
{user|朋友},{user|朋友},{user|friend},scripts/ui/manager/syntax_dictionary.gd:33,
"使用者的稱呼,還沒自訂過(還是預設「使用者」)時顯示「朋友」","使用者的稱呼,還沒自訂過(還是預設「使用者」)時顯示「朋友」","What to call the user; shows ""Friend"" if it hasn't been customized yet (still the default ""User"")",scripts/ui/manager/syntax_dictionary.gd:33,
隨機,隨機,Random,scripts/ui/manager/syntax_dictionary.gd:34 (共 2 處),
{pick:甲|乙|丙},{pick:甲|乙|丙},{pick:A|B|C},scripts/ui/manager/syntax_dictionary.gd:34,
"單字池:夾在句子裡,每次隨機挑一個字(不能再放 { })","單字池:夾在句子裡,每次隨機挑一個字(不能再放 { })","Word pool: placed inside a sentence, picks one word at random each time (can't contain { } again)",scripts/ui/manager/syntax_dictionary.gd:34,
用在「隨機說一句」積木:用 | 隔開的整句備選(性格檔的 say 是陣列),用在「隨機說一句」積木:用 | 隔開的整句備選(性格檔的 say 是陣列),For use in the “Say one at random” block: whole-sentence alternatives separated by | (say in a personality file is an array),scripts/ui/manager/syntax_dictionary.gd:35,
第一句|第二句|第三句,第一句|第二句|第三句,First line|Second line|Third line,scripts/ui/manager/syntax_dictionary.gd:35,
這隻角色的關鍵詞庫(桌寵管理 → 性格)裡隨機挑一個;每次出現各自隨機,這隻角色的關鍵詞庫(桌寵管理 → 性格)裡隨機挑一個;每次出現各自隨機,Picks one at random from this character's keyword pool (Pet Manager → Personality); each occurrence is random independently,scripts/ui/manager/syntax_dictionary.gd:36,
{keyword|某件事},{keyword|某件事},{keyword|something},scripts/ui/manager/syntax_dictionary.gd:37,
同上;關鍵詞庫是空的時顯示「某件事」(預設是「某個東西」),同上;關鍵詞庫是空的時顯示「某件事」(預設是「某個東西」),"Same as above; when the keyword pool is empty, shows the fallback text you give (default: “something”)",scripts/ui/manager/syntax_dictionary.gd:37,
"「使用者有興趣的」關鍵詞庫裡隨機挑一個(桌寵想更了解你時學到的);{keyword:pet} = 桌寵有興趣的(等於 {keyword}),{kw:user:1} 是使用者那份洗牌後的第 1 個","「使用者有興趣的」關鍵詞庫裡隨機挑一個(桌寵想更了解你時學到的);{keyword:pet} = 桌寵有興趣的(等於 {keyword}),{kw:user:1} 是使用者那份洗牌後的第 1 個","Picks one at random from the “keywords the user is interested in” pool (learned when the pet wanted to know you better); {keyword:pet} = the ones the pet is interested in (same as {keyword}), {kw:user:1} is the 1st after the user list is shuffled",scripts/ui/manager/syntax_dictionary.gd:38,
"這個事件洗牌後的第 1 個關鍵詞;{kw:1}~{kw:9} 在同一個事件(含對話與選項)裡各不相同,適合做四個選項都是答案的題目","這個事件洗牌後的第 1 個關鍵詞;{kw:1}~{kw:9} 在同一個事件(含對話與選項)裡各不相同,適合做四個選項都是答案的題目","The 1st keyword after this event's shuffle; {kw:1}~{kw:9} are all different within the same event (including dialogue and options), good for questions where all four options are answers",scripts/ui/manager/syntax_dictionary.gd:39,
{kw:2|某件事},{kw:2|某件事},{kw:2|something},scripts/ui/manager/syntax_dictionary.gd:40,
"第 2 個關鍵詞,庫是空的時顯示「某件事」","第 2 個關鍵詞,庫是空的時顯示「某件事」",The 2nd keyword; shows “something” when the pool is empty,scripts/ui/manager/syntax_dictionary.gd:40,
特效,特效,Effects,scripts/ui/manager/syntax_dictionary.gd:41 (共 16 處),
"[幸福] 這句話出現時,讓角色身邊噴出一團小愛心(標記本身不顯示;{fx:名稱|秒數} 可以指定持續幾秒)","[幸福] 這句話出現時,讓角色身邊噴出一團小愛心(標記本身不顯示;{fx:名稱|秒數} 可以指定持續幾秒)","[幸福] (Happiness) When this line appears, a burst of little hearts shoots out around the character (the tag itself isn't displayed; {fx:name|seconds} sets how many seconds it lasts)",scripts/ui/manager/syntax_dictionary.gd:41,
[愛意] 頭上冒出一個大愛心,[愛意] 頭上冒出一個大愛心,[愛意] (Love) A big heart pops up above the head,scripts/ui/manager/syntax_dictionary.gd:42,
[青筋] 頭上冒出紅色的 # 形青筋,[青筋] 頭上冒出紅色的 # 形青筋,[青筋] (Anger Vein) A red # -shaped anger vein pops up above the head,scripts/ui/manager/syntax_dictionary.gd:43,
[惱怒] 頭上冒出一小團火,[惱怒] 頭上冒出一小團火,[惱怒] (Irritation) A little flame pops up above the head,scripts/ui/manager/syntax_dictionary.gd:44,
[心煩意亂] 頭部右上方三條抖動的鋸齒線,[心煩意亂] 頭部右上方三條抖動的鋸齒線,[心煩意亂] (Distress) Three trembling zigzag lines at the upper right of the head,scripts/ui/manager/syntax_dictionary.gd:45,
[冒汗] 額頭兩側甩出幾滴汗,[冒汗] 額頭兩側甩出幾滴汗,[冒汗] (Sweat) A few drops of sweat fly off both sides of the forehead,scripts/ui/manager/syntax_dictionary.gd:46,
[閃閃發光] 角色四周閃出黃色小星芒,[閃閃發光] 角色四周閃出黃色小星芒,[閃閃發光] (Sparkle) Little yellow star bursts flash around the character,scripts/ui/manager/syntax_dictionary.gd:47,
[心花怒放] 冒出一朵朵小花,[心花怒放] 冒出一朵朵小花,[心花怒放] (Blooming Joy) Little flowers pop up one after another,scripts/ui/manager/syntax_dictionary.gd:48,
[全身發光] 沿著角色的形狀往四周泛出柔和的光,[全身發光] 沿著角色的形狀往四周泛出柔和的光,[全身發光] (Body Glow) A soft light spreads outward along the character's shape,scripts/ui/manager/syntax_dictionary.gd:49,
[移動殘影] 移動時留下殘影(要角色在動才看得到),[移動殘影] 移動時留下殘影(要角色在動才看得到),[移動殘影] (Motion Trail) Leaves afterimages while moving (the character has to be moving to see it),scripts/ui/manager/syntax_dictionary.gd:50,
[肥皂泡] 角色身上與四周冒出較大的泡沫,[肥皂泡] 角色身上與四周冒出較大的泡沫,[肥皂泡] (Soap Bubbles) Larger bubbles appear on and around the character,scripts/ui/manager/syntax_dictionary.gd:51,
[睏倦] 頭旁邊慢慢飄一兩顆小氣泡,[睏倦] 頭旁邊慢慢飄一兩顆小氣泡,[睏倦] (Drowsy) One or two little bubbles slowly drift beside the head,scripts/ui/manager/syntax_dictionary.gd:52,
[憂愁] 角色背後一圈淡淡的藍色圓暈,[憂愁] 角色背後一圈淡淡的藍色圓暈,[憂愁] (Gloom) A faint blue halo circles behind the character,scripts/ui/manager/syntax_dictionary.gd:53,
[哭泣] 從眼睛附近零零散散撒出小水滴,[哭泣] 從眼睛附近零零散散撒出小水滴,[哭泣] (Crying) Small droplets are scattered here and there from near the eyes,scripts/ui/manager/syntax_dictionary.gd:54,
冒汗特效持續 4 秒(1~60 秒),冒汗特效持續 4 秒(1~60 秒),Sweat effect lasts 4 seconds (1~60 seconds),scripts/ui/manager/syntax_dictionary.gd:55,
文字變數,文字變數,Text variables,scripts/ui/manager/syntax_dictionary.gd:56 (共 2 處),
使用者輸入或抽籤存下的文字變數,使用者輸入或抽籤存下的文字變數,Text variables saved from user input or a random draw,scripts/ui/manager/syntax_dictionary.gd:56,
{text:nickname|你},{text:nickname|你},{text:nickname|you},scripts/ui/manager/syntax_dictionary.gd:57,
"文字變數,還沒有值時顯示「你」","文字變數,還沒有值時顯示「你」",Text variable; shows “you” when it has no value yet,scripts/ui/manager/syntax_dictionary.gd:57,
遊戲結果,遊戲結果,Game results,scripts/ui/manager/syntax_dictionary.gd:58 (共 11 處),
擲骰的點數({roll:名稱}),擲骰的點數({roll:名稱}),The dice roll result ({roll:name}),scripts/ui/manager/syntax_dictionary.gd:58,
拚骰:我的點數,拚骰:我的點數,Dice duel: my roll,scripts/ui/manager/syntax_dictionary.gd:59,
拚骰:最高點數,拚骰:最高點數,Dice duel: highest roll,scripts/ui/manager/syntax_dictionary.gd:60,
拚骰:贏家名字,拚骰:贏家名字,Dice duel: winner's name,scripts/ui/manager/syntax_dictionary.gd:61,
拚骰:這一場比數(我:最高的對手),拚骰:這一場比數(我:最高的對手),Dice duel: this match's score (me : highest opponent),scripts/ui/manager/syntax_dictionary.gd:62,
拚骰:打了幾局,拚骰:打了幾局,Dice duel: rounds played,scripts/ui/manager/syntax_dictionary.gd:63,
猜拳:我出的,猜拳:我出的,Rock-Paper-Scissors: what I threw,scripts/ui/manager/syntax_dictionary.gd:64,
猜拳:對方出的,猜拳:對方出的,Rock-Paper-Scissors: what the opponent threw,scripts/ui/manager/syntax_dictionary.gd:65,
猜拳:對手名字,猜拳:對手名字,Rock-Paper-Scissors: opponent's name,scripts/ui/manager/syntax_dictionary.gd:66,
猜拳:這一場比數(我:對方),猜拳:這一場比數(我:對方),Rock-Paper-Scissors: this match's score (me : opponent),scripts/ui/manager/syntax_dictionary.gd:67,
猜拳:打了幾局,猜拳:打了幾局,Rock-Paper-Scissors: rounds played,scripts/ui/manager/syntax_dictionary.gd:68,
戰績,戰績,Record,scripts/ui/manager/syntax_dictionary.gd:69 (共 4 處),
猜拳勝率(帶 % 號),猜拳勝率(帶 % 號),Rock-Paper-Scissors win rate (with % sign),scripts/ui/manager/syntax_dictionary.gd:69,
猜拳勝場數(win / lose / tie / total / rate),猜拳勝場數(win / lose / tie / total / rate),Rock-Paper-Scissors win counts (win / lose / tie / total / rate),scripts/ui/manager/syntax_dictionary.gd:70,
拚骰勝率,拚骰勝率,Dice duel win rate,scripts/ui/manager/syntax_dictionary.gd:71,
所有小遊戲的總場數(種類 rps / dice / all),所有小遊戲的總場數(種類 rps / dice / all),Total games across all mini-games (type rps / dice / all),scripts/ui/manager/syntax_dictionary.gd:72,
搜尋語法或意思(例如 名字、隨機、粗體),搜尋語法或意思(例如 名字、隨機、粗體),"Search syntax or meaning (e.g. name, random, bold)",scripts/ui/manager/syntax_dictionary_window.gd:36,
全部類別,全部類別,All categories,scripts/ui/manager/syntax_dictionary_window.gd:41,
"點「插入」把語法放進文字框游標處,「複製」放進剪貼簿。語法區分大小寫,{ } 和 [ ] 要用半形。","點「插入」把語法放進文字框游標處,「複製」放進剪貼簿。語法區分大小寫,{ } 和 [ ] 要用半形。","Click “Insert” to put the syntax at the text box cursor, and “Copy” to put it on the clipboard. Syntax is case-sensitive, and { } and [ ] must be half-width.",scripts/ui/manager/syntax_dictionary_window.gd:57,
沒有符合的語法。,沒有符合的語法。,No matching syntax.,scripts/ui/manager/syntax_dictionary_window.gd:76,
插入,插入,Insert,scripts/ui/manager/syntax_dictionary_window.gd:96,
已插入 %s,已插入 %s,Inserted %s,scripts/ui/manager/syntax_dictionary_window.gd:99,
已複製 %s,已複製 %s,Copied %s,scripts/ui/manager/syntax_dictionary_window.gd:104,
依目前情境,依目前情境,By current situation,scripts/ui/manager/tester_window.gd:8,
閒聊 chat,閒聊 chat,Chat (chat),scripts/ui/manager/tester_window.gd:8,
休息中 rest,休息中 rest,Resting (rest),scripts/ui/manager/tester_window.gd:8,
睡眠中 sleep,睡眠中 sleep,Sleeping (sleep),scripts/ui/manager/tester_window.gd:8,
測試者面板,測試者面板,Tester Panel,scripts/ui/manager/tester_window.gd:37,
重新整理,重新整理,Refresh,scripts/ui/manager/tester_window.gd:61,
桌寵增減、匯入積木檔後重新讀取清單,桌寵增減、匯入積木檔後重新讀取清單,Reload the list after pets are added or removed or block files are imported,scripts/ui/manager/tester_window.gd:62,
強制說這句(含選項與其分支),強制說這句(含選項與其分支),Force say this line (including options and their branches),scripts/ui/manager/tester_window.gd:89,
事件,事件,Event,scripts/ui/manager/tester_window.gd:92,
強制觸發這個事件,強制觸發這個事件,Force trigger this event,scripts/ui/manager/tester_window.gd:98,
說點什麼(隨機閒聊),說點什麼(隨機閒聊),Say something (random chat),scripts/ui/manager/tester_window.gd:101,
差分(-1=隨機),差分(-1=隨機),Variant (-1 = random),scripts/ui/manager/tester_window.gd:118,
強制播放,強制播放,Force play,scripts/ui/manager/tester_window.gd:120,
釋放佔用,釋放佔用,Release hold,scripts/ui/manager/tester_window.gd:121,
釋放動作佔用,釋放動作佔用,Release action hold,scripts/ui/manager/tester_window.gd:123,
播放,播放,Play,scripts/ui/manager/tester_window.gd:135,
播放特效「%s」%s,播放特效「%s」%s,Play effect “%s” %s,scripts/ui/manager/tester_window.gd:138,
(不認得),(不認得),(unrecognized),scripts/ui/manager/tester_window.gd:138,
"(這隻的角色特效總開關是關的,故不會繪製)","(這隻的角色特效總開關是關的,故不會繪製)","(this pet's character effects master switch is off, so nothing will be drawn)",scripts/ui/manager/tester_window.gd:138,
強制睡覺 6 秒,強制睡覺 6 秒,Force sleep for 6 sec,scripts/ui/manager/tester_window.gd:142,
全部停止,全部停止,Stop all,scripts/ui/manager/tester_window.gd:143,
停止所有特效,停止所有特效,Stop all effects,scripts/ui/manager/tester_window.gd:145,
啟用所選,啟用所選,Activate selected,scripts/ui/manager/tester_window.gd:157,
沒有選任何狀態鏡,沒有選任何狀態鏡,No state lens selected,scripts/ui/manager/tester_window.gd:160 (共 2 處),
啟用狀態鏡:%s,啟用狀態鏡:%s,Activate state lens: %s,scripts/ui/manager/tester_window.gd:164,
清除所選狀態鏡,清除所選狀態鏡,Clear selected state lens,scripts/ui/manager/tester_window.gd:166,
清除狀態鏡:%s,清除狀態鏡:%s,Clear state lens: %s,scripts/ui/manager/tester_window.gd:173,
模擬使用者互動,模擬使用者互動,Simulate user interaction,scripts/ui/manager/tester_window.gd:178,
點擊,點擊,Click,scripts/ui/manager/tester_window.gd:180,
模擬:點擊,模擬:點擊,Simulate: click,scripts/ui/manager/tester_window.gd:182,
摸摸,摸摸,Pet,scripts/ui/manager/tester_window.gd:183,
模擬:摸摸,模擬:摸摸,Simulate: pet,scripts/ui/manager/tester_window.gd:185,
模擬:interact(高頻互動),模擬:interact(高頻互動),Simulate: interact (rapid interaction),scripts/ui/manager/tester_window.gd:189,
開關 Status 面板,開關 Status 面板,Toggle Status panel,scripts/ui/manager/tester_window.gd:192,
跟著滑鼠,跟著滑鼠,Follow the mouse,scripts/ui/manager/tester_window.gd:196,
這隻,這隻,This one,scripts/ui/manager/tester_window.gd:202,
這隻跟著滑鼠 %d 秒 → %s,這隻跟著滑鼠 %d 秒 → %s,This one follows the mouse for %d sec → %s,scripts/ui/manager/tester_window.gd:203,
%d 隻桌寵開始跟著滑鼠(固定與靜止模式的不算),%d 隻桌寵開始跟著滑鼠(固定與靜止模式的不算),%d pets started following the mouse (Fixed and Stationary modes don't count),scripts/ui/manager/tester_window.gd:205,
停止全部,停止全部,Stop all,scripts/ui/manager/tester_window.gd:206,
全部停止跟著滑鼠,全部停止跟著滑鼠,Stop all following the mouse,scripts/ui/manager/tester_window.gd:208,
桌面小道具,桌面小道具,Desktop props,scripts/ui/manager/tester_window.gd:212,
清空桌面道具,清空桌面道具,Clear desktop props,scripts/ui/manager/tester_window.gd:214,
清掉 %d 個桌面上的道具,清掉 %d 個桌面上的道具,Cleared %d props from the desktop,scripts/ui/manager/tester_window.gd:215,
這隻的靜音,這隻的靜音,This one's mute,scripts/ui/manager/tester_window.gd:219,
靜音,靜音,Mute,scripts/ui/manager/tester_window.gd:221 (共 2 處),
解除靜音,解除靜音,Unmute,scripts/ui/manager/tester_window.gd:224 (共 2 處),
開關與移動模式,開關與移動模式,Toggles and movement mode,scripts/ui/manager/tester_window.gd:230,
run 奔跑開關,run 奔跑開關,run toggle,scripts/ui/manager/tester_window.gd:232,
run 開關 → %s,run 開關 → %s,run toggle → %s,scripts/ui/manager/tester_window.gd:236,
移動模式 → %s,移動模式 → %s,Movement mode → %s,scripts/ui/manager/tester_window.gd:246,
紀錄,紀錄,Log,scripts/ui/manager/tester_window.gd:250,
清除紀錄,清除紀錄,Clear log,scripts/ui/manager/tester_window.gd:256,
動作:%s | 情境:%s | 狀態鏡:%s | 模式:%s%s,動作:%s | 情境:%s | 狀態鏡:%s | 模式:%s%s,Action: %s | Context: %s | State lens: %s | Mode: %s%s,scripts/ui/manager/tester_window.gd:397,
 | 已靜音, | 已靜音, | Muted,scripts/ui/manager/tester_window.gd:402,
 | 佔用中, | 佔用中, | Held,scripts/ui/manager/tester_window.gd:402,
"沒有可用的對話(這隻桌寵沒有載入積木檔,或積木檔裡沒有對話積木)","沒有可用的對話(這隻桌寵沒有載入積木檔,或積木檔裡沒有對話積木)","No dialogue available (this pet has no block file loaded, or the block file has no dialogue blocks)",scripts/ui/manager/tester_window.gd:411,
強制說:%s,強制說:%s,Force say: %s,scripts/ui/manager/tester_window.gd:414,
沒有可用的事件,沒有可用的事件,No events available,scripts/ui/manager/tester_window.gd:420,
強制觸發事件:%s,強制觸發事件:%s,Force trigger event: %s,scripts/ui/manager/tester_window.gd:423,
有話可說,有話可說,Has something to say,scripts/ui/manager/tester_window.gd:429,
說點什麼(%s)→ %s,說點什麼(%s)→ %s,Say something (%s) → %s,scripts/ui/manager/tester_window.gd:429,
這個情境沒有可說的內容,這個情境沒有可說的內容,Nothing to say in this situation,scripts/ui/manager/tester_window.gd:429,
強制播放動作:%s(差分 %d),強制播放動作:%s(差分 %d),Force play action: %s (variant %d),scripts/ui/manager/tester_window.gd:437,
動作開始:%s,動作開始:%s,Action started: %s,scripts/ui/manager/tester_window.gd:443,
%s 想問你,%s 想問你,%s wants to ask you,scripts/ui/manager/text_prompt_window.gd:15,
 想問你, 想問你, wants to ask you,scripts/ui/manager/text_prompt_window.gd:25,
最多 %d 個字,最多 %d 個字,Up to %d characters,scripts/ui/manager/text_prompt_window.gd:33,
確定,確定,OK,scripts/ui/manager/text_prompt_window.gd:38,
略過,略過,Skip,scripts/ui/manager/text_prompt_window.gd:40,
"量表(漸層色+三角形標記,需要上下限)","量表(漸層色+三角形標記,需要上下限)",Gauge (gradient color + triangle marker; requires min and max),scripts/ui/manager/value_editor_tab.gd:11,
純文字,純文字,Plain text,scripts/ui/manager/value_editor_tab.gd:11,
進度條,進度條,Progress bar,scripts/ui/manager/value_editor_tab.gd:11,
數值列表,數值列表,Value list,scripts/ui/manager/value_editor_tab.gd:55,
新增局部,新增局部,Add Local,scripts/ui/manager/value_editor_tab.gd:61,
新增全域,新增全域,Add Global,scripts/ui/manager/value_editor_tab.gd:63,
刪除選取的數值,刪除選取的數值,Delete Selected Value,scripts/ui/manager/value_editor_tab.gd:68,
作用域,作用域,Scope,scripts/ui/manager/value_editor_tab.gd:84,
內部名稱(積木與對話插值用),內部名稱(積木與對話插值用),Internal name (used by blocks and dialogue interpolation),scripts/ui/manager/value_editor_tab.gd:85,
內部名稱,內部名稱,Internal name,scripts/ui/manager/value_editor_tab.gd:88,
空白就顯示內部名稱,空白就顯示內部名稱,"If empty, the internal name is shown",scripts/ui/manager/value_editor_tab.gd:89,
顯示名稱,顯示名稱,Display name,scripts/ui/manager/value_editor_tab.gd:91,
初始預設值,初始預設值,Initial default value,scripts/ui/manager/value_editor_tab.gd:94,
無下限,無下限,No minimum,scripts/ui/manager/value_editor_tab.gd:98,
最小值,最小值,Minimum,scripts/ui/manager/value_editor_tab.gd:100,
無上限,無上限,No maximum,scripts/ui/manager/value_editor_tab.gd:106,
最大值,最大值,Maximum,scripts/ui/manager/value_editor_tab.gd:108,
步進量,步進量,Step,scripts/ui/manager/value_editor_tab.gd:113,
目前值(測試用),目前值(測試用),Current value (for testing),scripts/ui/manager/value_editor_tab.gd:116,
在 Status 面板中顯示(預設隱藏),在 Status 面板中顯示(預設隱藏),Show in the Status panel (hidden by default),scripts/ui/manager/value_editor_tab.gd:121,
排序權重(小的在上),排序權重(小的在上),Sort weight (smaller goes first),scripts/ui/manager/value_editor_tab.gd:126,
顯示模式,顯示模式,Display mode,scripts/ui/manager/value_editor_tab.gd:131,
"量表反向(數值高是不好的,例如疲勞:高=紅、低=綠)","量表反向(數值高是不好的,例如疲勞:高=紅、低=綠)","Reverse gauge (a high value is bad, e.g. fatigue: high = red, low = green)",scripts/ui/manager/value_editor_tab.gd:133,
例如 ×,例如 ×,e.g. ×,scripts/ui/manager/value_editor_tab.gd:136,
前綴,前綴,Prefix,scripts/ui/manager/value_editor_tab.gd:138,
例如 G 或 %,例如 G 或 %,e.g. G or %,scripts/ui/manager/value_editor_tab.gd:139,
後綴,後綴,Suffix,scripts/ui/manager/value_editor_tab.gd:141,
"小圖示(選填,PNG,最大 256×256)","小圖示(選填,PNG,最大 256×256)","Small icon (optional, PNG, max 256×256)",scripts/ui/manager/value_editor_tab.gd:142,
小圖示,小圖示,Small icon,scripts/ui/manager/value_editor_tab.gd:144,
選擇…,選擇…,Choose…,scripts/ui/manager/value_editor_tab.gd:145,
全域(所有桌寵共用),全域(所有桌寵共用),Global (shared by all pets),scripts/ui/manager/value_editor_tab.gd:197,
局部(只屬於這隻桌寵),局部(只屬於這隻桌寵),Local (belongs to this pet only),scripts/ui/manager/value_editor_tab.gd:197,
"內部名稱不能是空的,已還原。","內部名稱不能是空的,已還原。",The internal name can't be empty; reverted.,scripts/ui/manager/value_editor_tab.gd:254,
"已經有叫「%s」的數值,請換一個名稱,已還原。","已經有叫「%s」的數值,請換一個名稱,已還原。",A value named “%s” already exists. Please choose another name; reverted.,scripts/ui/manager/value_editor_tab.gd:259,
新數值%d,新數值%d,New value %d,scripts/ui/manager/value_editor_tab.gd:284 (共 2 處),
選擇小圖示,選擇小圖示,Choose Small Icon,scripts/ui/manager/value_editor_tab.gd:322,
"*.png,*.webp,*.jpg;圖片","*.png,*.webp,*.jpg;圖片","*.png,*.webp,*.jpg;Images",scripts/ui/manager/value_editor_tab.gd:322,
"無法載入這張圖示(檔案毀損、找不到,或超過 256×256),已保留原本的圖示。","無法載入這張圖示(檔案毀損、找不到,或超過 256×256),已保留原本的圖示。","Unable to load this icon (file corrupted, not found, or over 256×256); the original icon was kept.",scripts/ui/manager/value_editor_tab.gd:334,
沒有選擇資料夾,沒有選擇資料夾,No folder selected,scripts/ui/pack_editor/pack_editor_model.gd:71 (共 3 處),
"無法備份舊的 pack.json,已取消存檔","無法備份舊的 pack.json,已取消存檔",Unable to back up the old pack.json; saving canceled,scripts/ui/pack_editor/pack_editor_model.gd:397,
沒有選擇要刪除的幀,沒有選擇要刪除的幀,No frames selected for deletion,scripts/ui/pack_editor/pack_editor_model.gd:521,
沒有選取的幀,沒有選取的幀,No frames selected,scripts/ui/pack_editor/pack_editor_model.gd:626,
第 %d 幀讀不出圖,第 %d 幀讀不出圖,Frame %d could not be read as an image,scripts/ui/pack_editor/pack_editor_model.gd:631,
第 %d 幀:裁切範圍在圖片之外,第 %d 幀:裁切範圍在圖片之外,Frame %d: the crop range is outside the image,scripts/ui/pack_editor/pack_editor_model.gd:635,
第 %d 幀:處理後的圖太大(單邊超過 %d),第 %d 幀:處理後的圖太大(單邊超過 %d),Frame %d: the processed image is too large (a side exceeds %d),scripts/ui/pack_editor/pack_editor_model.gd:637,
"第 %d 幀:圖片處理的步驟太多了(上限 %d 步),請先「還原圖片處理」","第 %d 幀:圖片處理的步驟太多了(上限 %d 步),請先「還原圖片處理」",Frame %d: too many image processing steps (limit %d); please “Restore image processing” first,scripts/ui/pack_editor/pack_editor_model.gd:640,
還沒有開啟素材包,還沒有開啟素材包,No asset pack is open yet,scripts/ui/pack_editor/pack_editor_model.gd:799 (共 5 處),
無法寫入 frames.json,無法寫入 frames.json,Unable to write frames.json,scripts/ui/pack_editor/pack_editor_model.gd:823,
找不到這個動作,找不到這個動作,This action could not be found,scripts/ui/pack_editor/pack_editor_model.gd:891,
"這個動作用到的檔案都被別的動作或配件共用,沒有它獨有、可以搬走的圖(共用的圖沒人用時,「清理未使用檔案」會抓到)","這個動作用到的檔案都被別的動作或配件共用,沒有它獨有、可以搬走的圖(共用的圖沒人用時,「清理未使用檔案」會抓到)","Every file this action uses is shared with other actions or accessories, so there's nothing exclusively its own to move away (shared images that end up unused get picked up by ""Clean Up Unused Files"" instead)",scripts/ui/pack_editor/pack_editor_model.gd:893,
%s_動作_%s_%s,%s_動作_%s_%s,,scripts/ui/pack_editor/pack_editor_model.gd:898,"含 %s / %d 之類的格式符號,但程式裡還沒用 tr() 包起來:這句不會被翻譯(要在呼叫端改成 tr(""…"") % 值)"
無法搬移:%s,無法搬移:%s,Unable to move: %s,scripts/ui/pack_editor/pack_editor_model.gd:925,
這張精靈圖沒有被任何動作使用:%s,這張精靈圖沒有被任何動作使用:%s,This sprite sheet isn't used by any action: %s,scripts/ui/pack_editor/pack_editor_model.gd:949,
讀不出原本的精靈圖:%s,讀不出原本的精靈圖:%s,Unable to read the original sprite sheet: %s,scripts/ui/pack_editor/pack_editor_model.gd:957,
"新圖的尺寸和原本的精靈圖不同(原本 %d×%d,新圖 %d×%d),切片範圍會對不上;請把新圖排成和原本一樣的尺寸與格線。","新圖的尺寸和原本的精靈圖不同(原本 %d×%d,新圖 %d×%d),切片範圍會對不上;請把新圖排成和原本一樣的尺寸與格線。","The new image's size differs from the original sprite sheet (original %d×%d, new %d×%d), so the slice ranges won't line up; please lay out the new image with the same size and grid as the original.",scripts/ui/pack_editor/pack_editor_model.gd:959,
無法複製新圖進素材包:%s,無法複製新圖進素材包:%s,Unable to copy the new image into the asset pack: %s,scripts/ui/pack_editor/pack_editor_model.gd:962,
新資料夾不能是目前素材包本身或它的子資料夾,新資料夾不能是目前素材包本身或它的子資料夾,The new folder can't be the current asset pack itself or a subfolder of it,scripts/ui/pack_editor/pack_editor_model.gd:986,
目的資料夾必須是空的:%s,目的資料夾必須是空的:%s,The destination folder must be empty: %s,scripts/ui/pack_editor/pack_editor_model.gd:990,
無法寫入新資料夾的 pack.json,無法寫入新資料夾的 pack.json,Unable to write pack.json in the new folder,scripts/ui/pack_editor/pack_editor_model.gd:998,
不支援的檔案格式:%s(支援 png / jpg / webp),不支援的檔案格式:%s(支援 png / jpg / webp),Unsupported file format: %s (png / jpg / webp are supported),scripts/ui/pack_editor/pack_editor_model.gd:1028,
讀不出圖片:%s,讀不出圖片:%s,Unable to read image: %s,scripts/ui/pack_editor/pack_editor_model.gd:1033,
圖片太大(單邊超過 %d):%s,圖片太大(單邊超過 %d):%s,The image is too large (a side exceeds %d): %s,scripts/ui/pack_editor/pack_editor_model.gd:1036,
動作名稱不能是空的,動作名稱不能是空的,The action name can't be empty,scripts/ui/pack_editor/pack_editor_model.gd:1065 (共 2 處),
沒有選擇圖片,沒有選擇圖片,No image selected,scripts/ui/pack_editor/pack_editor_model.gd:1067 (共 2 處),
一次最多匯入 %d 張圖,一次最多匯入 %d 張圖,At most %d images can be imported at once,scripts/ui/pack_editor/pack_editor_model.gd:1069,
無法複製檔案進素材包:%s,無法複製檔案進素材包:%s,Unable to copy the file into the asset pack: %s,scripts/ui/pack_editor/pack_editor_model.gd:1078,
用這組格線切不出任何切片(檢查欄列數、邊距與間距),用這組格線切不出任何切片(檢查欄列數、邊距與間距),"No slices can be cut with this grid (check the column/row counts, margin and spacing)",scripts/ui/pack_editor/pack_editor_model.gd:1130 (共 2 處),
無法複製精靈圖進素材包:%s,無法複製精靈圖進素材包:%s,Unable to copy the sprite sheet into the asset pack: %s,scripts/ui/pack_editor/pack_editor_model.gd:1133,
"*.png,*.jpg,*.jpeg,*.webp;圖片檔","*.png,*.jpg,*.jpeg,*.webp;圖片檔","*.png,*.jpg,*.jpeg,*.webp;Image files",scripts/ui/pack_editor/pack_editor_window.gd:21,
預設(待著時一直循環),預設(待著時一直循環),Default (loops continuously while idle),scripts/ui/pack_editor/pack_editor_window.gd:27,
被使用(和桌寵交互時播),被使用(和桌寵交互時播),In use (plays during interaction with a pet),scripts/ui/pack_editor/pack_editor_window.gd:27,
拖曳中(被滑鼠抓著移動時播),拖曳中(被滑鼠抓著移動時播),Dragging (plays while grabbed and moved by the mouse),scripts/ui/pack_editor/pack_editor_window.gd:27,
平時(一直循環),平時(一直循環),Normal (always loops),scripts/ui/pack_editor/pack_editor_window.gd:28,
條件成立時(一直循環),條件成立時(一直循環),When Conditional (always loops),scripts/ui/pack_editor/pack_editor_window.gd:28,
被使用時(以後才會播),被使用時(以後才會播),When Used (for future use),scripts/ui/pack_editor/pack_editor_window.gd:28,
無法開啟:%s,無法開啟:%s,Unable to open: %s,scripts/ui/pack_editor/pack_editor_window.gd:214 (共 2 處),
"選一個素材包資料夾:不在專案 sprite 資料夾裡的會複製一份進來(原資料夾不動),已經在裡面的直接開啟。","選一個素材包資料夾:不在專案 sprite 資料夾裡的會複製一份進來(原資料夾不動),已經在裡面的直接開啟。","Pick an asset pack folder: one that isn't in the project's sprite folder is copied in (the original folder is untouched), and one already inside is opened directly.",scripts/ui/pack_editor/pack_editor_window.gd:270,
新建資料夾…,新建資料夾…,New Folder…,scripts/ui/pack_editor/pack_editor_window.gd:272,
在專案統一存放 sprite 的資料夾裡新建一個空的素材包。你取的名字同時是資料夾名、角色顯示名稱與預設辨識代號。,在專案統一存放 sprite 的資料夾裡新建一個空的素材包。你取的名字同時是資料夾名、角色顯示名稱與預設辨識代號。,"Creates an empty asset pack in the folder where the project stores all sprites. The name you give is also the folder name, the character display name and the default recognition tag.",scripts/ui/pack_editor/pack_editor_window.gd:273,
在檔案總管打開專案的 sprite 資料夾(%s),在檔案總管打開專案的 sprite 資料夾(%s),Open the project's sprite folder in the file explorer (%s),scripts/ui/pack_editor/pack_editor_window.gd:276,
匯入圖片…,匯入圖片…,Import Images…,scripts/ui/pack_editor/pack_editor_window.gd:278,
"選一張或多張圖片,當成一個動作的幀(單張圖 = 單幀動作)。動作已存在時會問你覆蓋還是新增。","選一張或多張圖片,當成一個動作的幀(單張圖 = 單幀動作)。動作已存在時會問你覆蓋還是新增。","Pick one or more images to be the frames of an action (a single image = a single-frame action). If the action already exists, you'll be asked whether to overwrite or add.",scripts/ui/pack_editor/pack_editor_window.gd:279,
匯入精靈圖…,匯入精靈圖…,Import Sprite Sheet…,scripts/ui/pack_editor/pack_editor_window.gd:281,
"選一張精靈圖(一張圖裡排了很多幀),設定格線後切成一個動作的幀。切片只是引用區域,不會另外產生圖檔。","選一張精靈圖(一張圖裡排了很多幀),設定格線後切成一個動作的幀。切片只是引用區域,不會另外產生圖檔。","Pick a sprite sheet (one image with many frames laid out), set the grid, and it's sliced into the frames of one action. Slices only reference regions and don't produce separate image files.",scripts/ui/pack_editor/pack_editor_window.gd:282,
換精靈圖…,換精靈圖…,Replace Sprite Sheet…,scripts/ui/pack_editor/pack_editor_window.gd:284,
"用一張新的圖取代正在使用的精靈圖:切片範圍、每一幀的軸心與偏移、動作與播放速度都原封不動,只有圖換掉(新圖尺寸要和原本一樣)。","用一張新的圖取代正在使用的精靈圖:切片範圍、每一幀的軸心與偏移、動作與播放速度都原封不動,只有圖換掉(新圖尺寸要和原本一樣)。","Replace the sprite sheet in use with a new image: slice ranges, each frame's pivot and offset, actions and playback speeds all stay untouched; only the image is swapped (the new image must be the same size as the original).",scripts/ui/pack_editor/pack_editor_window.gd:285,
另存為新素材包…,另存為新素材包…,Save as New Asset Pack…,scripts/ui/pack_editor/pack_editor_window.gd:287,
"把目前的素材包(含還沒存檔的編輯)複製到一個新的空資料夾,之後編輯的就是新的那個。搭配「換精靈圖」可以把設定好的素材包當範本,快速做出新角色。","把目前的素材包(含還沒存檔的編輯)複製到一個新的空資料夾,之後編輯的就是新的那個。搭配「換精靈圖」可以把設定好的素材包當範本,快速做出新角色。","Copies the current asset pack (including edits not yet saved) into a new empty folder, and from then on you edit the new one. Combined with “Replace Sprite Sheet”, a fully set-up asset pack can serve as a template to quickly make a new character.",scripts/ui/pack_editor/pack_editor_window.gd:288,
匯出獨立圖檔…,匯出獨立圖檔…,Export Standalone Images…,scripts/ui/pack_editor/pack_editor_window.gd:290,
"把每個動作的每一幀存成一張張 PNG(<動作>_<編號>.png,已套用切片與裁切翻轉旋轉),另附 frames.json 記錄播放速度、軸心與偏移。可以拿去別的工具用,或當備份。","把每個動作的每一幀存成一張張 PNG(<動作>_<編號>.png,已套用切片與裁切翻轉旋轉),另附 frames.json 記錄播放速度、軸心與偏移。可以拿去別的工具用,或當備份。","Saves every frame of every action as an individual PNG (<action>_<number>.png, with slicing, cropping, flipping and rotation applied), plus a frames.json recording playback speed, pivot and offset. Can be used in other tools or as a backup.",scripts/ui/pack_editor/pack_editor_window.gd:291,
清理未使用檔案…,清理未使用檔案…,Clean Up Unused Files…,scripts/ui/pack_editor/pack_editor_window.gd:293,
"找出匯入時複製進素材包、但已經沒有任何動作或配件在用的圖檔,確認後搬到備份資料夾(不直接刪)。也可以挑一個有自己實體檔案的動作(不是精靈圖切片),整個清掉它的圖。","找出匯入時複製進素材包、但已經沒有任何動作或配件在用的圖檔,確認後搬到備份資料夾(不直接刪)。也可以挑一個有自己實體檔案的動作(不是精靈圖切片),整個清掉它的圖。","Finds image files that were copied into the asset pack on import but are no longer used by any action or accessory, and moves them to the backup folder after confirming (not deleted directly). You can also pick an action with its own real files (not a spritesheet slice) and clear out its images entirely.",scripts/ui/pack_editor/pack_editor_window.gd:294,
存檔  Ctrl+S,存檔  Ctrl+S,Save  Ctrl+S,scripts/ui/pack_editor/pack_editor_window.gd:296,
"所有系統動作(idle、walk…)都有一個槽,沒有素材的顯示「空」;選一個空槽再匯入圖片,就會放進那個動作。「代號 ← 名稱」表示素材包裡叫那個名稱的動作填在這個槽。","所有系統動作(idle、walk…)都有一個槽,沒有素材的顯示「空」;選一個空槽再匯入圖片,就會放進那個動作。「代號 ← 名稱」表示素材包裡叫那個名稱的動作填在這個槽。","Every system action (idle, walk…) has a slot; those with no assets show “empty”; select an empty slot and import images to put them into that action. “Tag ← Name” means the action with that name in the asset pack fills this slot.",scripts/ui/pack_editor/pack_editor_window.gd:317,
＋新增自訂動作…,＋新增自訂動作…,+ Add Custom Action…,scripts/ui/pack_editor/pack_editor_window.gd:320,
"新增一個自訂動作槽(名字會出現在網頁編輯器的動作下拉選單)。新增後選它,再匯入圖片或精靈圖放進第一批幀。","新增一個自訂動作槽(名字會出現在網頁編輯器的動作下拉選單)。新增後選它,再匯入圖片或精靈圖放進第一批幀。","Adds a custom action slot (its name appears in the web editor's action dropdown). After adding, select it, then import images or a sprite sheet to put in the first frames.",scripts/ui/pack_editor/pack_editor_window.gd:321,
幀(可複選),幀(可複選),Frames (multi-select),scripts/ui/pack_editor/pack_editor_window.gd:325,
點選一幀;Ctrl+點 加選、Shift+點 選一段。複製、貼上到別的動作、複製一份、刪除、前後移動、圖片處理都對選取的所有幀動作。,點選一幀;Ctrl+點 加選、Shift+點 選一段。複製、貼上到別的動作、複製一份、刪除、前後移動、圖片處理都對選取的所有幀動作。,"Click a frame; Ctrl+click to add to the selection, Shift+click to select a range. Copy, paste into another action, duplicate, delete, move earlier/later and image processing all act on all selected frames.",scripts/ui/pack_editor/pack_editor_window.gd:334,
動作共用,動作共用,Action Sharing,scripts/ui/pack_editor/pack_editor_window.gd:347,
"這個系統動作(idle、walk…)要用素材包裡哪一個動作的素材。「自動」照別名規則找(walk 找不到 run 專用素材時會借用 walk,這是預設行為,也是「動作」清單裡「run ← walk」的由來)。「不共用(留空)」明確不要借用任何素材,讓這個動作沒有專屬畫面,交給引擎原本的降級規則(例如躺下沒有就退回坐下、坐下沒有就退回待機)。也可以直接選素材包裡任何一個其他動作,手動指定共用對象。只有選到系統動作的槽才會顯示這排;自訂動作沒有這個概念。","這個系統動作(idle、walk…)要用素材包裡哪一個動作的素材。「自動」照別名規則找(walk 找不到 run 專用素材時會借用 walk,這是預設行為,也是「動作」清單裡「run ← walk」的由來)。「不共用(留空)」明確不要借用任何素材,讓這個動作沒有專屬畫面,交給引擎原本的降級規則(例如躺下沒有就退回坐下、坐下沒有就退回待機)。也可以直接選素材包裡任何一個其他動作,手動指定共用對象。只有選到系統動作的槽才會顯示這排;自訂動作沒有這個概念。","Which action's assets in the pack this system action (idle, walk...) should use. ""Auto"" follows the alias rules (if run has no dedicated assets, it borrows from walk — this is the default behavior, and where ""run ← walk"" in the Action list comes from). ""Don't share (leave blank)"" explicitly borrows no assets, leaving this action with no dedicated visuals, falling back to the engine's normal degrade rule (e.g. lie falls back to sit if missing, sit falls back to idle if missing). You can also pick any other action in the pack directly to manually specify what to share from. This row only shows when a system-action slot is selected; custom actions don't have this concept.",scripts/ui/pack_editor/pack_editor_window.gd:355,
自動(依素材找),自動(依素材找),Auto (based on assets),scripts/ui/pack_editor/pack_editor_window.gd:370,
不共用(這個動作留空),不共用(這個動作留空),Don't Share (leave this action blank),scripts/ui/pack_editor/pack_editor_window.gd:372,
%s(%d 幀),%s(%d 幀),%s (%d frames),scripts/ui/pack_editor/pack_editor_window.gd:377,
目前是進階設定(選別的項目會換成簡單設定),目前是進階設定(選別的項目會換成簡單設定),Currently using advanced settings (selecting a different item switches back to simple settings),scripts/ui/pack_editor/pack_editor_window.gd:390,
「%s」已設成不共用素材(交給引擎原本的降級規則)。,「%s」已設成不共用素材(交給引擎原本的降級規則)。,"""%s"" is now set to not share assets (falls back to the engine's default degrade rule).",scripts/ui/pack_editor/pack_editor_window.gd:413,
「%s」改回自動尋找素材。,「%s」改回自動尋找素材。,"""%s"" is back to automatically finding assets.",scripts/ui/pack_editor/pack_editor_window.gd:415,
「%s」已設成共用「%s」的素材。,「%s」已設成共用「%s」的素材。,"""%s"" is now set to share assets with ""%s"".",scripts/ui/pack_editor/pack_editor_window.gd:417,
動畫設定,動畫設定,Animation settings,scripts/ui/pack_editor/pack_editor_window.gd:425,
"播放速度:這個動作每秒播幾幀。循環方式:
・整段循環:從第一幀播到最後一幀,再回到第一幀(預設)。
・從指定幀循環:第一次從第 0 幀播到「循環終點」幀,之後每次都從「循環起點」幀接回來,只在起點~終點之間循環(例如 2~4:0 1 2 3 4 2 3 4 2 3 4…;終點之後的幀不會播)。
・播一次,停在指定幀:播到那一幀就停住,直到動作被切換(例如坐下做好後不再動)。
・循環 N 次:整段動畫重複播 N 次(填 0 = 只播一次、不循環)後停在最後一幀,直到動作被切換;和「播一次,停在指定幀」不同的地方是這個一定播完整段、可以重複好幾輪。
幀編號就是幀清單縮圖上的數字。設定只影響遊戲裡的播放;預覽動畫裡「循環 N 次」為了方便看清楚會一直重複播放,不會自動停(遊戲裡才會真的停)。","播放速度:這個動作每秒播幾幀。循環方式:
・整段循環:從第一幀播到最後一幀,再回到第一幀(預設)。
・從指定幀循環:第一次從第 0 幀播到「循環終點」幀,之後每次都從「循環起點」幀接回來,只在起點~終點之間循環(例如 2~4:0 1 2 3 4 2 3 4 2 3 4…;終點之後的幀不會播)。
・播一次,停在指定幀:播到那一幀就停住,直到動作被切換(例如坐下做好後不再動)。
・循環 N 次:整段動畫重複播 N 次(填 0 = 只播一次、不循環)後停在最後一幀,直到動作被切換;和「播一次,停在指定幀」不同的地方是這個一定播完整段、可以重複好幾輪。
幀編號就是幀清單縮圖上的數字。設定只影響遊戲裡的播放;預覽動畫裡「循環 N 次」為了方便看清楚會一直重複播放,不會自動停(遊戲裡才會真的停)。","Playback speed: how many frames this action plays per second. Loop mode:
・ Loop whole clip: plays from the first frame to the last, then back to the first (default).
・ Loop from a frame: plays from frame 0 to the ""loop end"" frame the first time, then loops back from the ""loop start"" frame each time after, only cycling between start and end (e.g. 2~4: 0 1 2 3 4 2 3 4 2 3 4...; frames after the end never play).
・ Play once, hold on a frame: plays until that frame and stops there until the action changes (e.g. stays still once sitting down is done).
・ Loop N times: repeats the whole clip N times (0 = play once, no loop) then holds on the last frame until the action changes; unlike ""play once, hold on a frame"", this always plays the full clip and can repeat several rounds.
Frame numbers are the numbers shown on the frame thumbnails. This setting only affects in-game playback; in the preview, ""loop N times"" keeps repeating for easier viewing and won't stop on its own (it only really stops in-game).",scripts/ui/pack_editor/pack_editor_window.gd:425,
"這個動作的播放速度(每秒幾幀),存進 pack.json 的 fps_by_action;預覽動畫也用這個速度。","這個動作的播放速度(每秒幾幀),存進 pack.json 的 fps_by_action;預覽動畫也用這個速度。","This action's playback speed (frames per second), saved to fps_by_action in pack.json; the preview animation uses this speed too.",scripts/ui/pack_editor/pack_editor_window.gd:428,
速度 FPS,速度 FPS,Speed FPS,scripts/ui/pack_editor/pack_editor_window.gd:430,
整段循環,整段循環,Loop entire sequence,scripts/ui/pack_editor/pack_editor_window.gd:432,
從指定幀循環,從指定幀循環,Loop from a chosen frame,scripts/ui/pack_editor/pack_editor_window.gd:432,
"播一次,停在指定幀","播一次,停在指定幀","Play once, stop at a chosen frame",scripts/ui/pack_editor/pack_editor_window.gd:432,
循環 N 次,循環 N 次,Loop N Times,scripts/ui/pack_editor/pack_editor_window.gd:432,
循環方式,循環方式,Loop mode,scripts/ui/pack_editor/pack_editor_window.gd:435,
循環起點幀,循環起點幀,Loop start frame,scripts/ui/pack_editor/pack_editor_window.gd:441,
循環終點幀,循環終點幀,Loop end frame,scripts/ui/pack_editor/pack_editor_window.gd:442,
停在第幾幀,停在第幾幀,Stop at frame,scripts/ui/pack_editor/pack_editor_window.gd:443,
循環次數,循環次數,Loop Count,scripts/ui/pack_editor/pack_editor_window.gd:448,
Ctrl+C:複製選取的幀(連同各自的軸心與圖片偏移),Ctrl+C:複製選取的幀(連同各自的軸心與圖片偏移),Ctrl+C: copy the selected frames (with their own pivots and image offsets),scripts/ui/pack_editor/pack_editor_window.gd:462,
貼上,貼上,Paste,scripts/ui/pack_editor/pack_editor_window.gd:463 (共 2 處),
Ctrl+V:貼在選取的幀後面(沒選取就接在最後);可以先切到別的動作再貼,Ctrl+V:貼在選取的幀後面(沒選取就接在最後);可以先切到別的動作再貼,Ctrl+V: paste after the selected frames (or at the end if none selected); you can switch to another action first and then paste,scripts/ui/pack_editor/pack_editor_window.gd:463,
複製一份,複製一份,Duplicate,scripts/ui/pack_editor/pack_editor_window.gd:464,
"Ctrl+D:把選取的幀原地複製一份,接在後面","Ctrl+D:把選取的幀原地複製一份,接在後面","Ctrl+D: duplicate the selected frames in place, placing the copies after them",scripts/ui/pack_editor/pack_editor_window.gd:464,
Delete:刪掉選取的幀(至少要留一幀),Delete:刪掉選取的幀(至少要留一幀),Delete: delete the selected frames (at least one frame must remain),scripts/ui/pack_editor/pack_editor_window.gd:465,
◀ 前移,◀ 前移,◀ Move earlier,scripts/ui/pack_editor/pack_editor_window.gd:466,
Alt+←:選取的幀往前移一格,Alt+←:選取的幀往前移一格,Alt+←: move the selected frames one slot earlier,scripts/ui/pack_editor/pack_editor_window.gd:466,
後移 ▶,後移 ▶,Move later ▶,scripts/ui/pack_editor/pack_editor_window.gd:467,
Alt+→:選取的幀往後移一格,Alt+→:選取的幀往後移一格,Alt+→: move the selected frames one slot later,scripts/ui/pack_editor/pack_editor_window.gd:467,
功能頁籤:編輯(軸心、圖片偏移)、圖片(翻轉旋轉裁切)、判定框、光源、配件、圖層。,功能頁籤:編輯(軸心、圖片偏移)、圖片(翻轉旋轉裁切)、判定框、光源、配件、圖層。,"Function tabs: Edit (pivot, image offset), Image (flip, rotate, crop), Hitbox, Light, Accessories, Layers.",scripts/ui/pack_editor/pack_editor_window.gd:527,
編輯,編輯,Edit,scripts/ui/pack_editor/pack_editor_window.gd:529,
移動視角畫面,移動視角畫面,Pan view,scripts/ui/pack_editor/pack_editor_window.gd:531,
移動軸心(腳底線 / 中心點),移動軸心(腳底線 / 中心點),Move pivot (feet line / center point),scripts/ui/pack_editor/pack_editor_window.gd:532,
移動圖片,移動圖片,Move image,scripts/ui/pack_editor/pack_editor_window.gd:533,
調整判定框,調整判定框,Adjust hitbox,scripts/ui/pack_editor/pack_editor_window.gd:534,
裁切圖片,裁切圖片,Crop image,scripts/ui/pack_editor/pack_editor_window.gd:535,
調整光源錨點,調整光源錨點,Adjust light anchor,scripts/ui/pack_editor/pack_editor_window.gd:536,
調整配件位置,調整配件位置,Adjust accessory position,scripts/ui/pack_editor/pack_editor_window.gd:537,
"移動視角畫面:左鍵拖曳平移畫面,不會改到任何資料(預設;中鍵、右鍵拖曳也可以平移)。
移動軸心:改「圖片上哪一點是腳底」,判定框與坐下都以它為準。
移動圖片:軸心(腳底線、坐下判定、配件錨點)不動,只有圖片相對它平移。
調整判定框:拖曳綠框的邊或角改大小,拖曳框裡面移動(整個素材包共用一個)。
裁切圖片:在畫布上拖出要保留的範圍,再按「套用裁切」。
調整光源錨點:拖曳畫布上的光源圓點(或用方向鍵)改位置,光的大小、亮度、顏色在右邊「光源」區。","移動視角畫面:左鍵拖曳平移畫面,不會改到任何資料(預設;中鍵、右鍵拖曳也可以平移)。
移動軸心:改「圖片上哪一點是腳底」,判定框與坐下都以它為準。
移動圖片:軸心(腳底線、坐下判定、配件錨點)不動,只有圖片相對它平移。
調整判定框:拖曳綠框的邊或角改大小,拖曳框裡面移動(整個素材包共用一個)。
裁切圖片:在畫布上拖出要保留的範圍,再按「套用裁切」。
調整光源錨點:拖曳畫布上的光源圓點(或用方向鍵)改位置,光的大小、亮度、顏色在右邊「光源」區。","Pan view: left-drag pans the view without changing any data (default; middle-button and right-button drags also pan).
Move pivot: changes “which point on the image is the feet”; the hitbox and sitting are both based on it.
Move image: the pivot (feet line, sit detection, accessory anchors) stays put and only the image shifts relative to it.
Adjust hitbox: drag the edges or corners of the green box to resize it, drag inside the box to move it (one is shared by the whole asset pack).
Crop image: drag out the range to keep on the canvas, then press “Apply Crop”.
Adjust light anchor: drag the light dot on the canvas (or use the arrow keys) to change its position; the light's size, brightness and color are in the “Light” section on the right.",scripts/ui/pack_editor/pack_editor_window.gd:538,
只有這一幀,只有這一幀,This frame only,scripts/ui/pack_editor/pack_editor_window.gd:542,
整個動作(所有幀共用),整個動作(所有幀共用),The whole action (shared by all frames),scripts/ui/pack_editor/pack_editor_window.gd:543,
"軸心與圖片偏移的改動要寫給這一幀,還是整個動作共用一個值(會清掉這個動作底下逐幀的舊設定)。","軸心與圖片偏移的改動要寫給這一幀,還是整個動作共用一個值(會清掉這個動作底下逐幀的舊設定)。","Whether changes to the pivot and image offset are written to this frame, or to one value shared by the whole action (this clears the old per-frame settings under this action).",scripts/ui/pack_editor/pack_editor_window.gd:544,
套用範圍,套用範圍,Apply scope,scripts/ui/pack_editor/pack_editor_window.gd:545,
中心點 X,中心點 X,Center X,scripts/ui/pack_editor/pack_editor_window.gd:554,
腳底線 Y,腳底線 Y,Feet line Y,scripts/ui/pack_editor/pack_editor_window.gd:555,
圖片偏移 X,圖片偏移 X,Image offset X,scripts/ui/pack_editor/pack_editor_window.gd:556,
圖片偏移 Y,圖片偏移 Y,Image offset Y,scripts/ui/pack_editor/pack_editor_window.gd:557,
這一幀的值套用到整個動作,這一幀的值套用到整個動作,Apply this frame's values to the whole action,scripts/ui/pack_editor/pack_editor_window.gd:558,
已套用到「%s」的所有幀,已套用到「%s」的所有幀,Applied to all frames of “%s”,scripts/ui/pack_editor/pack_editor_window.gd:564,
重設(自動軸心、偏移 0),重設(自動軸心、偏移 0),"Reset (auto pivot, offset 0)",scripts/ui/pack_editor/pack_editor_window.gd:566,
已重設,已重設,Reset,scripts/ui/pack_editor/pack_editor_window.gd:573,
↶ 撤回,↶ 撤回,↶ Undo,scripts/ui/pack_editor/pack_editor_window.gd:576,
Ctrl+Z(最多 %d 步),Ctrl+Z(最多 %d 步),Ctrl+Z (up to %d steps),scripts/ui/pack_editor/pack_editor_window.gd:577,
↷ 重做,↷ 重做,↷ Redo,scripts/ui/pack_editor/pack_editor_window.gd:579,
Ctrl+Y 或 Ctrl+Shift+Z,Ctrl+Y 或 Ctrl+Shift+Z,Ctrl+Y or Ctrl+Shift+Z,scripts/ui/pack_editor/pack_editor_window.gd:580,
圖片,圖片,Image,scripts/ui/pack_editor/pack_editor_window.gd:591,
判定框,判定框,Hitbox,scripts/ui/pack_editor/pack_editor_window.gd:592,
判定框(縮放前像素),判定框(縮放前像素),Hitbox (pre-scale pixels),scripts/ui/pack_editor/pack_editor_window.gd:593,
寬,寬,Width,scripts/ui/pack_editor/pack_editor_window.gd:600 (共 2 處),
清除判定框設定(回到自動),清除判定框設定(回到自動),Clear hitbox settings (back to auto),scripts/ui/pack_editor/pack_editor_window.gd:608,
判定框已回到自動,判定框已回到自動,Hitbox back to auto,scripts/ui/pack_editor/pack_editor_window.gd:615,
光源,光源,Light,scripts/ui/pack_editor/pack_editor_window.gd:617 (共 4 處),
圖層,圖層,Layers,scripts/ui/pack_editor/pack_editor_window.gd:629 (共 7 處),
道具狀態,道具狀態,Prop states,scripts/ui/pack_editor/pack_editor_window.gd:643 (共 2 處),
檢視,檢視,View,scripts/ui/pack_editor/pack_editor_window.gd:653,
縮小(滾輪往下也可以):最小 ×%s,縮小(滾輪往下也可以):最小 ×%s,Zoom out (mouse wheel down also works): minimum ×%s,scripts/ui/pack_editor/pack_editor_window.gd:656,
放大(滾輪往上也可以):最大 ×%s,放大(滾輪往上也可以):最大 ×%s,Zoom in (mouse wheel up also works): maximum ×%s,scripts/ui/pack_editor/pack_editor_window.gd:659,
回到中央,回到中央,Back to center,scripts/ui/pack_editor/pack_editor_window.gd:665,
顯示上一幀殘影(對齊用),顯示上一幀殘影(對齊用),Show the previous frame's afterimage (for alignment),scripts/ui/pack_editor/pack_editor_window.gd:671,
顯示光源,顯示光源,Show lights,scripts/ui/pack_editor/pack_editor_window.gd:678,
顯示判定框,顯示判定框,Show hitbox,scripts/ui/pack_editor/pack_editor_window.gd:685,
▶ 預覽動畫,▶ 預覽動畫,▶ Preview Animation,scripts/ui/pack_editor/pack_editor_window.gd:691 (共 2 處),
坐躺位置,坐躺位置,Sit/Lie Positions,scripts/ui/pack_editor/pack_editor_window.gd:726,
圖片處理(選取的幀),圖片處理(選取的幀),Image processing (selected frames),scripts/ui/pack_editor/pack_editor_window.gd:744,
"作用在左邊選取的所有幀(可複選)。只寫在 pack.json 的 frames 項目(fx 欄位),不改原圖檔;已設定的軸心會跟著換算;可以撤回。","作用在左邊選取的所有幀(可複選)。只寫在 pack.json 的 frames 項目(fx 欄位),不改原圖檔;已設定的軸心會跟著換算;可以撤回。",Acts on all the frames selected on the left (multi-select). Only written to the frames entries in pack.json (the fx field); the original image files are not changed; pivots already set are converted accordingly; can be undone.,scripts/ui/pack_editor/pack_editor_window.gd:744,
↔ 水平翻轉,↔ 水平翻轉,↔ Flip Horizontal,scripts/ui/pack_editor/pack_editor_window.gd:746,
左右對調。再按一次就翻回來。,左右對調。再按一次就翻回來。,Swaps left and right. Press again to flip back.,scripts/ui/pack_editor/pack_editor_window.gd:747,
已水平翻轉,已水平翻轉,Flipped horizontally,scripts/ui/pack_editor/pack_editor_window.gd:748,
↕ 垂直翻轉,↕ 垂直翻轉,↕ Flip Vertical,scripts/ui/pack_editor/pack_editor_window.gd:749,
上下對調。再按一次就翻回來。,上下對調。再按一次就翻回來。,Swaps top and bottom. Press again to flip back.,scripts/ui/pack_editor/pack_editor_window.gd:750,
已垂直翻轉,已垂直翻轉,Flipped vertically,scripts/ui/pack_editor/pack_editor_window.gd:751,
"順時針旋轉的角度(負數 = 逆時針)。90 的倍數是無損的;其他角度畫布會放大到裝得下整張圖,空白處透明。","順時針旋轉的角度(負數 = 逆時針)。90 的倍數是無損的;其他角度畫布會放大到裝得下整張圖,空白處透明。","Clockwise rotation angle (negative = counterclockwise). Multiples of 90 are lossless; for other angles the canvas grows to fit the whole image, with transparent empty space.",scripts/ui/pack_editor/pack_editor_window.gd:761,
↻ 旋轉,↻ 旋轉,↻ Rotate,scripts/ui/pack_editor/pack_editor_window.gd:762,
"旋轉角度是 0,什麼都不會改變","旋轉角度是 0,什麼都不會改變","The rotation angle is 0, so nothing will change",scripts/ui/pack_editor/pack_editor_window.gd:765,
已旋轉 %s°,已旋轉 %s°,Rotated %s°,scripts/ui/pack_editor/pack_editor_window.gd:767,
裁切範圍(圖片像素),裁切範圍(圖片像素),Crop range (image pixels),scripts/ui/pack_editor/pack_editor_window.gd:771,
"切到「裁切圖片」模式在畫布上拖曳畫出要保留的範圍,或直接填下面的數字(左、上、寬、高),再按「套用裁切」(裁切模式下按 Enter 也可以)。","切到「裁切圖片」模式在畫布上拖曳畫出要保留的範圍,或直接填下面的數字(左、上、寬、高),再按「套用裁切」(裁切模式下按 Enter 也可以)。","Switch to “Crop image” mode and drag on the canvas to draw the range to keep, or enter the numbers below (left, top, width, height), then press “Apply Crop” (pressing Enter in crop mode also works).",scripts/ui/pack_editor/pack_editor_window.gd:771,
左,左,Left,scripts/ui/pack_editor/pack_editor_window.gd:774 (共 2 處),
上,上,Top,scripts/ui/pack_editor/pack_editor_window.gd:774,
裁切範圍的%s(圖片像素),裁切範圍的%s(圖片像素),Crop range %s (image pixels),scripts/ui/pack_editor/pack_editor_window.gd:779,
套用裁切,套用裁切,Apply Crop,scripts/ui/pack_editor/pack_editor_window.gd:785,
把選取的幀都裁成這個範圍(超出圖片的部分截掉)。裁切模式下按 Enter 也可以。,把選取的幀都裁成這個範圍(超出圖片的部分截掉)。裁切模式下按 Enter 也可以。,Crops all selected frames to this range (anything outside the image is cut off). Pressing Enter in crop mode also works.,scripts/ui/pack_editor/pack_editor_window.gd:786,
清掉裁切框,清掉裁切框,Clear crop box,scripts/ui/pack_editor/pack_editor_window.gd:788,
還原圖片處理(回到原圖),還原圖片處理(回到原圖),Restore image processing (back to the original image),scripts/ui/pack_editor/pack_editor_window.gd:797,
"拿掉選取的幀的所有裁切、翻轉、旋轉。這些幀手動設定過的軸心是相對處理後的圖,會一併回到自動軸心。","拿掉選取的幀的所有裁切、翻轉、旋轉。這些幀手動設定過的軸心是相對處理後的圖,會一併回到自動軸心。","Removes all cropping, flipping and rotation from the selected frames. Manually set pivots on these frames are relative to the processed image, so they also go back to the auto pivot.",scripts/ui/pack_editor/pack_editor_window.gd:798,
已開啟素材包,已開啟素材包,Asset pack opened,scripts/ui/pack_editor/pack_editor_window.gd:820 (共 2 處),
"已新建素材包(還沒有動作:選一個動作槽,再用「匯入圖片」或「匯入精靈圖」放進第一個動作)","已新建素材包(還沒有動作:選一個動作槽,再用「匯入圖片」或「匯入精靈圖」放進第一個動作)","New asset pack created (no actions yet: select an action slot, then use “Import Images” or “Import Sprite Sheet” to put in the first action)",scripts/ui/pack_editor/pack_editor_window.gd:832,
"已在 sprite 資料夾新建「%s」(名字同時是資料夾名、角色名稱與預設辨識代號)。選一個動作槽,再匯入圖片或精靈圖放進第一個動作。","已在 sprite 資料夾新建「%s」(名字同時是資料夾名、角色名稱與預設辨識代號)。選一個動作槽,再匯入圖片或精靈圖放進第一個動作。","Created “%s” in the sprite folder (the name is also the folder name, character name and default recognition tag). Select an action slot, then import images or a sprite sheet to put in the first action.",scripts/ui/pack_editor/pack_editor_window.gd:843,
已把資料夾複製到 sprite 資料夾:%s(原資料夾沒有動)。之後編輯的是這一份。,已把資料夾複製到 sprite 資料夾:%s(原資料夾沒有動)。之後編輯的是這一份。,Copied the folder into the sprite folder: %s (the original folder is untouched). From now on you edit this copy.,scripts/ui/pack_editor/pack_editor_window.gd:854,
"會把這個資料夾複製一份進專案的 sprite 資料夾(原資料夾不動)。
幫這個角色取個名字(同時是資料夾名、角色名稱與預設辨識代號):","會把這個資料夾複製一份進專案的 sprite 資料夾(原資料夾不動)。
幫這個角色取個名字(同時是資料夾名、角色名稱與預設辨識代號):","This folder will be copied into the project's sprite folder (the original folder is untouched).
Give this character a name (this is also the folder name, character name and default recognition tag):",scripts/ui/pack_editor/pack_editor_window.gd:883,
無法匯入:%s,無法匯入:%s,Unable to import: %s,scripts/ui/pack_editor/pack_editor_window.gd:886,
新建資料夾,新建資料夾,New Folder,scripts/ui/pack_editor/pack_editor_window.gd:894,
"在專案的 sprite 資料夾裡新建一個素材包。
幫這個角色取個名字(同時是資料夾名、角色名稱與預設辨識代號,之後可以改 pack.json):","在專案的 sprite 資料夾裡新建一個素材包。
幫這個角色取個名字(同時是資料夾名、角色名稱與預設辨識代號,之後可以改 pack.json):","Creates an asset pack in the project's sprite folder.
Give this character a name (this is also the folder name, character name and default recognition tag; you can edit pack.json later):",scripts/ui/pack_editor/pack_editor_window.gd:894,
無法新建:%s,無法新建:%s,Unable to create: %s,scripts/ui/pack_editor/pack_editor_window.gd:897,
角色名稱,角色名稱,Character name,scripts/ui/pack_editor/pack_editor_window.gd:915,
繼續,繼續,continue,scripts/ui/pack_editor/pack_editor_window.gd:941,
有未存的變更,有未存的變更,Unsaved changes,scripts/ui/pack_editor/pack_editor_window.gd:949 (共 2 處),
"目前的素材包有還沒存檔的變更。
要先存檔再%s、放棄這些變更直接%s,還是取消?","目前的素材包有還沒存檔的變更。
要先存檔再%s、放棄這些變更直接%s,還是取消?","The current asset pack has unsaved changes.
Save first and then %s, discard the changes and %s directly, or cancel?",scripts/ui/pack_editor/pack_editor_window.gd:950,
存檔後%s,存檔後%s,"Save, then %s",scripts/ui/pack_editor/pack_editor_window.gd:951,
放棄變更並%s,放棄變更並%s,Discard changes and %s,scripts/ui/pack_editor/pack_editor_window.gd:953,
選擇要匯入的圖片(可多選),選擇要匯入的圖片(可多選),Choose the images to import (multi-select),scripts/ui/pack_editor/pack_editor_window.gd:977,
選擇要匯入的精靈圖,選擇要匯入的精靈圖,Choose the sprite sheet to import,scripts/ui/pack_editor/pack_editor_window.gd:986,
讀不出這張精靈圖:%s,讀不出這張精靈圖:%s,Unable to read this sprite sheet: %s,scripts/ui/pack_editor/pack_editor_window.gd:1017,
匯入精靈圖,匯入精靈圖,Import Sprite Sheet,scripts/ui/pack_editor/pack_editor_window.gd:1031 (共 2 處),
已匯入到動作「%s」(可以用撤回還原),已匯入到動作「%s」(可以用撤回還原),Imported into action “%s” (can be undone),scripts/ui/pack_editor/pack_editor_window.gd:1053,
"預設:道具待著時一直循環。被使用:和桌寵交互時播(被拾取時、摩擦觸發時)。拖曳中:被滑鼠抓著移動時才播。被使用與拖曳中可以設播放次數,以及「觸發」(進入狀態時播幾次就回預設)或「循環」(狀態持續期間一直循環)。沒有放圖的狀態就不播;預設狀態一定要有圖,進階貼圖才會生效(沒有就用簡單版的一張圖)。","預設:道具待著時一直循環。被使用:和桌寵交互時播(被拾取時、摩擦觸發時)。拖曳中:被滑鼠抓著移動時才播。被使用與拖曳中可以設播放次數,以及「觸發」(進入狀態時播幾次就回預設)或「循環」(狀態持續期間一直循環)。沒有放圖的狀態就不播;預設狀態一定要有圖,進階貼圖才會生效(沒有就用簡單版的一張圖)。","Default: loops continuously while the prop is idle. In use: plays during interaction with a pet (when picked up, when rubbing triggers). Dragging: plays only while grabbed and moved by the mouse. In use and Dragging can have a play count, and either “Trigger” (plays that many times on entering the state, then returns to Default) or “Loop” (loops for as long as the state lasts). States with no images don't play; the Default state must have images for the advanced texture to take effect (otherwise the simple-version single image is used).",scripts/ui/pack_editor/pack_editor_window.gd:1064,
道具狀態動畫,道具狀態動畫,Prop state animations,scripts/ui/pack_editor/pack_editor_window.gd:1064,
觸發時播放,觸發時播放,Play on trigger,scripts/ui/pack_editor/pack_editor_window.gd:1067,
循環播放,循環播放,Loop,scripts/ui/pack_editor/pack_editor_window.gd:1068,
 次(觸發式), 次(觸發式), times (trigger style),scripts/ui/pack_editor/pack_editor_window.gd:1070,
被使用,被使用,In use,scripts/ui/pack_editor/pack_editor_window.gd:1075,
拖曳中,拖曳中,Dragging,scripts/ui/pack_editor/pack_editor_window.gd:1075,
播放次數,播放次數,Play count,scripts/ui/pack_editor/pack_editor_window.gd:1076,
家具狀態動畫,家具狀態動畫,Furniture State Animations,scripts/ui/pack_editor/pack_editor_window.gd:1100,
"normal(平時):一直循環播放,家具沒有觸發條件時就是這個樣子。conditional(條件成立時):一直循環播放,例如檯燈亮起來、迪斯可燈在轉;觸發條件(指定時段、有桌寵在做某個動作…)在家具庫視窗設定,不在這裡。interacted(被使用時):素材可以先準備,這批還沒有東西會讓桌寵去用家具、播放這個狀態。沒有放圖的狀態就不播;normal 一定要有圖。","normal(平時):一直循環播放,家具沒有觸發條件時就是這個樣子。conditional(條件成立時):一直循環播放,例如檯燈亮起來、迪斯可燈在轉;觸發條件(指定時段、有桌寵在做某個動作…)在家具庫視窗設定,不在這裡。interacted(被使用時):素材可以先準備,這批還沒有東西會讓桌寵去用家具、播放這個狀態。沒有放圖的狀態就不播;normal 一定要有圖。","normal (default): always loops — what the furniture looks like when it has no trigger condition. conditional (when triggered): always loops, e.g. a lamp lighting up, a disco light spinning; the trigger condition (a time range, a pet doing a certain action...) is set in the Furniture Library window, not here. interacted (when used): the assets can be prepared ahead of time, but nothing in this batch yet makes a pet actually use the furniture and play this state. A state with no image set simply doesn't play; normal must have an image.",scripts/ui/pack_editor/pack_editor_window.gd:1100,
開啟家具庫…,開啟家具庫…,Open Furniture Library…,scripts/ui/pack_editor/pack_editor_window.gd:1101,
去家具庫視窗改名稱、觸發方式(時段/動作代號)、標籤、縮放倍率、放上桌面。,去家具庫視窗改名稱、觸發方式(時段/動作代號)、標籤、縮放倍率、放上桌面。,"Go to the Furniture Library window to change its name, trigger (time range / action code), tags, scale, or place it on the desktop.",scripts/ui/pack_editor/pack_editor_window.gd:1102,
"⚠ 這件家具還沒有坐/躺位置(去「坐躺位置」頁加),桌寵沒辦法用它坐下或躺下。","⚠ 這件家具還沒有坐/躺位置(去「坐躺位置」頁加),桌寵沒辦法用它坐下或躺下。","⚠ This furniture has no sit/lie positions yet (add one on the ""Sit/Lie Positions"" tab); pets can't sit or lie on it.",scripts/ui/pack_editor/pack_editor_window.gd:1108,
坐/躺位置(錨點),坐/躺位置(錨點),Sit/Lie Positions (Anchors),scripts/ui/pack_editor/pack_editor_window.gd:1115,
"桌寵想用這件家具時,自己挑一個當下沒人在用的位置過去。上面「模式」選「調整配件位置」後可以直接在畫布上拖曳錨點(或用方向鍵),放在貼圖的正確位置上;也可以直接在下面打座標。清單選了哪一個,畫布上就是拖哪一個、下面的座標框就是改哪一個。","桌寵想用這件家具時,自己挑一個當下沒人在用的位置過去。上面「模式」選「調整配件位置」後可以直接在畫布上拖曳錨點(或用方向鍵),放在貼圖的正確位置上;也可以直接在下面打座標。清單選了哪一個,畫布上就是拖哪一個、下面的座標框就是改哪一個。","When a pet wants to use this furniture, it picks an unoccupied position on its own. With ""Mode"" set to ""Adjust Accessory Position"" above, you can drag the anchor directly on the canvas (or use the arrow keys) to place it on the right spot in the sprite; or just type the coordinates below directly. Whichever one is selected in the list is the one you're dragging on the canvas and editing in the coordinate boxes below.",scripts/ui/pack_editor/pack_editor_window.gd:1115,
坐,坐,Sit,scripts/ui/pack_editor/pack_editor_window.gd:1125 (共 3 處),
躺,躺,Lie,scripts/ui/pack_editor/pack_editor_window.gd:1125 (共 3 處),
＋ 新增,＋ 新增,+ Add,scripts/ui/pack_editor/pack_editor_window.gd:1128,
刪除這個,刪除這個,Delete This,scripts/ui/pack_editor/pack_editor_window.gd:1131 (共 2 處),
"座標(X,Y)","座標(X,Y)","Coordinates (X, Y)",scripts/ui/pack_editor/pack_editor_window.gd:1142 (共 2 處),
留空 = 用預設的坐/躺姿勢,留空 = 用預設的坐/躺姿勢,Leave blank = use the default sit/lie pose,scripts/ui/pack_editor/pack_editor_window.gd:1143,
行為重綁(選填),行為重綁(選填),Rebind Behavior (optional),scripts/ui/pack_editor/pack_editor_window.gd:1146,
"桌寵坐/躺到這個錨點時,改播這個名字的動作(素材包裡的動作名稱)取代預設的坐/躺姿勢。那隻桌寵的素材包沒有這個動作時,自動退回原本的坐/躺;留空就一律用原本的坐/躺,不用特別清空。給素材包作者準備了不同姿勢動作時用。","桌寵坐/躺到這個錨點時,改播這個名字的動作(素材包裡的動作名稱)取代預設的坐/躺姿勢。那隻桌寵的素材包沒有這個動作時,自動退回原本的坐/躺;留空就一律用原本的坐/躺,不用特別清空。給素材包作者準備了不同姿勢動作時用。","When a pet sits/lies at this anchor, it plays the action with this name (an action name in the asset pack) instead of the default sit/lie pose. If that pet's pack doesn't have this action, it automatically falls back to the normal sit/lie; leave it blank to always use the normal sit/lie — no need to clear it specially. For asset pack authors who've prepared a different pose action.",scripts/ui/pack_editor/pack_editor_window.gd:1147,
右,右,Right,scripts/ui/pack_editor/pack_editor_window.gd:1151,
兩者(隨機擇一),兩者(隨機擇一),Either (random each time),scripts/ui/pack_editor/pack_editor_window.gd:1151,
使用時面向,使用時面向,Facing When Used,scripts/ui/pack_editor/pack_editor_window.gd:1154,
"桌寵坐/躺到這個錨點時要面向哪邊。「兩者」是預設值,每次使用時隨機選一個方向(不是使用中途左右來回切換);選「左」或「右」會固定面向那一邊。","桌寵坐/躺到這個錨點時要面向哪邊。「兩者」是預設值,每次使用時隨機選一個方向(不是使用中途左右來回切換);選「左」或「右」會固定面向那一邊。","Which way a pet faces when sitting/lying at this anchor. ""Either"" is the default, picking a random direction each time it's used (not switching back and forth mid-use); choosing ""Left"" or ""Right"" fixes it to face that way.",scripts/ui/pack_editor/pack_editor_window.gd:1155,
"一件家具可以有好幾盞燈(例如吊燈好幾顆燈泡),最多 %d 盞。「一直啟用」以外的觸發方式時,燈只有條件成立(conditional 狀態)才會亮;畫布上的預覽會照現在的真實時間顯示目前應該是亮是暗(不是條件成立的時段會變暗),不用真的等到觸發才看得出來。上面「模式」選「調整光源錨點」後可以直接在畫布上拖曳選取的那一盞,或直接在下面打座標。","一件家具可以有好幾盞燈(例如吊燈好幾顆燈泡),最多 %d 盞。「一直啟用」以外的觸發方式時,燈只有條件成立(conditional 狀態)才會亮;畫布上的預覽會照現在的真實時間顯示目前應該是亮是暗(不是條件成立的時段會變暗),不用真的等到觸發才看得出來。上面「模式」選「調整光源錨點」後可以直接在畫布上拖曳選取的那一盞,或直接在下面打座標。","A piece of furniture can have several lights (e.g. a chandelier with multiple bulbs), up to %d. With a trigger other than ""always on"", the light only turns on once the condition is met (conditional state); the canvas preview shows whether it should currently be lit or dark based on the real current time (dimmed outside the condition's active period), so you don't have to wait for the real trigger to see it. With ""Mode"" set to ""Adjust Light Anchor"" above, you can drag the selected light directly on the canvas, or just type the coordinates below.",scripts/ui/pack_editor/pack_editor_window.gd:1163,
＋ 新增光源,＋ 新增光源,+ Add Light,scripts/ui/pack_editor/pack_editor_window.gd:1171 (共 2 處),
刪除這盞,刪除這盞,Delete This Light,scripts/ui/pack_editor/pack_editor_window.gd:1174 (共 2 處),
依動作槽設定啟用條件,依動作槽設定啟用條件,Set Enable Condition by Action Slot,scripts/ui/pack_editor/pack_editor_window.gd:1178,
"這件家具現在播哪個動作槽(平時/條件成立時/使用中),這盞燈就照那個槽自己的設定決定要不要亮:不啟用、一直啟用,或只有目前幀落在指定範圍才亮(例如蠟燭動畫只有中間幾幀火苗最亮時才發光)。「使用中」這個動作槽目前還沒有真的接上播放,先讓你設定,之後接上就會生效。","這件家具現在播哪個動作槽(平時/條件成立時/使用中),這盞燈就照那個槽自己的設定決定要不要亮:不啟用、一直啟用,或只有目前幀落在指定範圍才亮(例如蠟燭動畫只有中間幾幀火苗最亮時才發光)。「使用中」這個動作槽目前還沒有真的接上播放,先讓你設定,之後接上就會生效。","Whichever action slot this furniture is currently playing (normal / conditional / interacted), this light follows that slot's own setting to decide whether to light up: disabled, always on, or only lit when the current frame falls within a specified range (e.g. a candle animation only glowing on the few middle frames where the flame is brightest). The ""interacted"" slot isn't actually wired up to play yet, but you can set it up now and it'll take effect once it is.",scripts/ui/pack_editor/pack_editor_window.gd:1178,
單獨調整此幀,單獨調整此幀,Adjust This Frame Individually,scripts/ui/pack_editor/pack_editor_window.gd:1190 (共 2 處),
"第 0 幀(或還沒解鎖的幀)的半徑/亮度/顏色/是否亮著都跟著這盞燈的預設值(或動作槽的判斷)走。勾選這裡才能單獨改目前這一幀,不影響其他幀;取消勾選會清掉這一幀的所有覆蓋。「是否亮著」比較特別:單獨調整過可以雙向覆蓋動作槽原本的判斷——即使動作槽判斷這一幀該暗,解鎖後還是可以單獨打開,反之亦然。","第 0 幀(或還沒解鎖的幀)的半徑/亮度/顏色/是否亮著都跟著這盞燈的預設值(或動作槽的判斷)走。勾選這裡才能單獨改目前這一幀,不影響其他幀;取消勾選會清掉這一幀的所有覆蓋。「是否亮著」比較特別:單獨調整過可以雙向覆蓋動作槽原本的判斷——即使動作槽判斷這一幀該暗,解鎖後還是可以單獨打開,反之亦然。","Frame 0 (or any frame not yet unlocked) follows this light's default radius/brightness/color/on-or-off (or the action slot's own judgment). Check this to edit just the current frame without affecting others; unchecking it clears all overrides for this frame. ""Whether it's lit"" is special: once individually adjusted, it can override the action slot's judgment in either direction — even if the slot says this frame should be dark, unlocking it can still turn it on, and vice versa.",scripts/ui/pack_editor/pack_editor_window.gd:1191,
光源顏色,光源顏色,Light Color,scripts/ui/pack_editor/pack_editor_window.gd:1204,
亮著(單獨調整此幀時生效),亮著(單獨調整此幀時生效),Lit (takes effect while adjusting this frame individually),scripts/ui/pack_editor/pack_editor_window.gd:1206,
"只有勾選「單獨調整此幀」時才能改;決定這一幀要不要亮,雙向覆蓋動作槽原本的判斷。","只有勾選「單獨調整此幀」時才能改;決定這一幀要不要亮,雙向覆蓋動作槽原本的判斷。","Only editable when ""Adjust This Frame Individually"" is checked; decides whether this frame is lit, overriding the action slot's judgment in either direction.",scripts/ui/pack_editor/pack_editor_window.gd:1207,
圓形,圓形,Round,scripts/ui/pack_editor/pack_editor_window.gd:1212,
扇形,扇形,Fan,scripts/ui/pack_editor/pack_editor_window.gd:1212,
光源形狀,光源形狀,Light Shape,scripts/ui/pack_editor/pack_editor_window.gd:1217,
朝向角度,朝向角度,Facing Angle,scripts/ui/pack_editor/pack_editor_window.gd:1221,
扇形張角,扇形張角,Fan Spread Angle,scripts/ui/pack_editor/pack_editor_window.gd:1224,
貼圖蓋在光暈之上(預設光暈疊在貼圖上面),貼圖蓋在光暈之上(預設光暈疊在貼圖上面),Sprite covers the glow (by default the glow overlaps on top of the sprite),scripts/ui/pack_editor/pack_editor_window.gd:1227,
平時,平時,Normal,scripts/ui/pack_editor/pack_editor_window.gd:1365,
條件成立時,條件成立時,Conditional,scripts/ui/pack_editor/pack_editor_window.gd:1365,
使用中(尚未接上播放),使用中(尚未接上播放),Interacted (not yet wired up),scripts/ui/pack_editor/pack_editor_window.gd:1365,
不啟用,不啟用,Disabled,scripts/ui/pack_editor/pack_editor_window.gd:1367,
指定幀範圍啟用,指定幀範圍啟用,Enabled for a Frame Range,scripts/ui/pack_editor/pack_editor_window.gd:1369,
從第幾幀,從第幾幀,From Frame,scripts/ui/pack_editor/pack_editor_window.gd:1378,
到第幾幀,到第幾幀,To Frame,scripts/ui/pack_editor/pack_editor_window.gd:1381,
"光源 %d (%d, %d)%s","光源 %d (%d, %d)%s","Light %d (%d, %d)%s",scripts/ui/pack_editor/pack_editor_window.gd:1518,
・停用,・停用,・ Disabled,scripts/ui/pack_editor/pack_editor_window.gd:1518,
"正在編輯道具「%s」的進階貼圖:選左邊的狀態(預設 / 被使用 / 拖曳中),再匯入圖片或精靈圖。","正在編輯道具「%s」的進階貼圖:選左邊的狀態(預設 / 被使用 / 拖曳中),再匯入圖片或精靈圖。","Editing the advanced texture of prop “%s”: select a state on the left (Default / In use / Dragging), then import images or a sprite sheet.",scripts/ui/pack_editor/pack_editor_window.gd:1648,
找不到這件家具,找不到這件家具,This piece of furniture could not be found,scripts/ui/pack_editor/pack_editor_window.gd:1657,
"正在編輯家具「%s」的進階貼圖:選左邊的狀態(平時 / 條件成立時 / 被使用時),再匯入圖片或精靈圖。","正在編輯家具「%s」的進階貼圖:選左邊的狀態(平時 / 條件成立時 / 被使用時),再匯入圖片或精靈圖。","Editing advanced sprites for furniture ""%s"": pick a state on the left (Normal / Conditional / Used), then import an image or spritesheet.",scripts/ui/pack_editor/pack_editor_window.gd:1669,
%s(空),%s(空),%s (empty),scripts/ui/pack_editor/pack_editor_window.gd:1685 (共 3 處),
── 自訂動作 ──,── 自訂動作 ──,── Custom actions ──,scripts/ui/pack_editor/pack_editor_window.gd:1712,
「%s」這個動作還沒有素材:用「匯入圖片…」或「匯入精靈圖…」放進來。,「%s」這個動作還沒有素材:用「匯入圖片…」或「匯入精靈圖…」放進來。,The action “%s” has no assets yet: bring some in with “Import Images…” or “Import Sprite Sheet…”.,scripts/ui/pack_editor/pack_editor_window.gd:1760,
動作名稱不能是空的(只能用英數、底線、連字號),動作名稱不能是空的(只能用英數、底線、連字號),"The action name can't be empty (only letters, digits, underscores and hyphens)",scripts/ui/pack_editor/pack_editor_window.gd:1774,
新增自訂動作,新增自訂動作,Add Custom Action,scripts/ui/pack_editor/pack_editor_window.gd:1789,
動作名稱(英數、底線、連字號;會出現在網頁編輯器的動作下拉選單):,動作名稱(英數、底線、連字號;會出現在網頁編輯器的動作下拉選單):,"Action name (letters, digits, underscores, hyphens; it appears in the web editor's action dropdown):",scripts/ui/pack_editor/pack_editor_window.gd:1794,
例如 attack,例如 attack,e.g. attack,scripts/ui/pack_editor/pack_editor_window.gd:1798,
(還沒有開啟素材包),(還沒有開啟素材包),(no asset pack open yet),scripts/ui/pack_editor/pack_editor_window.gd:1901,
"還沒有開啟素材包。
用上方的「從資料夾匯入…」開啟現有的,
或「新建資料夾…」從空白開始,再用「匯入圖片…」「匯入精靈圖…」放圖進來。","還沒有開啟素材包。
用上方的「從資料夾匯入…」開啟現有的,
或「新建資料夾…」從空白開始,再用「匯入圖片…」「匯入精靈圖…」放圖進來。","No asset pack is open yet.
Use “Import from Folder…” above to open an existing one,
or “New Folder…” to start from scratch, then bring in images with “Import Images…” or “Import Sprite Sheet…”.",scripts/ui/pack_editor/pack_editor_window.gd:1904,
"「%s」這個動作還沒有素材。
用「匯入圖片…」或「匯入精靈圖…」放進來,
匯入時動作名稱會預設填「%s」。","「%s」這個動作還沒有素材。
用「匯入圖片…」或「匯入精靈圖…」放進來,
匯入時動作名稱會預設填「%s」。","The action “%s” has no assets yet.
Bring some in with “Import Images…” or “Import Sprite Sheet…”;
the action name will default to “%s” on import.",scripts/ui/pack_editor/pack_editor_window.gd:1906,
"這個素材包還沒有任何動作。
在左邊選一個動作槽,再用「匯入圖片…」或「匯入精靈圖…」放進第一個動作。","這個素材包還沒有任何動作。
在左邊選一個動作槽,再用「匯入圖片…」或「匯入精靈圖…」放進第一個動作。","This asset pack has no actions yet.
Select an action slot on the left, then use “Import Images…” or “Import Sprite Sheet…” to put in the first action.",scripts/ui/pack_editor/pack_editor_window.gd:1908,
這一幀讀不出圖。,這一幀讀不出圖。,This frame could not be read as an image.,scripts/ui/pack_editor/pack_editor_window.gd:1910,
切片 %d(%s),切片 %d(%s),Slice %d (%s),scripts/ui/pack_editor/pack_editor_window.gd:1953,
"%s  第 %d / %d 幀  ·  %d×%d  ·  自動軸心 (%d, %d)%s
預設模式左鍵拖曳平移畫面、滾輪縮放;切到「移動軸心 / 移動圖片 / 判定框」才會改資料(方向鍵微調 1 像素,Shift = 10;移動軸心時 Shift = 只改腳底線、Ctrl = 只改中心點)。","%s  第 %d / %d 幀  ·  %d×%d  ·  自動軸心 (%d, %d)%s
預設模式左鍵拖曳平移畫面、滾輪縮放;切到「移動軸心 / 移動圖片 / 判定框」才會改資料(方向鍵微調 1 像素,Shift = 10;移動軸心時 Shift = 只改腳底線、Ctrl = 只改中心點)。","%s  Frame %d / %d  ·  %d×%d  ·  Auto pivot (%d, %d)%s
In the default mode, left-drag pans the view and the wheel zooms; data only changes after switching to “Move pivot / Move image / Hitbox” (arrow keys nudge 1 pixel, Shift = 10; when moving the pivot, Shift = feet line only, Ctrl = center point only).",scripts/ui/pack_editor/pack_editor_window.gd:1954,
  ·  已手動設定,  ·  已手動設定,  ·  Manually set,scripts/ui/pack_editor/pack_editor_window.gd:1956,
這一幀沒有圖片處理(原圖),這一幀沒有圖片處理(原圖),No image processing on this frame (original image),scripts/ui/pack_editor/pack_editor_window.gd:1958,
這一幀的圖片處理:%s,這一幀的圖片處理:%s,This frame's image processing: %s,scripts/ui/pack_editor/pack_editor_window.gd:1958,
已設定,已設定,Set,scripts/ui/pack_editor/pack_editor_window.gd:1992 (共 2 處),
"目前是自動(待機幀本體大小),改任何數字就會變成手動設定","目前是自動(待機幀本體大小),改任何數字就會變成手動設定",Currently auto (the idle frame's own size); changing any number switches it to a manual setting,scripts/ui/pack_editor/pack_editor_window.gd:1992,
光源(發光效果),光源(發光效果),Lights (glow effects),scripts/ui/pack_editor/pack_editor_window.gd:2021,
"角色身上的發光光暈(沒有陰影,不需要任何圖檔)。每盞光有一個錨點(相對腳底線中心的位置,縮放前像素)、半徑、亮度、顏色,可以指定只在某個動作播放時亮。上面「模式」選「調整光源錨點」後可以直接在畫布上拖曳圓點(或用方向鍵)。全局設定可以整個關掉光源(和效能有關)。最多 %d 盞。","角色身上的發光光暈(沒有陰影,不需要任何圖檔)。每盞光有一個錨點(相對腳底線中心的位置,縮放前像素)、半徑、亮度、顏色,可以指定只在某個動作播放時亮。上面「模式」選「調整光源錨點」後可以直接在畫布上拖曳圓點(或用方向鍵)。全局設定可以整個關掉光源(和效能有關)。最多 %d 盞。","A glow halo on the character (no shadows, no image files needed). Each light has an anchor (position relative to the center of the feet line, pre-scale pixels), radius, brightness and color, and can be set to light up only while a certain action plays. After choosing “Adjust light anchor” under “Mode” above, you can drag the dot directly on the canvas (or use the arrow keys). Global Settings can turn off lights entirely (relevant to performance). Up to %d lights.",scripts/ui/pack_editor/pack_editor_window.gd:2021,
光源名稱,光源名稱,Light name,scripts/ui/pack_editor/pack_editor_window.gd:2034,
"第 0 幀(或還沒解鎖的幀)的位置/半徑/亮度/顏色/是否亮著都跟著這盞光的預設值走。勾選這裡才能單獨改目前這一幀,不影響其他幀;取消勾選會清掉這一幀的所有覆蓋,退回預設值(即使預設值是熄燈,解鎖後這一幀還是可以單獨打開)。","第 0 幀(或還沒解鎖的幀)的位置/半徑/亮度/顏色/是否亮著都跟著這盞光的預設值走。勾選這裡才能單獨改目前這一幀,不影響其他幀;取消勾選會清掉這一幀的所有覆蓋,退回預設值(即使預設值是熄燈,解鎖後這一幀還是可以單獨打開)。","Frame 0 (or any frame not yet unlocked) follows this light's default position/radius/brightness/color/on-or-off. Check this to edit just the current frame without affecting others; unchecking it clears all overrides for this frame, reverting to the default (even if the default is off, this frame can still be turned on individually once unlocked).",scripts/ui/pack_editor/pack_editor_window.gd:2048,
錨點 X(右為正),錨點 X(右為正),Anchor X (right is positive),scripts/ui/pack_editor/pack_editor_window.gd:2051 (共 2 處),
錨點 Y(下為正),錨點 Y(下為正),Anchor Y (down is positive),scripts/ui/pack_editor/pack_editor_window.gd:2052 (共 2 處),
半徑,半徑,Radius,scripts/ui/pack_editor/pack_editor_window.gd:2055,
亮度,亮度,Brightness,scripts/ui/pack_editor/pack_editor_window.gd:2058,
顏色,顏色,Color,scripts/ui/pack_editor/pack_editor_window.gd:2063,
疊在角色後面,疊在角色後面,Layer Behind the Character,scripts/ui/pack_editor/pack_editor_window.gd:2065,
"預設光暈疊在角色前面(蓋住身體);勾選這裡改成疊在角色與配件的「後面」圖層之後(像從角色身後透出來的光)。整盞光的設定,不分幀。","預設光暈疊在角色前面(蓋住身體);勾選這裡改成疊在角色與配件的「後面」圖層之後(像從角色身後透出來的光)。整盞光的設定,不分幀。","By default the glow layers in front of the character (covering the body); check this to layer it behind the character and its accessories instead (like light shining through from behind). This applies to the whole light, not per-frame.",scripts/ui/pack_editor/pack_editor_window.gd:2066,
只在這個動作亮,只在這個動作亮,Lit only during this action,scripts/ui/pack_editor/pack_editor_window.gd:2071,
啟用這盞光,啟用這盞光,Enable this light,scripts/ui/pack_editor/pack_editor_window.gd:2073,
"整盞光的總開關;關掉之後,不管套用範圍或分幀設定都不會亮。要「這個動作大部分時間亮、只有某幾幀暗掉」,總開關留著開,改用上面「套用範圍」選這一幀,把下面的「亮著」關掉。","整盞光的總開關;關掉之後,不管套用範圍或分幀設定都不會亮。要「這個動作大部分時間亮、只有某幾幀暗掉」,總開關留著開,改用上面「套用範圍」選這一幀,把下面的「亮著」關掉。","The master switch for the whole light; when off, it never lights up regardless of scope or per-frame settings. For ""lit most of the time during this action, dark on just a few frames"", leave the master switch on and instead select this frame in ""Scope"" above and turn off ""Lit"" below.",scripts/ui/pack_editor/pack_editor_window.gd:2074,
亮著(在目前套用範圍那一層),亮著(在目前套用範圍那一層),Lit (at the currently selected scope),scripts/ui/pack_editor/pack_editor_window.gd:2078,
"在上面「套用範圍」選的那一層,這盞光要不要亮。用來做「指定幀熄燈」:套用範圍選這一幀,關掉這裡。","在上面「套用範圍」選的那一層,這盞光要不要亮。用來做「指定幀熄燈」:套用範圍選這一幀,關掉這裡。","Whether this light is lit at the scope selected in ""Scope"" above. Used for ""turn the light off on a specific frame"": select this frame in scope, then turn this off.",scripts/ui/pack_editor/pack_editor_window.gd:2079,
選取的圖層設定,選取的圖層設定,Selected layer settings,scripts/ui/pack_editor/pack_editor_window.gd:2088,
選取的圖層(配件)的全部設定:一到多張圖(多張會循環)、錨點(相對腳底軸心、縮放前像素)、圖層、縮放、在哪些動作顯示。種類「配件」會出現在桌寵右鍵選單的「變更配件」(可以個別開關);「眨眼」「說話」是差分:眨眼隨機短暫出現、說話在打字機說話時顯示。上面「模式」選「調整配件位置」可以直接在畫布上拖曳錨點。存檔會寫進素材包的 overlays.json。最多 %d 個。,選取的圖層(配件)的全部設定:一到多張圖(多張會循環)、錨點(相對腳底軸心、縮放前像素)、圖層、縮放、在哪些動作顯示。種類「配件」會出現在桌寵右鍵選單的「變更配件」(可以個別開關);「眨眼」「說話」是差分:眨眼隨機短暫出現、說話在打字機說話時顯示。上面「模式」選「調整配件位置」可以直接在畫布上拖曳錨點。存檔會寫進素材包的 overlays.json。最多 %d 個。,"All settings of the selected layer (accessory): one or more images (multiple loop), anchor (relative to the feet pivot, pre-scale pixels), layer, scale, and which actions it is shown in. The “Accessory” type appears in the pet's right-click menu under “Change accessories” (each can be toggled individually); “Blink” and “Speech” are variants: blink appears briefly at random, speech is shown while the typewriter speaks. After choosing “Adjust accessory position” under “Mode” above, you can drag the anchor directly on the canvas. Saving writes to the asset pack's overlays.json. Up to %d.",scripts/ui/pack_editor/pack_editor_window.gd:2088,
＋ 新增配件…,＋ 新增配件…,+ Add Accessory…,scripts/ui/pack_editor/pack_editor_window.gd:2098,
"選一張或多張圖片(多張會循環播放)做成一個新配件,放在角色頭部上方。","選一張或多張圖片(多張會循環播放)做成一個新配件,放在角色頭部上方。","Pick one or more images (multiple images loop) to make a new accessory, placed above the character's head.",scripts/ui/pack_editor/pack_editor_window.gd:2099,
選擇配件圖片(可多選),選擇配件圖片(可多選),Choose accessory images (multi-select),scripts/ui/pack_editor/pack_editor_window.gd:2101,
配件名稱(右鍵選單「變更配件」顯示的名字),配件名稱(右鍵選單「變更配件」顯示的名字),Accessory name (the name shown under “Change accessories” in the right-click menu),scripts/ui/pack_editor/pack_editor_window.gd:2109,
"配件(一直顯示,可在右鍵選單開關)","配件(一直顯示,可在右鍵選單開關)",Accessory (always shown; can be toggled in the right-click menu),scripts/ui/pack_editor/pack_editor_window.gd:2114,
眨眼(隨機短暫出現),眨眼(隨機短暫出現),Blink (appears briefly at random),scripts/ui/pack_editor/pack_editor_window.gd:2114,
說話(說話時顯示),說話(說話時顯示),Speech (shown while speaking),scripts/ui/pack_editor/pack_editor_window.gd:2114,
種類,種類,Type,scripts/ui/pack_editor/pack_editor_window.gd:2117,
本體上面,本體上面,Above body,scripts/ui/pack_editor/pack_editor_window.gd:2119 (共 2 處),
本體後面,本體後面,Behind body,scripts/ui/pack_editor/pack_editor_window.gd:2119 (共 2 處),
最上層,最上層,Topmost,scripts/ui/pack_editor/pack_editor_window.gd:2119 (共 2 處),
光源之上,光源之上,Above Lights,scripts/ui/pack_editor/pack_editor_window.gd:2119 (共 2 處),
整個配件(預設位置),整個配件(預設位置),Whole accessory (default position),scripts/ui/pack_editor/pack_editor_window.gd:2128,
只有目前這個動作,只有目前這個動作,Only the current action,scripts/ui/pack_editor/pack_editor_window.gd:2128,
只有目前這一幀(跟著動畫每一幀),只有目前這一幀(跟著動畫每一幀),Only the current frame (follows each frame of the animation),scripts/ui/pack_editor/pack_editor_window.gd:2128,
"拖曳畫布或改下面座標時,寫進哪一層:整個配件共用一個位置;或只改目前這個動作(例如舉手動作時帽子要換位置);或只改目前這一幀(動畫每一幀配件位置不同)。執行時優先順序:這一幀 > 這個動作 > 整個配件。","拖曳畫布或改下面座標時,寫進哪一層:整個配件共用一個位置;或只改目前這個動作(例如舉手動作時帽子要換位置);或只改目前這一幀(動畫每一幀配件位置不同)。執行時優先順序:這一幀 > 這個動作 > 整個配件。",Which level to write to when you drag on the canvas or change the coordinates below: the whole accessory shares one position; or change only the current action (e.g. the hat needs to move during a hand-raising action); or change only the current frame (the accessory's position differs on each frame of the animation). Priority at runtime: this frame > this action > the whole accessory.,scripts/ui/pack_editor/pack_editor_window.gd:2130,
位置套用範圍,位置套用範圍,Where the position applies,scripts/ui/pack_editor/pack_editor_window.gd:2132,
清除這一層的位置,清除這一層的位置,Clear this level's position,scripts/ui/pack_editor/pack_editor_window.gd:2137,
"把上面選的範圍(動作層或幀層)的設定拿掉,回到比較上層的位置。","把上面選的範圍(動作層或幀層)的設定拿掉,回到比較上層的位置。","Removes the settings of the range selected above (action level or frame level), going back to a higher-level position.",scripts/ui/pack_editor/pack_editor_window.gd:2138,
圖片中心,圖片中心,Image center,scripts/ui/pack_editor/pack_editor_window.gd:2144,
左上角,左上角,Top-left corner,scripts/ui/pack_editor/pack_editor_window.gd:2144,
底邊中心,底邊中心,Bottom edge center,scripts/ui/pack_editor/pack_editor_window.gd:2144,
上邊中心,上邊中心,Top edge center,scripts/ui/pack_editor/pack_editor_window.gd:2144,
圖上放在錨點的那一點,圖上放在錨點的那一點,The point on the image placed at the anchor,scripts/ui/pack_editor/pack_editor_window.gd:2147,
"* = 所有動作;或動作名稱用逗號分隔,例如 idle, walk","* = 所有動作;或動作名稱用逗號分隔,例如 idle, walk","* = all actions; or action names separated by commas, e.g. idle, walk",scripts/ui/pack_editor/pack_editor_window.gd:2151,
在這些動作顯示,在這些動作顯示,Shown during these actions,scripts/ui/pack_editor/pack_editor_window.gd:2153,
多張圖的播放速度(fps),多張圖的播放速度(fps),Playback speed for multiple images (fps),scripts/ui/pack_editor/pack_editor_window.gd:2156,
循環播放(取消 = 播到最後一張停住),循環播放(取消 = 播到最後一張停住),Loop (unchecked = stops at the last image),scripts/ui/pack_editor/pack_editor_window.gd:2158,
加入圖片…,加入圖片…,Add Images…,scripts/ui/pack_editor/pack_editor_window.gd:2165,
選擇要加進這個配件的圖片,選擇要加進這個配件的圖片,Choose images to add to this accessory,scripts/ui/pack_editor/pack_editor_window.gd:2167,
只留第一張,只留第一張,Keep only the first,scripts/ui/pack_editor/pack_editor_window.gd:2170,
配件,配件,Accessory,scripts/ui/pack_editor/pack_editor_window.gd:2208 (共 2 處),
眨眼,眨眼,Blink,scripts/ui/pack_editor/pack_editor_window.gd:2208 (共 2 處),
說話,說話,Speech,scripts/ui/pack_editor/pack_editor_window.gd:2208 (共 2 處),
圖片 %d 張,圖片 %d 張,%d images,scripts/ui/pack_editor/pack_editor_window.gd:2233,
已清除這一層的位置,已清除這一層的位置,Cleared this level's position,scripts/ui/pack_editor/pack_editor_window.gd:2308,
「%s」在動作「%s」目前套用:%s,「%s」在動作「%s」目前套用:%s,“%s” currently applies in action “%s”: %s,scripts/ui/pack_editor/pack_editor_window.gd:2329,
整個配件的預設位置,整個配件的預設位置,The whole accessory's default position,scripts/ui/pack_editor/pack_editor_window.gd:2329,
這個動作的位置,這個動作的位置,This action's position,scripts/ui/pack_editor/pack_editor_window.gd:2329,
每一幀各自的位置,每一幀各自的位置,Each frame's own position,scripts/ui/pack_editor/pack_editor_window.gd:2329,
配件太多了,配件太多了,Too many accessories,scripts/ui/pack_editor/pack_editor_window.gd:2341,
無法匯入這些圖片,無法匯入這些圖片,Unable to import these images,scripts/ui/pack_editor/pack_editor_window.gd:2346 (共 2 處),
已新增配件「%s」(拖曳畫布或改右邊的錨點調整位置),已新增配件「%s」(拖曳畫布或改右邊的錨點調整位置),Added accessory “%s” (drag on the canvas or change the anchor on the right to adjust its position),scripts/ui/pack_editor/pack_editor_window.gd:2359,
還沒有選配件,還沒有選配件,No accessory selected yet,scripts/ui/pack_editor/pack_editor_window.gd:2366,
已刪除配件,已刪除配件,Accessory deleted,scripts/ui/pack_editor/pack_editor_window.gd:2385,
"清單由上到下 = 畫面由前到後:最上面的蓋在最上面,中間那一列「本體」是動作的幀,「本體後面」的圖層在它下面。用 ▲ ▼ 調順序(跨過本體就會在「本體上面 / 後面」之間切換);眼睛只影響這個編輯器的預覽(方便看被蓋住的東西),不會存檔;「遊戲中顯示」取消 = 這個圖層暫時停用(存檔後遊戲裡不會出現)。圖層就是配件(部件),最多 %d 個;眨眼、說話差分只畫有變動的那一小塊也用這裡管理。","清單由上到下 = 畫面由前到後:最上面的蓋在最上面,中間那一列「本體」是動作的幀,「本體後面」的圖層在它下面。用 ▲ ▼ 調順序(跨過本體就會在「本體上面 / 後面」之間切換);眼睛只影響這個編輯器的預覽(方便看被蓋住的東西),不會存檔;「遊戲中顯示」取消 = 這個圖層暫時停用(存檔後遊戲裡不會出現)。圖層就是配件(部件),最多 %d 個;眨眼、說話差分只畫有變動的那一小塊也用這裡管理。","The list from top to bottom = screen from front to back: the topmost covers everything, the “Body” row in the middle is the action's frame, and “Behind body” layers are beneath it. Use ▲ ▼ to reorder (crossing the body switches between “Above body / Behind body”); the eye only affects this editor's preview (handy for seeing covered things) and isn't saved; unchecking “Show in game” = this layer is temporarily disabled (it won't appear in the game after saving). A layer is an accessory (part), up to %d; blink and speech variants that only draw the small changed area are also managed here.",scripts/ui/pack_editor/pack_editor_window.gd:2406,
▲ 上移,▲ 上移,▲ Move up,scripts/ui/pack_editor/pack_editor_window.gd:2412,
▼ 下移,▼ 下移,▼ Move down,scripts/ui/pack_editor/pack_editor_window.gd:2414,
🚫 預覽隱藏,🚫 預覽隱藏,🚫 Hide in preview,scripts/ui/pack_editor/pack_editor_window.gd:2416 (共 2 處),
在這個編輯器的預覽裡隱藏 / 顯示選取的圖層(不存檔)。,在這個編輯器的預覽裡隱藏 / 顯示選取的圖層(不存檔)。,Hide / show the selected layer in this editor's preview (not saved).,scripts/ui/pack_editor/pack_editor_window.gd:2417,
＋ 新增圖層…,＋ 新增圖層…,+ Add Layer…,scripts/ui/pack_editor/pack_editor_window.gd:2423,
"選一張或多張圖片做成一個新圖層(配件),放在本體上面;再用畫布或「配件」頁籤調位置。","選一張或多張圖片做成一個新圖層(配件),放在本體上面;再用畫布或「配件」頁籤調位置。","Pick one or more images to make a new layer (accessory), placed above the body; then adjust its position with the canvas or the “Accessory” tab.",scripts/ui/pack_editor/pack_editor_window.gd:2424,
選擇圖層圖片(可多選),選擇圖層圖片(可多選),Choose layer images (multi-select),scripts/ui/pack_editor/pack_editor_window.gd:2426,
刪除這個圖層,刪除這個圖層,Delete This Layer,scripts/ui/pack_editor/pack_editor_window.gd:2429,
在遊戲裡顯示這個圖層(取消 = 暫時停用),在遊戲裡顯示這個圖層(取消 = 暫時停用),Show this layer in the game (unchecked = temporarily disabled),scripts/ui/pack_editor/pack_editor_window.gd:2434,
本體(動作的幀),本體(動作的幀),Body (current action's frame),scripts/ui/pack_editor/pack_editor_window.gd:2455,
[預覽隱藏],[預覽隱藏],[Hidden in preview],scripts/ui/pack_editor/pack_editor_window.gd:2462,
[遊戲停用],[遊戲停用],[Disabled in game],scripts/ui/pack_editor/pack_editor_window.gd:2464,
👁 預覽顯示,👁 預覽顯示,👁 Show in preview,scripts/ui/pack_editor/pack_editor_window.gd:2485,
"本體是動作的幀(在「動作」「幀」清單選),不能移動或停用。","本體是動作的幀(在「動作」「幀」清單選),不能移動或停用。",The body is the action's frame (chosen in the “Action” and “Frame” lists) and can't be moved or disabled.,scripts/ui/pack_editor/pack_editor_window.gd:2488,
已調整圖層順序,已調整圖層順序,Layer order adjusted,scripts/ui/pack_editor/pack_editor_window.gd:2522,
持有錨點(手拿道具的位置),持有錨點(手拿道具的位置),Hold anchor (where the hand holds a prop),scripts/ui/pack_editor/pack_editor_window.gd:2551,
"桌寵拿著可持有的道具時,道具畫在這個位置(跟著縮放、鏡像、爬牆旋轉)。座標和光源錨點一樣:相對腳底線中心、縮放前像素、右與下為正。不勾自訂就用自動位置(判定框前側、胸口高度)。","桌寵拿著可持有的道具時,道具畫在這個位置(跟著縮放、鏡像、爬牆旋轉)。座標和光源錨點一樣:相對腳底線中心、縮放前像素、右與下為正。不勾自訂就用自動位置(判定框前側、胸口高度)。","When the pet holds a holdable prop, the prop is drawn at this position (following scale, mirroring and wall-climbing rotation). Coordinates are the same as light anchors: relative to the center of the feet line, pre-scale pixels, right and down are positive. If custom isn't checked, an automatic position is used (front of the hitbox, chest height).",scripts/ui/pack_editor/pack_editor_window.gd:2551,
自訂持有錨點,自訂持有錨點,Custom hold anchor,scripts/ui/pack_editor/pack_editor_window.gd:2553,
持有錨點 X(右為正),持有錨點 X(右為正),Hold anchor X (right is positive),scripts/ui/pack_editor/pack_editor_window.gd:2560,
持有錨點 Y(下為正),持有錨點 Y(下為正),Hold anchor Y (down is positive),scripts/ui/pack_editor/pack_editor_window.gd:2561,
(停用),(停用),(disabled),scripts/ui/pack_editor/pack_editor_window.gd:2606,
(一直亮),(一直亮),(always lit),scripts/ui/pack_editor/pack_editor_window.gd:2610,
已新增光源,已新增光源,Light added,scripts/ui/pack_editor/pack_editor_window.gd:2671,
已刪除光源,已刪除光源,Light deleted,scripts/ui/pack_editor/pack_editor_window.gd:2682,
已清除這一幀的設定,已清除這一幀的設定,This frame's settings have been cleared,scripts/ui/pack_editor/pack_editor_window.gd:2793,
"「%s」顯示預設值(整個光源共用,除非之後選到的幀有單獨調整)。","「%s」顯示預設值(整個光源共用,除非之後選到的幀有單獨調整)。","""%s"" is showing the default value (shared by the whole light, unless a frame you select later has its own adjustment).",scripts/ui/pack_editor/pack_editor_window.gd:2849,
「%s」目前顯示動作「%s」第 %d 幀:%s,「%s」目前顯示動作「%s」第 %d 幀:%s,"""%s"" is currently showing action ""%s"" frame %d: %s",scripts/ui/pack_editor/pack_editor_window.gd:2851,
這一幀單獨調整過,這一幀單獨調整過,This frame has its own adjustment,scripts/ui/pack_editor/pack_editor_window.gd:2852,
跟著預設值,跟著預設值,Following the default value,scripts/ui/pack_editor/pack_editor_window.gd:2852,
沒有套用:%s,沒有套用:%s,Not applied: %s,scripts/ui/pack_editor/pack_editor_window.gd:2909,
%s(%d 幀;可以撤回),%s(%d 幀;可以撤回),%s (%d frames; can be undone),scripts/ui/pack_editor/pack_editor_window.gd:2911,
"還沒有裁切範圍:在「裁切圖片」模式的畫布上拖曳,或填數字","還沒有裁切範圍:在「裁切圖片」模式的畫布上拖曳,或填數字","No crop range yet: drag on the canvas in “Crop image” mode, or enter numbers",scripts/ui/pack_editor/pack_editor_window.gd:2918,
已裁切成 %d×%d,已裁切成 %d×%d,Cropped to %d×%d,scripts/ui/pack_editor/pack_editor_window.gd:2920,
選取的幀本來就沒有圖片處理,選取的幀本來就沒有圖片處理,The selected frames have no image processing to begin with,scripts/ui/pack_editor/pack_editor_window.gd:2930,
已還原 %d 幀的圖片處理(手動軸心一併回到自動),已還原 %d 幀的圖片處理(手動軸心一併回到自動),Restored image processing on %d frames (manual pivots also went back to auto),scripts/ui/pack_editor/pack_editor_window.gd:2932,
已複製 %d 幀(可以切到別的動作再貼上),已複製 %d 幀(可以切到別的動作再貼上),Copied %d frames (you can switch to another action and paste),scripts/ui/pack_editor/pack_editor_window.gd:3019,
沒有可複製的幀,沒有可複製的幀,No frames to copy,scripts/ui/pack_editor/pack_editor_window.gd:3019,
剪貼簿是空的:先選幀按「複製」,剪貼簿是空的:先選幀按「複製」,The clipboard is empty: select frames and press “Copy” first,scripts/ui/pack_editor/pack_editor_window.gd:3033,
先選一個動作(或動作槽)再貼上,先選一個動作(或動作槽)再貼上,Select an action (or action slot) before pasting,scripts/ui/pack_editor/pack_editor_window.gd:3033,
已貼上 %d 幀到「%s」,已貼上 %d 幀到「%s」,Pasted %d frames into “%s”,scripts/ui/pack_editor/pack_editor_window.gd:3040,
已複製一份(%d 幀),已複製一份(%d 幀),Duplicated (%d frames),scripts/ui/pack_editor/pack_editor_window.gd:3049,
已刪除 %d 幀,已刪除 %d 幀,Deleted %d frames,scripts/ui/pack_editor/pack_editor_window.gd:3066,
"「%s」這個動作已經清空,不再出現在動作清單裡。","「%s」這個動作已經清空,不再出現在動作清單裡。","The action ""%s"" has been cleared and no longer appears in the action list.",scripts/ui/pack_editor/pack_editor_window.gd:3070,
"「%s」的幀清單設定清空了,但畫面顯示的還是磁碟上原本的圖檔(共 %d 張),沒有真的不見;想整個清掉這個動作的檔案,用「清理未使用檔案…」裡的「清除動作檔案」。","「%s」的幀清單設定清空了,但畫面顯示的還是磁碟上原本的圖檔(共 %d 張),沒有真的不見;想整個清掉這個動作的檔案,用「清理未使用檔案…」裡的「清除動作檔案」。","""%s""'s frame list settings have been cleared, but the images still shown are the original files on disk (%d in total) — they haven't actually been removed; to clear this action's files entirely, use ""Clear Action Files"" inside ""Clean Up Unused Files…"".",scripts/ui/pack_editor/pack_editor_window.gd:3072,
已移動,已移動,Moved,scripts/ui/pack_editor/pack_editor_window.gd:3081,
"播放順序:%s,之後 %s 一直循環。","播放順序:%s,之後 %s 一直循環。","Playback order: %s, then %s loops continuously.",scripts/ui/pack_editor/pack_editor_window.gd:3115,
"播到第 %d 幀就停住,直到這個動作被切換。","播到第 %d 幀就停住,直到這個動作被切換。",Plays up to frame %d and holds until this action is switched.,scripts/ui/pack_editor/pack_editor_window.gd:3117,
整段重複播 %d 次(含第一次)後停在最後一幀。,整段重複播 %d 次(含第一次)後停在最後一幀。,Repeats the whole clip %d times (including the first) then stops on the last frame.,scripts/ui/pack_editor/pack_editor_window.gd:3120,
"只播一次,不循環(播完停在最後一幀)。","只播一次,不循環(播完停在最後一幀)。","Plays once, no loop (stops on the last frame when done).",scripts/ui/pack_editor/pack_editor_window.gd:3120,
這個素材包沒有使用精靈圖(用「匯入精靈圖…」切出來的動作才有),這個素材包沒有使用精靈圖(用「匯入精靈圖…」切出來的動作才有),This asset pack doesn't use a sprite sheet (only actions cut with “Import Sprite Sheet…” have one),scripts/ui/pack_editor/pack_editor_window.gd:3160,
選擇新的精靈圖(尺寸要和原本的一樣),選擇新的精靈圖(尺寸要和原本的一樣),Choose the new sprite sheet (must be the same size as the original),scripts/ui/pack_editor/pack_editor_window.gd:3162,
要換哪一張精靈圖?,要換哪一張精靈圖?,Which sprite sheet do you want to replace?,scripts/ui/pack_editor/pack_editor_window.gd:3177,
換這一張,換這一張,Replace This One,scripts/ui/pack_editor/pack_editor_window.gd:3182,
換精靈圖失敗:%s,換精靈圖失敗:%s,Replacing the sprite sheet failed: %s,scripts/ui/pack_editor/pack_editor_window.gd:3195,
已把「%s」換成新的圖(切片、軸心、偏移、動作、速度都沒變;可以用撤回還原),已把「%s」換成新的圖(切片、軸心、偏移、動作、速度都沒變;可以用撤回還原),"Replaced “%s” with the new image (slices, pivots, offsets, actions and speeds are all unchanged; can be undone)",scripts/ui/pack_editor/pack_editor_window.gd:3199,
另存為新素材包,另存為新素材包,Save as New Asset Pack,scripts/ui/pack_editor/pack_editor_window.gd:3205,
"把目前的素材包(含還沒存檔的編輯)複製到專案 sprite 資料夾裡的一個新資料夾,之後編輯的就是新的那份。
幫新角色取個名字:","把目前的素材包(含還沒存檔的編輯)複製到專案 sprite 資料夾裡的一個新資料夾,之後編輯的就是新的那份。
幫新角色取個名字:","Copies the current asset pack (including edits not yet saved) into a new folder in the project's sprite folder, and from then on you edit the new copy.
Give the new character a name:",scripts/ui/pack_editor/pack_editor_window.gd:3205,
另存,另存,Save As,scripts/ui/pack_editor/pack_editor_window.gd:3205,
另存失敗:%s,另存失敗:%s,Save As failed: %s,scripts/ui/pack_editor/pack_editor_window.gd:3208 (共 2 處),
選擇要放獨立圖檔的資料夾,選擇要放獨立圖檔的資料夾,Choose the folder for the standalone images,scripts/ui/pack_editor/pack_editor_window.gd:3218,
已匯出 %d 張獨立圖檔(和 frames.json)到:%s,已匯出 %d 張獨立圖檔(和 frames.json)到:%s,Exported %d standalone images (and frames.json) to: %s,scripts/ui/pack_editor/pack_editor_window.gd:3228,
沒有未使用的檔案。,沒有未使用的檔案。,No unused files.,scripts/ui/pack_editor/pack_editor_window.gd:3236 (共 2 處),
清理未使用檔案,清理未使用檔案,Clean Up Unused Files,scripts/ui/pack_editor/pack_editor_window.gd:3239,
沒有匯入時複製進來、卻已經沒人用的檔案。,沒有匯入時複製進來、卻已經沒人用的檔案。,No files were copied in on import that are now unused.,scripts/ui/pack_editor/pack_editor_window.gd:3245,
"有 %d 個檔案已經沒有任何動作或配件在用:

%s

要搬到備份資料夾嗎?(不會直接刪除)","有 %d 個檔案已經沒有任何動作或配件在用:

%s

要搬到備份資料夾嗎?(不會直接刪除)","%d files are no longer used by any action or accessory:

%s

Move them to the backup folder? (They won't be deleted directly)",scripts/ui/pack_editor/pack_editor_window.gd:3248,
清除某個動作的檔案,清除某個動作的檔案,Clear an Action's Files,scripts/ui/pack_editor/pack_editor_window.gd:3262,
"這些動作至少有一個檔案是自己獨有(沒有被別的動作或配件共用)。整個清掉的話,這個動作就不會再出現在動作清單;它獨有的圖檔搬到備份資料夾(不會直接刪除),被共用的圖檔不會動。","這些動作至少有一個檔案是自己獨有(沒有被別的動作或配件共用)。整個清掉的話,這個動作就不會再出現在動作清單;它獨有的圖檔搬到備份資料夾(不會直接刪除),被共用的圖檔不會動。","These actions each have at least one file that's exclusively their own (not shared with any other action or accessory). Clearing one entirely removes it from the action list; its exclusive image files move to the backup folder (not deleted directly), and any shared files are left untouched.",scripts/ui/pack_editor/pack_editor_window.gd:3262,
清除這個動作的檔案…,清除這個動作的檔案…,Clear This Action's Files…,scripts/ui/pack_editor/pack_editor_window.gd:3268,
清除動作的檔案,清除動作的檔案,Clear the Action's Files,scripts/ui/pack_editor/pack_editor_window.gd:3281,
清除並搬到備份,清除並搬到備份,Clear and Move to Backup,scripts/ui/pack_editor/pack_editor_window.gd:3282,
"要整個清掉「%s」嗎?這個動作就不會再出現在動作清單。它獨有的 %d 個檔案會搬到備份資料夾(不會直接刪除;被別的動作共用的圖檔不會動):

%s","要整個清掉「%s」嗎?這個動作就不會再出現在動作清單。它獨有的 %d 個檔案會搬到備份資料夾(不會直接刪除;被別的動作共用的圖檔不會動):

%s","Clear ""%s"" entirely? It will no longer appear in the action list. Its %d exclusive files will be moved to the backup folder (not deleted directly; files shared with other actions are left untouched):

%s",scripts/ui/pack_editor/pack_editor_window.gd:3286,
清除失敗:%s,清除失敗:%s,Clear failed: %s,scripts/ui/pack_editor/pack_editor_window.gd:3290,
"已清除「%s」,搬走 %d 個檔案到:%s","已清除「%s」,搬走 %d 個檔案到:%s","Cleared ""%s"", moved %d files to: %s",scripts/ui/pack_editor/pack_editor_window.gd:3292,
清理失敗:%s,清理失敗:%s,Cleanup failed: %s,scripts/ui/pack_editor/pack_editor_window.gd:3302,
已把 %d 個未使用的檔案搬到備份:%s,已把 %d 個未使用的檔案搬到備份:%s,Moved %d unused files to backup: %s,scripts/ui/pack_editor/pack_editor_window.gd:3304,
已另存到:%s。現在編輯的是這個新素材包;接著可以用「換精靈圖…」換成新角色的圖。,已另存到:%s。現在編輯的是這個新素材包;接著可以用「換精靈圖…」換成新角色的圖。,Saved as: %s. You are now editing this new asset pack; next you can use “Replace Sprite Sheet…” to swap in the new character's images.,scripts/ui/pack_editor/pack_editor_window.gd:3316,
已撤回,已撤回,Undone,scripts/ui/pack_editor/pack_editor_window.gd:3322,
已重做,已重做,Redone,scripts/ui/pack_editor/pack_editor_window.gd:3327,
(回到已存檔的內容),(回到已存檔的內容),(back to the saved content),scripts/ui/pack_editor/pack_editor_window.gd:3334,
 — 道具:%s, — 道具:%s, — Prop: %s,scripts/ui/pack_editor/pack_editor_window.gd:3352,
 — 家具:%s, — 家具:%s, — Furniture: %s,scripts/ui/pack_editor/pack_editor_window.gd:3352,
精靈圖編輯器%s%s,精靈圖編輯器%s%s,Sprite Editor%s%s,scripts/ui/pack_editor/pack_editor_window.gd:3353,
已存檔:%s(舊檔備份為 pack.json.bak)。桌面上用這個素材包的桌寵會馬上換上新圖。,已存檔:%s(舊檔備份為 pack.json.bak)。桌面上用這個素材包的桌寵會馬上換上新圖。,Saved: %s (old file backed up as pack.json.bak). Pets on the desktop using this asset pack will switch to the new images immediately.,scripts/ui/pack_editor/pack_editor_window.gd:3361,
存檔失敗:%s,存檔失敗:%s,Save failed: %s,scripts/ui/pack_editor/pack_editor_window.gd:3361,
■ 停止預覽,■ 停止預覽,■ Stop Preview,scripts/ui/pack_editor/pack_editor_window.gd:3368,
拖曳畫出要保留的範圍,拖曳畫出要保留的範圍,Drag to draw the range to keep,scripts/ui/pack_editor/pack_frame_canvas.gd:335,
匯入圖片,匯入圖片,Import Images,scripts/ui/pack_editor/pack_import_dialog.gd:37,
"要匯入 %d 張圖片:%s%s
每張圖是這個動作的一幀(只選一張圖 = 單幀動作)。","要匯入 %d 張圖片:%s%s
每張圖是這個動作的一幀(只選一張圖 = 單幀動作)。","About to import %d images: %s%s
Each image is one frame of this action (selecting only one image = a single-frame action).",scripts/ui/pack_editor/pack_import_dialog.gd:38,
"精靈圖:%s(%d × %d)
設好格線,下方預覽會標出每個切片;切片只是引用精靈圖的區域,不會另外產生圖檔。","精靈圖:%s(%d × %d)
設好格線,下方預覽會標出每個切片;切片只是引用精靈圖的區域,不會另外產生圖檔。","Sprite sheet: %s (%d × %d)
Set the grid and the preview below marks each slice; slices only reference regions of the sprite sheet and don't produce separate image files.",scripts/ui/pack_editor/pack_import_dialog.gd:48,
"動作名稱,例如 walk、idle、sit","動作名稱,例如 walk、idle、sit","Action name, e.g. walk, idle, sit",scripts/ui/pack_editor/pack_import_dialog.gd:63,
這個動作已存在:,這個動作已存在:,This action already exists:,scripts/ui/pack_editor/pack_import_dialog.gd:69,
新增(接在原有的幀後面),新增(接在原有的幀後面),Add (after the existing frames),scripts/ui/pack_editor/pack_import_dialog.gd:71,
覆蓋(取代原有的幀),覆蓋(取代原有的幀),Overwrite (replace the existing frames),scripts/ui/pack_editor/pack_import_dialog.gd:72,
"覆蓋不會刪掉舊的圖片檔,只是這個動作改用新的幀;覆蓋後這個動作原有的軸心/圖片偏移設定會清掉。可以用撤回還原。","覆蓋不會刪掉舊的圖片檔,只是這個動作改用新的幀;覆蓋後這個動作原有的軸心/圖片偏移設定會清掉。可以用撤回還原。","Overwriting won't delete the old image files; this action just switches to the new frames; after overwriting, the pivot/image offset settings this action had are cleared. Can be undone.",scripts/ui/pack_editor/pack_import_dialog.gd:73,
用欄數與列數切,用欄數與列數切,Slice by columns and rows,scripts/ui/pack_editor/pack_import_dialog.gd:88,
用每格大小切,用每格大小切,Slice by cell size,scripts/ui/pack_editor/pack_import_dialog.gd:89,
格線方式,格線方式,Grid method,scripts/ui/pack_editor/pack_import_dialog.gd:91,
欄數,欄數,Columns,scripts/ui/pack_editor/pack_import_dialog.gd:98,
列數,列數,Rows,scripts/ui/pack_editor/pack_import_dialog.gd:99,
每格寬,每格寬,Cell width,scripts/ui/pack_editor/pack_import_dialog.gd:100,
每格高,每格高,Cell height,scripts/ui/pack_editor/pack_import_dialog.gd:101,
外圍邊距,外圍邊距,Outer margin,scripts/ui/pack_editor/pack_import_dialog.gd:102,
格與格間距,格與格間距,Spacing between cells,scripts/ui/pack_editor/pack_import_dialog.gd:103,
略過全透明的格子(尾端沒畫的空格),略過全透明的格子(尾端沒畫的空格),Skip fully transparent cells (empty cells at the end),scripts/ui/pack_editor/pack_import_dialog.gd:105,
會切出 %d 個切片,會切出 %d 個切片,Will cut %d slices,scripts/ui/pack_editor/pack_import_dialog.gd:146,
目前狀態,目前狀態,Current state,scripts/ui/status_panel.gd:135,
正常,正常,Normal,scripts/ui/status_panel.gd:135,
沒有可顯示的狀態,沒有可顯示的狀態,No state to show,scripts/ui/status_panel.gd:137,
精力,精力,Energy,scripts/ui/status_panel.gd:174 (共 2 處),
不會累,不會累,Never tires,scripts/ui/status_panel.gd:174,
活動中,活動中,Active,scripts/ui/status_panel.gd:176 (共 2 處),
站著休息,站著休息,Resting standing,scripts/ui/status_panel.gd:176 (共 2 處),
坐著休息,坐著休息,Resting sitting,scripts/ui/status_panel.gd:176 (共 2 處),
圓體,圓體,Rounded,scripts/ui/ui_fonts.gd:7 (共 3 處),
標楷體,標楷體,Kaiti (Serif),scripts/ui/ui_fonts.gd:7 (共 3 處),
俐方體,俐方體,Cubic-11,scripts/ui/ui_fonts.gd:7 (共 3 處),
先不要,先不要,Not now,scripts/ui/ui_manager.gd:219,
✎ 回答…,✎ 回答…,✎ Answer…,scripts/ui/ui_manager.gd:219,
要計時多久?可以寫「10 分鐘」「90 秒」「1 小時 30 分」「25:00」;只寫數字就是分鐘。,要計時多久?可以寫「10 分鐘」「90 秒」「1 小時 30 分」「25:00」;只寫數字就是分鐘。,"How long should I time? You can write “10 minutes”, “90 seconds”, “1 hour 30 minutes” or “25:00”; a bare number means minutes.",scripts/ui/ui_manager.gd:252,
要計時多久?寫法同左(例如「30 分鐘」「25:00」);留空 = 一直記錄到你叫我停止。,要計時多久?寫法同左(例如「30 分鐘」「25:00」);留空 = 一直記錄到你叫我停止。,"How long should I time? Same format as above (e.g. “30 minutes”, “25:00”); leave empty = keep recording until you tell me to stop.",scripts/ui/ui_manager.gd:252,
10 分鐘,10 分鐘,10 minutes,scripts/ui/ui_manager.gd:253,
我看不懂這個時間耶……可以寫「10 分鐘」「90 秒」或「25:00」。,我看不懂這個時間耶……可以寫「10 分鐘」「90 秒」或「25:00」。,"I can't make sense of that time... you can write “10 minutes”, “90 seconds” or “25:00”.",scripts/ui/ui_manager.gd:263,
"要不要順便設定中途提醒(只響一聲,不會結束計時)?可以寫「每5分鐘」「到10分鐘」,兩種可以一起寫、用逗號隔開;不需要就留空直接送出。","要不要順便設定中途提醒(只響一聲,不會結束計時)?可以寫「每5分鐘」「到10分鐘」,兩種可以一起寫、用逗號隔開;不需要就留空直接送出。","Would you like to also set a mid-way reminder (just plays a sound, doesn't end the timer)? You can write ""every 5 minutes"" or ""at 10 minutes"", or both together separated by a comma; leave it blank and submit if you don't need one.",scripts/ui/ui_manager.gd:268,
"中途提醒的時間我看不懂,先幫你開始計時,不加中途提醒。","中途提醒的時間我看不懂,先幫你開始計時,不加中途提醒。","I couldn't understand that reminder time, so I'll start the timer without a mid-way reminder for now.",scripts/ui/ui_manager.gd:278,
"我已經在計時了,要先停下來才能重新設定。","我已經在計時了,要先停下來才能重新設定。",I'm already timing; stop first before setting it again.,scripts/ui/ui_manager.gd:282,
"有哪些選項?用逗號分隔(例如:拉麵,咖哩,壽司)","有哪些選項?用逗號分隔(例如:拉麵,咖哩,壽司)","What are the options? Separate them with commas (e.g. ramen, curry, sushi)",scripts/ui/ui_manager.gd:289,
至少要給我兩個選項才能抽喔。,至少要給我兩個選項才能抽喔。,You need to give me at least two options to draw from.,scripts/ui/ui_manager.gd:298,
抽到了:[b]%s[/b]!,抽到了:[b]%s[/b]!,Drew: [b]%s[/b]!,scripts/ui/ui_manager.gd:305,
"浮動視窗保持在最上層(此版本暫時停用:跟系統對話框衝突會讓視窗卡死或消失,見下方說明)","浮動視窗保持在最上層(此版本暫時停用:跟系統對話框衝突會讓視窗卡死或消失,見下方說明)","Keep floating windows always on top (temporarily disabled in this version: conflicts with system dialogs and can freeze or hide windows, see below)",scripts/ui/manager/app_settings_tab.gd:201,"已不在程式碼裡(留著以免翻譯白做,確定不要了可以刪掉這一列)"
"已知的 Godot 引擎限制,置頂視窗跟彈出的對話框(確認/取消之類)衝突時會卡死或讓視窗憑空消失。這個版本先強制關閉,浮動視窗被其他程式蓋住時改用系統匣的「浮動視窗重設」拉回來。","已知的 Godot 引擎限制,置頂視窗跟彈出的對話框(確認/取消之類)衝突時會卡死或讓視窗憑空消失。這個版本先強制關閉,浮動視窗被其他程式蓋住時改用系統匣的「浮動視窗重設」拉回來。","A known Godot engine limitation: an always-on-top window conflicts with popup dialogs (confirm/cancel, etc.) and can freeze or make windows vanish. This version forces it off for now; if a floating window gets covered by another program, use the system tray's “Reset floating windows” to bring it back.",scripts/ui/manager/app_settings_tab.gd:204,"已不在程式碼裡(留著以免翻譯白做,確定不要了可以刪掉這一列)"
性格檔(捷徑),性格檔(捷徑),Personality File (Shortcut),scripts/ui/manager/memory_tab.gd:49,"已不在程式碼裡(留著以免翻譯白做,確定不要了可以刪掉這一列)"
跟「性格」分頁裡的匯入/匯出是同一份功能,跟「性格」分頁裡的匯入/匯出是同一份功能,Same feature as the import/export buttons on the Personality tab,scripts/ui/manager/memory_tab.gd:50,"已不在程式碼裡(留著以免翻譯白做,確定不要了可以刪掉這一列)"
"方便從記憶分頁直接匯入/匯出性格檔,不用特地切去「性格」分頁。匯入後切回性格分頁,下拉選單會自動重新整理。","方便從記憶分頁直接匯入/匯出性格檔,不用特地切去「性格」分頁。匯入後切回性格分頁,下拉選單會自動重新整理。","A quick way to import/export a personality file straight from the Memory tab without switching to the Personality tab. After importing, switching to the Personality tab refreshes the dropdown automatically.",scripts/ui/manager/memory_tab.gd:50,"已不在程式碼裡(留著以免翻譯白做,確定不要了可以刪掉這一列)"
"匯出這隻桌寵有哪些動作、數值、狀態鏡、道具、特效、音效,給網頁端積木編輯器的下拉選單用。跟系統匣右鍵選單「導出 Schema…」是同一個功能,這裡放一份方便跟性格/積木檔的匯出放在一起用。","匯出這隻桌寵有哪些動作、數值、狀態鏡、道具、特效、音效,給網頁端積木編輯器的下拉選單用。跟系統匣右鍵選單「導出 Schema…」是同一個功能,這裡放一份方便跟性格/積木檔的匯出放在一起用。","Exports what actions, values, state lenses, props, effects and sounds this pet has, for the dropdown menus in the web block editor. Same feature as “Export Schema…” in the tray right-click menu — this copy just sits next to the personality/logic file export buttons.",scripts/ui/manager/personality_tab.gd:275,"已不在程式碼裡(留著以免翻譯白做,確定不要了可以刪掉這一列)"
"[b]我的戰績[/b]
%s
%s","[b]我的戰績[/b]
%s
%s","[b]My record[/b]
%s
%s",scripts/pet/pet.gd:520,"已不在程式碼裡(留著以免翻譯白做,確定不要了可以刪掉這一列)"
浮動視窗保持在最上層(取消後可能被其他程式蓋住;蓋住時用系統匣的「浮動視窗重設」拉回來),浮動視窗保持在最上層(取消後可能被其他程式蓋住;蓋住時用系統匣的「浮動視窗重設」拉回來),"Keep floating windows on top (if unchecked they may be covered by other programs; when covered, use “Reset Floating Windows” in the tray menu to bring them back)",scripts/ui/manager/app_settings_tab.gd:201,"已不在程式碼裡(留著以免翻譯白做,確定不要了可以刪掉這一列)"
浮動視窗會保持在最上層。,浮動視窗會保持在最上層。,Floating windows will stay on top.,scripts/ui/manager/app_settings_tab.gd:208,"已不在程式碼裡(留著以免翻譯白做,確定不要了可以刪掉這一列)"
浮動視窗不再保持最上層。,浮動視窗不再保持最上層。,Floating windows no longer stay on top.,scripts/ui/manager/app_settings_tab.gd:208,"已不在程式碼裡(留著以免翻譯白做,確定不要了可以刪掉這一列)"
改了就立刻存起來。貼圖(平時的樣子、條件成立時的樣子、以後給桌寵使用時的樣子)在「編輯素材」的精靈圖編輯器裡準備:動作槽 normal / conditional / interacted。,改了就立刻存起來。貼圖(平時的樣子、條件成立時的樣子、以後給桌寵使用時的樣子)在「編輯素材」的精靈圖編輯器裡準備:動作槽 normal / conditional / interacted。,"Changes save instantly. Prepare the sprites (its normal look, its look when the condition is met, and its look when a pet uses it later) in the sprite editor via ""Edit Assets"": the normal / conditional / interacted action slots.",scripts/ui/manager/furniture_window.gd:70,"已不在程式碼裡(留著以免翻譯白做,確定不要了可以刪掉這一列)"
已存檔。,已存檔。,Saved.,scripts/ui/manager/furniture_window.gd:330,"已不在程式碼裡(留著以免翻譯白做,確定不要了可以刪掉這一列)"
%s本體(動作的幀),%s本體(動作的幀),%sBody (the action's frame),scripts/ui/pack_editor/pack_editor_window.gd:2453,"已不在程式碼裡(留著以免翻譯白做,確定不要了可以刪掉這一列)"
坐下休息,坐下休息,Sitting to rest,scripts/logic/interaction_rules.gd:20,"已不在程式碼裡(留著以免翻譯白做,確定不要了可以刪掉這一列)"
跟場上所有桌寵,跟場上所有桌寵,With all pets present,scripts/pet/pet.gd:678,"已不在程式碼裡(留著以免翻譯白做,確定不要了可以刪掉這一列)"
幫我計時…,幫我計時…,Time it for me…,scripts/pet/pet.gd:2203,"已不在程式碼裡(留著以免翻譯白做,確定不要了可以刪掉這一列)"
"計時結束,一共 %s。","計時結束,一共 %s。",Time's up. Total: %s.,scripts/pet/pet_timer.gd:76,"已不在程式碼裡(留著以免翻譯白做,確定不要了可以刪掉這一列)"
計時器取消了(原本剩 %s)。,計時器取消了(原本剩 %s)。,Timer canceled (%s was left).,scripts/pet/pet_timer.gd:78,"已不在程式碼裡(留著以免翻譯白做,確定不要了可以刪掉這一列)"
"計時器,剩 %s(共 %s)%s","計時器,剩 %s(共 %s)%s","Timer, %s left (of %s)%s",scripts/pet/pet_timer.gd:131,"已不在程式碼裡(留著以免翻譯白做,確定不要了可以刪掉這一列)"
"計時,已 %s(記到 %s 提醒)%s","計時,已 %s(記到 %s 提醒)%s","Timing, %s elapsed (reminder at %s)%s",scripts/pet/pet_timer.gd:134,"已不在程式碼裡(留著以免翻譯白做,確定不要了可以刪掉這一列)"
"計時,已 %s%s","計時,已 %s%s","Timing, %s elapsed%s",scripts/pet/pet_timer.gd:135,"已不在程式碼裡(留著以免翻譯白做,確定不要了可以刪掉這一列)"
現在是%s。,現在是%s。,It's %s now.,scripts/pet/pet_timer.gd:163,"已不在程式碼裡(留著以免翻譯白做,確定不要了可以刪掉這一列)"
這句只在這個狀態鏡生效時說;空白 = 任何狀態鏡生效時都可以。,這句只在這個狀態鏡生效時說;空白 = 任何狀態鏡生效時都可以。,This line is only said while this state lens is active; empty = any state lens will do.,scripts/ui/manager/personality_entries_editor.gd:123,"已不在程式碼裡(留著以免翻譯白做,確定不要了可以刪掉這一列)"
"心情偏高(超過「開心門檻」)或偏低(低於「生氣門檻」)時,桌寵會進入哪一個狀態鏡:在這裡指定;不指定就從有勾「可以被心情門檻叫出來」的正面 / 負面狀態鏡裡隨機挑一個。要不要被心情叫出來,在「狀態鏡」分頁每個狀態鏡的勾選項裡設定。心情門檻與起伏程度在下面的參數裡。","心情偏高(超過「開心門檻」)或偏低(低於「生氣門檻」)時,桌寵會進入哪一個狀態鏡:在這裡指定;不指定就從有勾「可以被心情門檻叫出來」的正面 / 負面狀態鏡裡隨機挑一個。要不要被心情叫出來,在「狀態鏡」分頁每個狀態鏡的勾選項裡設定。心情門檻與起伏程度在下面的參數裡。","Which state lens the pet enters when mood is high (above the “happy threshold”) or low (below the “angry threshold”): specify it here; if not specified, one is picked at random from the positive / negative state lenses that have “Can be summoned by mood thresholds” checked. Whether a lens can be summoned by mood is set by the checkbox on each state lens in the “State Lens” tab. The mood thresholds and mood swing amount are in the parameters below.",scripts/ui/manager/personality_tab.gd:93,"已不在程式碼裡(留著以免翻譯白做,確定不要了可以刪掉這一列)"
心情低時:,心情低時:,When mood is low:,scripts/ui/manager/personality_tab.gd:97,"已不在程式碼裡(留著以免翻譯白做,確定不要了可以刪掉這一列)"
心情高時:,心情高時:,When mood is high:,scripts/ui/manager/personality_tab.gd:97,"已不在程式碼裡(留著以免翻譯白做,確定不要了可以刪掉這一列)"
(隨機一個負面狀態鏡),(隨機一個負面狀態鏡),(a random negative state lens),scripts/ui/manager/personality_tab.gd:340,"已不在程式碼裡(留著以免翻譯白做,確定不要了可以刪掉這一列)"
(隨機一個正面狀態鏡),(隨機一個正面狀態鏡),(a random positive state lens),scripts/ui/manager/personality_tab.gd:340,"已不在程式碼裡(留著以免翻譯白做,確定不要了可以刪掉這一列)"
"道具被拾取或摩擦時,啟用或解除某個狀態鏡,例如聖誕帽:啟用「聖誕節模式」。狀態鏡名稱要和桌寵的狀態鏡一樣。","道具被拾取或摩擦時,啟用或解除某個狀態鏡,例如聖誕帽:啟用「聖誕節模式」。狀態鏡名稱要和桌寵的狀態鏡一樣。","When the prop is picked up or rubbed, activate or release a state lens, e.g. Santa hat: activate “Christmas Mode”. The state lens name must match the pet's state lens.",scripts/ui/manager/props_window.gd:262,"已不在程式碼裡(留著以免翻譯白做,確定不要了可以刪掉這一列)"
"每個特效可以個別設定:單色、雙色(每顆粒子隨機取兩色之一,火苗是外焰/內焰)、單色漸層、雙色漸層、彩虹色調。大小是依角色身高換算倍率;密度只對會發射很多顆的特效有意義;殘影用暫留時長與拖尾間距。","每個特效可以個別設定:單色、雙色(每顆粒子隨機取兩色之一,火苗是外焰/內焰)、單色漸層、雙色漸層、彩虹色調。大小是依角色身高換算倍率;密度只對會發射很多顆的特效有意義;殘影用暫留時長與拖尾間距。","Each effect can be set individually: single color, two colors (each particle randomly takes one of the two colors; for flames it's outer/inner flame), single-color gradient, two-color gradient, rainbow tint. Size is a multiplier scaled by the character's height; density only matters for effects that emit many particles; afterimages use lifetime and trail spacing.",scripts/ui/manager/style_editor_tab.gd:325,"已不在程式碼裡(留著以免翻譯白做,確定不要了可以刪掉這一列)"
使用者的稱呼(詢問使用者文字存成 nickname 的那個;沒有就是「你」),使用者的稱呼(詢問使用者文字存成 nickname 的那個;沒有就是「你」),"The user's form of address (the one saved from asking the user for text as nickname; if none, “you”)",scripts/ui/manager/syntax_dictionary.gd:32,"已不在程式碼裡(留著以免翻譯白做,確定不要了可以刪掉這一列)"
"使用者的稱呼,沒有稱呼時顯示「朋友」","使用者的稱呼,沒有稱呼時顯示「朋友」",The user's form of address; shows “friend” when there is none,scripts/ui/manager/syntax_dictionary.gd:33,"已不在程式碼裡(留著以免翻譯白做,確定不要了可以刪掉這一列)"
"至少要留下一幀(整個動作要刪掉的話,請從素材包資料夾移除它的圖片)","至少要留下一幀(整個動作要刪掉的話,請從素材包資料夾移除它的圖片)","At least one frame must remain (to delete the whole action, remove its images from the asset pack folder)",scripts/ui/pack_editor/pack_editor_model.gd:520,"已不在程式碼裡(留著以免翻譯白做,確定不要了可以刪掉這一列)"
"找出匯入時複製進素材包、但已經沒有任何動作或配件在用的圖檔,確認後搬到備份資料夾(不直接刪)。","找出匯入時複製進素材包、但已經沒有任何動作或配件在用的圖檔,確認後搬到備份資料夾(不直接刪)。","Finds image files that were copied into the asset pack on import but are no longer used by any action or accessory, and after confirmation moves them to the backup folder (not deleted directly).",scripts/ui/pack_editor/pack_editor_window.gd:244,"已不在程式碼裡(留著以免翻譯白做,確定不要了可以刪掉這一列)"
"播放速度:這個動作每秒播幾幀。循環方式:
・整段循環:從第一幀播到最後一幀,再回到第一幀(預設)。
・從指定幀循環:第一次從第 0 幀播到「循環終點」幀,之後每次都從「循環起點」幀接回來,只在起點~終點之間循環(例如 2~4:0 1 2 3 4 2 3 4 2 3 4…;終點之後的幀不會播)。
・播一次,停在指定幀:播到那一幀就停住,直到動作被切換(例如坐下做好後不再動)。
幀編號就是幀清單縮圖上的數字。設定只影響遊戲裡的播放,預覽動畫也會照這個播。","播放速度:這個動作每秒播幾幀。循環方式:
・整段循環:從第一幀播到最後一幀,再回到第一幀(預設)。
・從指定幀循環:第一次從第 0 幀播到「循環終點」幀,之後每次都從「循環起點」幀接回來,只在起點~終點之間循環(例如 2~4:0 1 2 3 4 2 3 4 2 3 4…;終點之後的幀不會播)。
・播一次,停在指定幀:播到那一幀就停住,直到動作被切換(例如坐下做好後不再動)。
幀編號就是幀清單縮圖上的數字。設定只影響遊戲裡的播放,預覽動畫也會照這個播。","Playback speed: how many frames per second this action plays. Loop mode:
・Loop entire sequence: plays from the first frame to the last, then back to the first (default).
・Loop from a chosen frame: the first time plays from frame 0 to the “loop end” frame, and every time after that it jumps back to the “loop start” frame, looping only between start and end (e.g. 2~4: 0 1 2 3 4 2 3 4 2 3 4…; frames after the end are not played).
・Play once, stop at a chosen frame: plays up to that frame and holds until the action is switched (e.g. stays still after finishing a sit-down).
Frame numbers are the numbers on the frame list thumbnails. Settings only affect playback in the game, and the preview animation also plays this way.",scripts/ui/pack_editor/pack_editor_window.gd:295,"已不在程式碼裡(留著以免翻譯白做,確定不要了可以刪掉這一列)"
整個光源(預設位置),整個光源(預設位置),Whole light (default position),scripts/ui/pack_editor/pack_editor_window.gd:1328,"已不在程式碼裡(留著以免翻譯白做,確定不要了可以刪掉這一列)"
"動作專屬發光錨點:拖曳畫布或改下面座標時,寫進哪一層。整個光源共用一個位置;或只改目前動作(例如舉手的動作,光跟到手上);或只改目前這一幀(眼睛只在某幾幀發亮)。執行時優先順序:這一幀 > 這個動作 > 整個光源。要讓光只在某個動作亮,用下面的「只在這個動作亮」。","動作專屬發光錨點:拖曳畫布或改下面座標時,寫進哪一層。整個光源共用一個位置;或只改目前動作(例如舉手的動作,光跟到手上);或只改目前這一幀(眼睛只在某幾幀發亮)。執行時優先順序:這一幀 > 這個動作 > 整個光源。要讓光只在某個動作亮,用下面的「只在這個動作亮」。","Per-action glow anchor: which level to write to when you drag on the canvas or change the coordinates below. The whole light shares one position; or change only the current action (e.g. a hand-raising action, where the light follows the hand); or change only the current frame (eyes glow only on certain frames). Priority at runtime: this frame > this action > the whole light. To make the light glow only during a certain action, use “Lit only during this action” below.",scripts/ui/pack_editor/pack_editor_window.gd:1330,"已不在程式碼裡(留著以免翻譯白做,確定不要了可以刪掉這一列)"
整個光源的預設位置,整個光源的預設位置,The whole light's default position,scripts/ui/pack_editor/pack_editor_window.gd:2020,"已不在程式碼裡(留著以免翻譯白做,確定不要了可以刪掉這一列)"
筆記本(預設),筆記本(預設),Notebook (default),scripts/ui/manager/app_settings.gd:18,"已不在程式碼裡(留著以免翻譯白做,確定不要了可以刪掉這一列)"
抹茶紅豆,抹茶紅豆,Matcha Red Bean,scripts/ui/manager/app_settings.gd:22,"已不在程式碼裡(留著以免翻譯白做,確定不要了可以刪掉這一列)"
深色,深色,Dark,scripts/ui/manager/app_settings.gd:25,"已不在程式碼裡(留著以免翻譯白做,確定不要了可以刪掉這一列)"
淺色,淺色,Light,scripts/ui/manager/app_settings.gd:26,"已不在程式碼裡(留著以免翻譯白做,確定不要了可以刪掉這一列)"
午夜藍紫,午夜藍紫,Midnight Blue-Violet,scripts/ui/manager/app_settings.gd:28,"已不在程式碼裡(留著以免翻譯白做,確定不要了可以刪掉這一列)"
深色(預設),深色(預設),Dark (default),scripts/ui/manager/app_settings.gd:18,"已不在程式碼裡(留著以免翻譯白做,確定不要了可以刪掉這一列)"
已還原預設外觀(深色、黑體、%d 號字)。,已還原預設外觀(深色、黑體、%d 號字)。,"Default appearance restored (Dark, Sans-serif, font size %d).",scripts/ui/manager/app_settings_tab.gd:356,"已不在程式碼裡(留著以免翻譯白做,確定不要了可以刪掉這一列)"
"要把這隻角色的「%s」%s重設成共用的原版嗎?
這隻角色改過的台詞與參數設定會消失(已經套用在桌寵身上的參數不會變,要再按「套用」才會換成原版的值)。","要把這隻角色的「%s」%s重設成共用的原版嗎?
這隻角色改過的台詞與參數設定會消失(已經套用在桌寵身上的參數不會變,要再按「套用」才會換成原版的值)。","Reset this character's “%s”%s to the shared original?
The lines and parameter settings modified for this character will be lost (parameters already applied to the pet won't change; press “Apply” again for the original's values to take effect).",scripts/ui/manager/personality_tab.gd:652,"已不在程式碼裡(留著以免翻譯白做,確定不要了可以刪掉這一列)"
已把這隻角色的「%s」重設成原版。,已把這隻角色的「%s」重設成原版。,Reset this character's “%s” to the original.,scripts/ui/manager/personality_tab.gd:661,"已不在程式碼裡(留著以免翻譯白做,確定不要了可以刪掉這一列)"
角色身上的配件:一到多張圖(多張會循環)、錨點(相對腳底軸心、縮放前像素)、圖層、縮放、在哪些動作顯示。種類「配件」會出現在桌寵右鍵選單的「變更配件」(可以個別開關);「眨眼」「說話」是差分:眨眼隨機短暫出現、說話在打字機說話時顯示。上面「模式」選「調整配件位置」可以直接在畫布上拖曳錨點。存檔會寫進素材包的 overlays.json。最多 %d 個。,角色身上的配件:一到多張圖(多張會循環)、錨點(相對腳底軸心、縮放前像素)、圖層、縮放、在哪些動作顯示。種類「配件」會出現在桌寵右鍵選單的「變更配件」(可以個別開關);「眨眼」「說話」是差分:眨眼隨機短暫出現、說話在打字機說話時顯示。上面「模式」選「調整配件位置」可以直接在畫布上拖曳錨點。存檔會寫進素材包的 overlays.json。最多 %d 個。,"Accessories on the character: one or more images (multiple loop), anchor (relative to the feet pivot, pre-scale pixels), layer, scale, and which actions it is shown in. The “Accessory” type appears in the pet's right-click menu under “Change accessories” (each can be toggled individually); “Blink” and “Speech” are variants: blink appears briefly at random, speech is shown while the typewriter speaks. After choosing “Adjust accessory position” under “Mode” above, you can drag the anchor directly on the canvas. Saving writes to the asset pack's overlays.json. Up to %d.",scripts/ui/pack_editor/pack_editor_window.gd:1339,"已不在程式碼裡(留著以免翻譯白做,確定不要了可以刪掉這一列)"
